timestamp_utc,run_id,pg_version,query,idle_s,idle_pkg_w,idle_core_w,idle_gpu_w,idle_dram_w,pkg_temp_mean_c,mhz_mean
2026-10-04T16:18:42Z,7B683DD5C7FE6C90,18.6,queries/stackoverflow/SQLStorm/5502.sql,5.002,0.437,0.081,0.000,0.257,36.88,589
2026-10-04T16:19:04Z,63E4A72B471310F9,18.6,queries/stackoverflow/SQLStorm/7612.sql,5.002,0.434,0.081,0.000,0.255,38.80,705
2026-10-04T16:19:30Z,1CF4CCA6C496EAA6,18.6,queries/stackoverflow/SQLStorm/16399.sql,5.001,0.424,0.073,0.000,0.256,42.32,663
2026-10-04T16:19:41Z,BE1EAD298F4DE069,18.6,queries/stackoverflow/SQLStorm/20804.sql,5.002,0.449,0.092,0.000,0.257,41.84,604
2026-10-04T16:20:05Z,A7FDFF1BC0598473,18.6,queries/stackoverflow/SQLStorm/21497.sql,5.001,0.464,0.084,0.000,0.256,42.48,677
2026-10-04T16:20:30Z,DA389DA946AD1DC2,18.6,compare/probes/probe_cpu.sql,5.002,1.130,0.562,0.000,0.273,44.20,818
2026-10-04T16:21:11Z,A1D7B64F333879E1,18.6,queries/stackoverflow/SQLStorm/8072.sql,5.001,0.443,0.087,0.000,0.256,44.48,662
2026-10-04T16:22:01Z,4F7F8F8A5D5F708A,18.6,queries/stackoverflow/SQLStorm/21884.sql,5.001,0.421,0.068,0.000,0.256,47.84,714
2026-10-04T16:22:21Z,EA59BF99DD0A35CC,18.6,queries/stackoverflow/SQLStorm/4452.sql,5.001,0.473,0.090,0.000,0.257,47.56,652
2026-10-04T16:22:34Z,35A7C595B5356E83,18.6,queries/stackoverflow/SQLStorm/16308.sql,5.001,0.430,0.073,0.000,0.257,47.76,639
2026-10-04T16:22:55Z,73377735EAA1EBCC,18.6,queries/stackoverflow/SQLStorm/25357.sql,5.001,0.440,0.087,0.000,0.258,47.80,639
2026-10-04T16:23:47Z,9F46FAA2CA112D32,18.6,queries/stackoverflow/SQLStorm/16363.sql,5.002,0.437,0.075,0.000,0.256,49.44,565
2026-10-04T16:24:43Z,0B1D68699358E6D4,18.6,queries/stackoverflow/SQLStorm/11471.sql,5.001,0.452,0.077,0.000,0.256,52.88,704
2026-10-04T16:25:24Z,B6DFDA152BDD62BE,18.6,compare/probes/probe_hash.sql,5.001,0.479,0.096,0.000,0.256,50.96,662
2026-10-04T16:25:59Z,EA7D314F187BE2A9,18.6,queries/stackoverflow/SQLStorm/10646.sql,5.001,0.451,0.070,0.000,0.256,54.20,521
2026-10-04T16:26:12Z,693C6954B99BFE86,18.6,queries/stackoverflow/SQLStorm/2764.sql,5.002,0.438,0.065,0.000,0.255,52.32,772
2026-10-04T16:26:29Z,93D1B7DEBBC675FB,18.6,queries/stackoverflow/SQLStorm/9509.sql,5.001,0.456,0.072,0.000,0.257,51.20,724
2026-10-04T16:26:52Z,ACB590643B4827FF,18.6,queries/stackoverflow/SQLStorm/11473.sql,5.001,0.488,0.093,0.000,0.256,48.76,766
2026-10-04T16:27:02Z,D48F1A7B2C98D828,18.6,queries/stackoverflow/SQLStorm/6651.sql,5.001,0.520,0.104,0.000,0.256,49.20,699
2026-10-04T16:27:15Z,034C1F0AB99D7D0E,18.6,queries/stackoverflow/SQLStorm/22494.sql,5.002,0.422,0.060,0.000,0.257,48.60,677
2026-10-04T16:27:45Z,9CBA442F3D295CAA,18.6,queries/stackoverflow/SQLStorm/3090.sql,5.001,0.437,0.070,0.000,0.256,48.92,641
2026-10-04T16:28:17Z,3252E7D14ECA8312,18.6,compare/probes/probe_scan.sql,5.002,0.448,0.078,0.000,0.257,52.88,574
2026-10-04T16:29:26Z,C921F96E0FBFDA3B,18.6,queries/stackoverflow/SQLStorm/13186.sql,5.001,0.480,0.086,0.000,0.257,57.16,709
2026-10-04T16:30:52Z,BD00E1210D31F2B8,18.6,queries/stackoverflow/SQLStorm/1959.sql,5.002,0.480,0.089,0.000,0.255,49.96,651
2026-10-04T16:31:37Z,93C018048E47D049,18.6,queries/stackoverflow/SQLStorm/11397.sql,5.002,0.422,0.061,0.000,0.254,50.92,606
2026-10-04T16:32:12Z,69EF4A0FF76DBEA8,18.6,queries/stackoverflow/SQLStorm/15173.sql,5.001,0.453,0.077,0.000,0.255,51.80,694
2026-10-04T16:32:37Z,03337BD57577B56D,18.6,queries/stackoverflow/SQLStorm/13737.sql,5.002,0.451,0.065,0.000,0.257,51.80,662
2026-10-04T16:33:00Z,6CDC9572AD9FD5B5,18.6,queries/stackoverflow/SQLStorm/32661.sql,5.001,0.491,0.085,0.000,0.257,52.20,627
2026-10-04T16:34:29Z,043EBCA9437113AB,18.6,compare/probes/probe_sort.sql,5.002,0.447,0.073,0.000,0.256,52.00,720
2026-10-04T16:35:10Z,36CCC45603445788,18.6,queries/stackoverflow/SQLStorm/14349.sql,5.001,0.458,0.086,0.000,0.256,51.00,678
2026-10-04T16:36:14Z,079DFE62E009A909,18.6,queries/stackoverflow/SQLStorm/7184.sql,5.001,0.466,0.077,0.000,0.257,51.76,673
2026-10-04T16:36:26Z,5810E3BC1A522732,18.6,queries/stackoverflow/SQLStorm/10937.sql,5.002,0.501,0.085,0.000,0.256,50.20,650
2026-10-04T16:36:39Z,69595707B8C6D0A8,18.6,queries/stackoverflow/SQLStorm/14843.sql,5.000,0.459,0.070,0.000,0.256,51.24,702
2026-10-04T16:36:56Z,40C5B3EFA3109350,18.6,queries/stackoverflow/SQLStorm/12128.sql,5.002,0.533,0.100,0.000,0.258,50.80,712
2026-10-04T16:38:03Z,96F2D9102D202CD4,18.6,queries/stackoverflow/SQLStorm/1255.sql,5.001,0.508,0.089,0.000,0.257,51.76,657
2026-10-04T16:38:19Z,E19EC3A838229183,18.6,queries/stackoverflow/SQLStorm/16378.sql,5.001,0.468,0.073,0.000,0.255,51.48,764
2026-10-04T16:38:39Z,CA6468B02B541B73,18.6,queries/stackoverflow/SQLStorm/2863.sql,5.001,0.435,0.067,0.000,0.255,50.24,671
2026-10-04T16:39:11Z,167B61A5D94EA124,18.6,queries/stackoverflow/SQLStorm/11124.sql,5.001,0.520,0.088,0.000,0.257,50.52,757
2026-10-04T16:39:30Z,B936C0402C3AA9B6,18.6,queries/stackoverflow/SQLStorm/14510.sql,5.001,0.489,0.092,0.000,0.256,52.04,648
2026-10-04T16:40:48Z,0D695F2AEB190346,18.6,queries/stackoverflow/SQLStorm/13512.sql,5.002,0.458,0.075,0.000,0.257,58.56,682
2026-10-04T16:42:37Z,85573B2B9BABBF8B,18.6,queries/stackoverflow/SQLStorm/12477.sql,5.001,0.482,0.083,0.000,0.256,52.20,658
2026-10-04T16:43:33Z,F19E6812B67967A9,18.6,queries/stackoverflow/SQLStorm/20426.sql,5.001,0.464,0.087,0.000,0.257,49.20,690
2026-10-04T16:44:44Z,F2FDF8CB4B9419AF,18.6,queries/stackoverflow/SQLStorm/6957.sql,5.002,0.509,0.086,0.000,0.256,53.00,736
2026-10-04T16:45:04Z,4566E49A70CC7A58,18.6,queries/stackoverflow/SQLStorm/7046.sql,5.002,0.492,0.081,0.000,0.257,53.92,600
2026-10-04T16:45:52Z,0B73BCA3B983C911,18.6,queries/stackoverflow/SQLStorm/13330.sql,5.000,0.477,0.078,0.000,0.256,53.88,684
2026-10-04T16:46:04Z,F71E6BF3F3D7AD3B,18.6,queries/stackoverflow/SQLStorm/2243.sql,5.002,0.488,0.078,0.000,0.257,52.68,652
2026-10-04T16:46:38Z,F8328E303DDB01EB,18.6,queries/stackoverflow/SQLStorm/13386.sql,5.001,0.453,0.080,0.000,0.255,53.08,702
2026-10-04T16:47:16Z,2DAE587C8CCE202E,18.6,queries/stackoverflow/SQLStorm/14978.sql,5.001,0.466,0.075,0.000,0.256,51.72,670
2026-10-04T16:47:27Z,C9B9C8099E58C63E,18.6,queries/stackoverflow/SQLStorm/17234.sql,5.002,0.520,0.092,0.000,0.257,51.72,737
2026-10-04T16:47:47Z,F2D57D9FA4B5EA6B,18.6,queries/stackoverflow/SQLStorm/28796.sql,5.001,0.464,0.075,0.000,0.257,52.20,621
2026-10-04T16:48:32Z,5A8E079D90BD89CF,18.6,queries/stackoverflow/SQLStorm/32216.sql,5.001,0.497,0.092,0.000,0.258,53.40,712
2026-10-04T16:49:52Z,4A9D1EC86E6B8660,18.6,queries/stackoverflow/SQLStorm/25154.sql,5.002,0.483,0.092,0.000,0.256,53.56,690
2026-10-04T16:50:51Z,3C8DBE4F8C372378,18.6,queries/stackoverflow/SQLStorm/24751.sql,5.001,0.471,0.082,0.000,0.255,52.80,690
2026-10-04T16:51:12Z,9D251F4D65FEFDAF,18.6,queries/stackoverflow/SQLStorm/11211.sql,5.001,0.473,0.090,0.000,0.258,54.76,699
2026-10-04T16:52:25Z,171A70F565D67C91,18.6,queries/stackoverflow/SQLStorm/10646.sql,5.002,0.517,0.093,0.000,0.258,55.64,734
2026-10-04T16:52:42Z,BB61719DE0EEC3CD,18.6,queries/stackoverflow/SQLStorm/12477.sql,5.000,0.513,0.098,0.000,0.256,54.48,731
2026-10-04T16:53:30Z,95DFD93546D4A5C0,18.6,queries/stackoverflow/SQLStorm/6651.sql,5.001,0.437,0.062,0.000,0.255,53.16,704
2026-10-04T16:53:41Z,4B4D07935AC21F00,18.6,queries/stackoverflow/SQLStorm/5502.sql,5.001,0.481,0.087,0.000,0.256,52.28,619
2026-10-04T16:54:01Z,B97DA667958F508D,18.6,queries/stackoverflow/SQLStorm/13330.sql,5.001,0.500,0.087,0.000,0.258,51.72,656
2026-10-04T16:54:18Z,77DCC4CE085D4067,18.6,queries/stackoverflow/SQLStorm/14510.sql,5.001,0.454,0.085,0.000,0.256,52.80,661
2026-10-04T16:55:26Z,C7A30AD14D04881C,18.6,queries/stackoverflow/SQLStorm/7612.sql,5.001,0.481,0.097,0.000,0.257,55.40,628
2026-10-04T16:55:52Z,D2ABD583E5B2CEAD,18.6,queries/stackoverflow/SQLStorm/7184.sql,5.001,0.480,0.089,0.000,0.255,52.60,724
2026-10-04T16:56:06Z,7D45A3BE3A573770,18.6,compare/probes/probe_sort.sql,5.001,0.448,0.078,0.000,0.255,50.44,694
2026-10-04T16:56:43Z,79777F6012FE5587,18.6,queries/stackoverflow/SQLStorm/3090.sql,5.001,0.475,0.087,0.000,0.256,48.84,731
2026-10-04T16:57:11Z,A364B9D66E39D4EE,18.6,queries/stackoverflow/SQLStorm/22494.sql,5.000,0.439,0.079,0.000,0.255,50.00,654
2026-10-04T16:57:43Z,44C79ADFE52D112E,18.6,queries/stackoverflow/SQLStorm/13386.sql,5.001,0.467,0.087,0.000,0.256,51.88,709
2026-10-04T16:58:22Z,F994E1ACDB33B640,18.6,queries/stackoverflow/SQLStorm/17234.sql,5.001,0.474,0.078,0.000,0.256,51.56,727
2026-10-04T16:58:38Z,278C88349EE6F372,18.6,queries/stackoverflow/SQLStorm/16399.sql,5.001,0.459,0.080,0.000,0.256,50.24,660
2026-10-04T16:58:49Z,E4BF2012F7D05AA2,18.6,queries/stackoverflow/SQLStorm/2764.sql,5.001,0.431,0.066,0.000,0.255,50.12,663
2026-10-04T16:59:08Z,895518BFF9E9E2EE,18.6,queries/stackoverflow/SQLStorm/11397.sql,5.001,0.462,0.093,0.000,0.255,50.68,647
2026-10-04T16:59:46Z,FFA80D85015C10E8,18.6,queries/stackoverflow/SQLStorm/7046.sql,5.001,0.463,0.088,0.000,0.256,52.96,693
2026-10-04T17:00:33Z,0B523108D218BFAA,18.6,queries/stackoverflow/SQLStorm/13737.sql,5.001,0.483,0.081,0.000,0.257,55.16,749
2026-10-04T17:00:47Z,C301A4FF59DD0250,18.6,queries/stackoverflow/SQLStorm/16378.sql,5.002,0.468,0.075,0.000,0.257,54.48,648
2026-10-04T17:01:11Z,25CB9EE0590123DF,18.6,queries/stackoverflow/SQLStorm/11211.sql,5.001,0.495,0.101,0.000,0.257,54.96,597
2026-10-04T17:02:28Z,1CC7DB2D21E5E86E,18.6,queries/stackoverflow/SQLStorm/16363.sql,5.001,0.471,0.072,0.000,0.257,58.44,681
2026-10-04T17:03:27Z,52DE1CA8AE866258,18.6,queries/stackoverflow/SQLStorm/25154.sql,5.002,0.475,0.091,0.000,0.255,54.76,643
2026-10-04T17:04:28Z,DC00F4CE705116BF,18.6,queries/stackoverflow/SQLStorm/21497.sql,5.000,0.453,0.071,0.000,0.256,50.20,648
2026-10-04T17:04:59Z,AABE9D10CDCC0747,18.6,queries/stackoverflow/SQLStorm/13186.sql,5.001,0.574,0.119,0.000,0.260,50.60,729
2026-10-04T17:06:28Z,1C941F54EC844393,18.6,queries/stackoverflow/SQLStorm/32216.sql,5.001,0.508,0.096,0.000,0.258,50.60,672
2026-10-04T17:07:43Z,DF60938F0B94ECE4,18.6,queries/stackoverflow/SQLStorm/6957.sql,5.001,0.499,0.086,0.000,0.257,51.88,696
2026-10-04T17:08:03Z,FF503F1313206496,18.6,queries/stackoverflow/SQLStorm/8072.sql,5.002,0.489,0.076,0.000,0.258,52.96,588
2026-10-04T17:09:05Z,5D57D039C1F72897,18.6,queries/stackoverflow/SQLStorm/13512.sql,5.002,0.491,0.086,0.000,0.256,55.20,620
2026-10-04T17:10:49Z,EDC36225F86DAC4F,18.6,queries/stackoverflow/SQLStorm/14843.sql,5.001,0.517,0.099,0.000,0.256,52.80,715
2026-10-04T17:11:08Z,D243EE2E0722C136,18.6,queries/stackoverflow/SQLStorm/20426.sql,5.001,0.496,0.100,0.000,0.257,51.36,700
2026-10-04T17:12:20Z,68C18B486038B705,18.6,compare/probes/probe_cpu.sql,5.001,0.454,0.079,0.000,0.256,49.16,717
2026-10-04T17:12:56Z,64C4497E5F6781DF,18.6,queries/stackoverflow/SQLStorm/4452.sql,5.001,0.537,0.106,0.000,0.257,50.24,670
2026-10-04T17:13:10Z,D8C64064263812A8,18.6,queries/stackoverflow/SQLStorm/16308.sql,5.002,0.499,0.091,0.000,0.256,51.20,687
2026-10-04T17:13:26Z,9EDB01BB77227ECC,18.6,queries/stackoverflow/SQLStorm/9509.sql,5.000,0.509,0.093,0.000,0.256,52.44,689
2026-10-04T17:13:50Z,29AE1EEAC149E900,18.6,queries/stackoverflow/SQLStorm/20804.sql,5.001,0.471,0.082,0.000,0.255,52.04,626
2026-10-04T17:14:16Z,62CAF53BCD095313,18.6,queries/stackoverflow/SQLStorm/28796.sql,5.001,0.438,0.071,0.000,0.255,52.76,587
2026-10-04T17:14:53Z,E456ADF80A3EFDF1,18.6,queries/stackoverflow/SQLStorm/10937.sql,5.002,0.463,0.078,0.000,0.256,53.00,614
2026-10-04T17:15:14Z,480520AFD987AC24,18.6,queries/stackoverflow/SQLStorm/12128.sql,5.002,0.438,0.076,0.000,0.255,53.60,604
2026-10-04T17:16:26Z,45B07ADD5FEEB140,18.6,queries/stackoverflow/SQLStorm/14349.sql,5.001,0.507,0.105,0.000,0.257,53.40,646
2026-10-04T17:17:31Z,ADB42F4C92D2CC62,18.6,queries/stackoverflow/SQLStorm/21884.sql,5.001,0.478,0.082,0.000,0.255,56.36,693
2026-10-04T17:17:55Z,0B40A91A4BCBF4A3,18.6,queries/stackoverflow/SQLStorm/25357.sql,5.001,0.517,0.099,0.000,0.257,56.16,710
2026-10-04T17:18:46Z,257F37968243F044,18.6,queries/stackoverflow/SQLStorm/2863.sql,5.002,0.449,0.077,0.000,0.256,55.32,638
2026-10-04T17:19:18Z,A400802FA7A0F3F7,18.6,queries/stackoverflow/SQLStorm/24751.sql,5.002,0.457,0.081,0.000,0.255,54.20,576
2026-10-04T17:19:35Z,70ECDD6824796BBE,18.6,compare/probes/probe_hash.sql,5.002,0.445,0.079,0.000,0.255,54.80,672
2026-10-04T17:20:12Z,F3A6BFE2D4FCFC1B,18.6,queries/stackoverflow/SQLStorm/11473.sql,5.001,0.482,0.091,0.000,0.256,56.56,753
2026-10-04T17:20:23Z,35FD44746991BDDB,18.6,queries/stackoverflow/SQLStorm/11124.sql,5.002,0.504,0.091,0.000,0.256,54.16,741
2026-10-04T17:20:37Z,0B565ACFEA6F2B11,18.6,queries/stackoverflow/SQLStorm/2243.sql,5.001,0.447,0.081,0.000,0.255,52.44,655
2026-10-04T17:21:09Z,D5BB2C209EC3E90C,18.6,queries/stackoverflow/SQLStorm/15173.sql,5.001,0.475,0.088,0.000,0.256,50.60,685
2026-10-04T17:21:37Z,9E4E14796643702F,18.6,queries/stackoverflow/SQLStorm/11471.sql,5.000,0.429,0.066,0.000,0.256,49.48,630
2026-10-04T17:22:14Z,C39E04664F41BD9F,18.6,queries/stackoverflow/SQLStorm/14978.sql,5.002,0.469,0.084,0.000,0.257,51.04,709
2026-10-04T17:22:29Z,ED6895BD62C9AEFC,18.6,queries/stackoverflow/SQLStorm/1959.sql,5.001,0.466,0.086,0.000,0.256,51.60,588
2026-10-04T17:23:17Z,5F7D56B3014C44B8,18.6,compare/probes/probe_scan.sql,5.001,0.453,0.076,0.000,0.256,56.20,645
2026-10-04T17:24:16Z,E2547D9FCA6F3D5E,18.6,queries/stackoverflow/SQLStorm/1255.sql,5.002,0.465,0.072,0.000,0.258,59.08,662
2026-10-04T17:24:40Z,E3E244B8D9564EC4,18.6,queries/stackoverflow/SQLStorm/32661.sql,5.001,0.481,0.081,0.000,0.257,53.68,594
2026-10-04T17:26:06Z,11FD62165B9E3634,18.6,queries/stackoverflow/SQLStorm/1255.sql,5.002,0.473,0.079,0.000,0.258,49.88,631
2026-10-04T17:26:25Z,98DC267A8984052E,18.6,queries/stackoverflow/SQLStorm/13386.sql,5.001,0.496,0.107,0.000,0.257,49.40,778
2026-10-04T17:27:05Z,1388853F053B23B5,18.6,queries/stackoverflow/SQLStorm/3090.sql,5.001,0.497,0.079,0.000,0.256,50.80,620
2026-10-04T17:27:32Z,693F0FF9C63FBA42,18.6,queries/stackoverflow/SQLStorm/21884.sql,5.001,0.448,0.068,0.000,0.255,52.60,600
2026-10-04T17:27:56Z,B4165969DAA5479C,18.6,queries/stackoverflow/SQLStorm/8072.sql,5.002,0.496,0.093,0.000,0.256,54.12,668
2026-10-04T17:28:46Z,DD01E78D76CFCC56,18.6,queries/stackoverflow/SQLStorm/14978.sql,5.001,0.498,0.095,0.000,0.256,54.44,695
2026-10-04T17:29:05Z,7A4D381BBB380428,18.6,queries/stackoverflow/SQLStorm/20426.sql,5.001,0.514,0.096,0.000,0.257,55.24,670
2026-10-04T17:30:15Z,8B75E85EC42DBB3F,18.6,queries/stackoverflow/SQLStorm/2764.sql,5.001,0.446,0.067,0.000,0.255,55.28,660
2026-10-04T17:30:36Z,2285DF30019E8F78,18.6,queries/stackoverflow/SQLStorm/7046.sql,5.001,0.450,0.084,0.000,0.255,54.72,607
2026-10-04T17:31:26Z,42EB5F2330EC9BBF,18.6,queries/stackoverflow/SQLStorm/28796.sql,5.001,0.530,0.106,0.000,0.259,56.60,729
2026-10-04T17:32:03Z,22E4E25D066E8D24,18.6,queries/stackoverflow/SQLStorm/13330.sql,5.001,0.533,0.100,0.000,0.258,55.12,802
2026-10-04T17:32:13Z,4D18096DBA24A5C4,18.6,queries/stackoverflow/SQLStorm/6651.sql,5.001,0.455,0.070,0.000,0.256,54.32,690
2026-10-04T17:32:33Z,88BD754DC92B59F2,18.6,queries/stackoverflow/SQLStorm/32661.sql,5.001,0.481,0.086,0.000,0.256,54.68,678
2026-10-04T17:34:01Z,2AB121780AD6D7FA,18.6,compare/probes/probe_sort.sql,5.000,0.515,0.095,0.000,0.257,55.28,611
2026-10-04T17:34:39Z,877D63B18241B749,18.6,compare/probes/probe_cpu.sql,5.001,0.454,0.077,0.000,0.255,54.36,680
2026-10-04T17:35:19Z,B1361DCD5A6D6554,18.6,queries/stackoverflow/SQLStorm/25357.sql,5.001,0.435,0.074,0.000,0.255,54.72,631
2026-10-04T17:36:06Z,3AE339BF76C05C6D,18.6,queries/stackoverflow/SQLStorm/14843.sql,5.002,0.494,0.085,0.000,0.256,54.76,771
2026-10-04T17:36:17Z,1EEF4B45412E3A5E,18.6,queries/stackoverflow/SQLStorm/11124.sql,5.002,0.472,0.078,0.000,0.256,53.36,641
2026-10-04T17:36:29Z,81913A357B0A5B34,18.6,queries/stackoverflow/SQLStorm/20804.sql,5.001,0.465,0.079,0.000,0.255,53.68,652
2026-10-04T17:36:54Z,754718F1FB1EDEB8,18.6,queries/stackoverflow/SQLStorm/2863.sql,5.002,0.480,0.078,0.000,0.257,54.04,660
2026-10-04T17:37:33Z,8E6EBD7F33E401E9,18.6,queries/stackoverflow/SQLStorm/14510.sql,5.001,0.500,0.090,0.000,0.257,54.84,784
2026-10-04T17:38:42Z,CB73617F0DDB05C4,18.6,queries/stackoverflow/SQLStorm/22494.sql,5.001,0.471,0.085,0.000,0.256,54.80,616
2026-10-04T17:39:10Z,C367533EA21391CB,18.6,queries/stackoverflow/SQLStorm/24751.sql,5.001,0.505,0.087,0.000,0.256,51.40,741
2026-10-04T17:39:24Z,E1BA21D7EE1B119B,18.6,queries/stackoverflow/SQLStorm/13737.sql,5.001,0.520,0.097,0.000,0.257,51.60,745
2026-10-04T17:39:38Z,5129F0E0B6D10811,18.6,queries/stackoverflow/SQLStorm/16378.sql,5.001,0.468,0.075,0.000,0.256,50.96,804
2026-10-04T17:39:55Z,1CF98524FC0F8E21,18.6,queries/stackoverflow/SQLStorm/11473.sql,5.001,0.519,0.090,0.000,0.257,48.60,698
2026-10-04T17:40:10Z,B0047D2F58FF6B40,18.6,queries/stackoverflow/SQLStorm/12477.sql,5.001,0.492,0.092,0.000,0.257,50.24,754
2026-10-04T17:41:05Z,B549FA0F227779BE,18.6,queries/stackoverflow/SQLStorm/14349.sql,5.001,0.487,0.088,0.000,0.256,52.52,620
2026-10-04T17:42:09Z,9924044216F54A84,18.6,queries/stackoverflow/SQLStorm/16308.sql,5.001,0.480,0.084,0.000,0.256,54.68,663
2026-10-04T17:42:26Z,B4D77C52D26F9CAA,18.6,queries/stackoverflow/SQLStorm/15173.sql,5.001,0.526,0.104,0.000,0.256,54.04,719
2026-10-04T17:42:58Z,F7F502B212C5869D,18.6,queries/stackoverflow/SQLStorm/12128.sql,5.001,0.501,0.103,0.000,0.256,53.92,718
2026-10-04T17:44:04Z,C0C9C540D1B5525A,18.6,queries/stackoverflow/SQLStorm/10646.sql,5.002,0.523,0.084,0.000,0.257,53.68,778
2026-10-04T17:44:19Z,8BE7A067C44B4924,18.6,queries/stackoverflow/SQLStorm/2243.sql,5.001,0.441,0.074,0.000,0.255,53.64,700
2026-10-04T17:44:54Z,B8AC96E463948780,18.6,queries/stackoverflow/SQLStorm/16363.sql,5.002,0.472,0.080,0.000,0.257,55.32,610
2026-10-04T17:45:55Z,76F8E5EDF9787D9B,18.6,queries/stackoverflow/SQLStorm/32216.sql,5.002,0.517,0.111,0.000,0.256,55.24,753
2026-10-04T17:47:08Z,2B15A5EC53CDD757,18.6,queries/stackoverflow/SQLStorm/16399.sql,5.001,0.522,0.099,0.000,0.257,49.24,631
2026-10-04T17:47:27Z,3B9C5529C0C98AD7,18.6,queries/stackoverflow/SQLStorm/13186.sql,5.001,0.518,0.103,0.000,0.258,50.20,693
2026-10-04T17:48:50Z,89CDBDC5E2B10BAB,18.6,queries/stackoverflow/SQLStorm/6957.sql,5.001,0.465,0.077,0.000,0.256,55.32,642
2026-10-04T17:49:07Z,EBA3FD3A2226526C,18.6,queries/stackoverflow/SQLStorm/9509.sql,5.001,0.481,0.081,0.000,0.255,53.68,638
2026-10-04T17:49:29Z,44AA7A3EA8AC98F8,18.6,queries/stackoverflow/SQLStorm/10937.sql,5.001,0.481,0.090,0.000,0.256,50.00,628
2026-10-04T17:49:45Z,37D737DD8BECEA1C,18.6,queries/stackoverflow/SQLStorm/7612.sql,5.001,0.479,0.091,0.000,0.255,50.00,620
2026-10-04T17:50:18Z,FFD4C0529CB17F49,18.6,queries/stackoverflow/SQLStorm/25154.sql,5.001,0.442,0.081,0.000,0.256,51.44,667
2026-10-04T17:51:23Z,589BC2814D1CD702,18.6,compare/probes/probe_scan.sql,5.001,0.496,0.095,0.000,0.257,52.72,681
2026-10-04T17:52:27Z,70542835638C2330,18.6,queries/stackoverflow/SQLStorm/11211.sql,5.002,0.499,0.107,0.000,0.258,57.16,557
2026-10-04T17:53:39Z,0716636213E81C4F,18.6,queries/stackoverflow/SQLStorm/17234.sql,5.001,0.472,0.075,0.000,0.255,52.44,816
2026-10-04T17:53:59Z,C26202290B6997A0,18.6,compare/probes/probe_hash.sql,5.001,0.490,0.098,0.000,0.256,50.60,684
2026-10-04T17:54:35Z,3BDA48B09C09D65D,18.6,queries/stackoverflow/SQLStorm/5502.sql,5.002,0.453,0.078,0.000,0.256,52.80,650
2026-10-04T17:54:56Z,43B47E0D75521720,18.6,queries/stackoverflow/SQLStorm/21497.sql,5.001,0.474,0.077,0.000,0.257,50.52,555
2026-10-04T17:55:33Z,74A25EBE6429C816,18.6,queries/stackoverflow/SQLStorm/13512.sql,5.001,0.431,0.073,0.000,0.254,50.44,636
2026-10-04T17:57:20Z,1AD6CABBDE4AC0D3,18.6,queries/stackoverflow/SQLStorm/11471.sql,5.001,0.476,0.073,0.000,0.255,52.32,608
2026-10-04T17:57:58Z,2BAAA4BDDC135B29,18.6,queries/stackoverflow/SQLStorm/7184.sql,5.001,0.520,0.108,0.000,0.256,48.92,840
2026-10-04T17:58:12Z,13E592E7B6744114,18.6,queries/stackoverflow/SQLStorm/11397.sql,5.001,0.404,0.075,0.000,0.255,48.80,522
2026-10-04T17:58:49Z,C1E41A83B91C1CF5,18.6,queries/stackoverflow/SQLStorm/1959.sql,5.002,0.462,0.078,0.000,0.255,52.28,605
2026-10-04T17:59:32Z,821E27A87FAE088D,18.6,queries/stackoverflow/SQLStorm/4452.sql,5.001,0.455,0.072,0.000,0.255,51.88,661
2026-10-04T17:59:46Z,82DFCE026D586CA2,18.6,queries/stackoverflow/SQLStorm/20804.sql,5.001,0.474,0.083,0.000,0.256,52.48,721
2026-10-04T18:00:08Z,9D8B3F9A827E6AF2,18.6,queries/stackoverflow/SQLStorm/10646.sql,5.001,0.453,0.073,0.000,0.256,51.60,629
2026-10-04T18:00:25Z,2D8886D751E58607,18.6,compare/probes/probe_scan.sql,5.001,0.483,0.088,0.000,0.256,55.24,605
2026-10-04T18:01:28Z,76BE65F7EF071889,18.6,queries/stackoverflow/SQLStorm/25357.sql,5.002,0.496,0.097,0.000,0.256,58.20,653
2026-10-04T18:02:16Z,3DF36B7E8015D21B,18.6,queries/stackoverflow/SQLStorm/6651.sql,5.001,0.441,0.074,0.000,0.255,51.52,660
2026-10-04T18:02:27Z,4C977352930A44D6,18.6,queries/stackoverflow/SQLStorm/5502.sql,5.002,0.478,0.085,0.000,0.256,50.44,724
2026-10-04T18:02:50Z,5EBFC3D3B78A28E2,18.6,queries/stackoverflow/SQLStorm/28796.sql,5.001,0.442,0.074,0.000,0.256,50.28,681
2026-10-04T18:03:28Z,39C9D87FDEBFC576,18.6,queries/stackoverflow/SQLStorm/24751.sql,5.000,0.513,0.101,0.000,0.256,49.60,666
2026-10-04T18:03:43Z,7BAC14B1E53CDDB3,18.6,queries/stackoverflow/SQLStorm/9509.sql,5.001,0.450,0.075,0.000,0.256,49.32,704
2026-10-04T18:04:14Z,2104EF2B43A652BA,18.6,queries/stackoverflow/SQLStorm/20426.sql,5.001,0.448,0.078,0.000,0.256,51.44,682
2026-10-04T18:05:29Z,22971D1EEEB02A58,18.6,queries/stackoverflow/SQLStorm/7046.sql,5.001,0.456,0.081,0.000,0.255,54.52,649
2026-10-04T18:06:24Z,E0CF5006C404E755,18.6,queries/stackoverflow/SQLStorm/13186.sql,5.001,0.539,0.103,0.000,0.260,56.16,703
2026-10-04T18:07:47Z,CAD1396ED91300F1,18.6,queries/stackoverflow/SQLStorm/6957.sql,5.001,0.516,0.090,0.000,0.257,54.00,747
2026-10-04T18:08:16Z,9B3537591B731227,18.6,queries/stackoverflow/SQLStorm/13512.sql,5.001,0.430,0.069,0.000,0.256,52.84,616
2026-10-04T18:10:04Z,0D9FBA11E0B8D1C2,18.6,queries/stackoverflow/SQLStorm/1959.sql,5.001,0.523,0.097,0.000,0.256,53.00,547
2026-10-04T18:10:47Z,81C56AD58B9A8D7E,18.6,queries/stackoverflow/SQLStorm/16308.sql,5.002,0.454,0.075,0.000,0.256,50.40,649
2026-10-04T18:11:10Z,8C4675935752C00F,18.6,queries/stackoverflow/SQLStorm/11211.sql,5.001,0.505,0.102,0.000,0.258,51.36,650
2026-10-04T18:12:26Z,6B5579DC848ADC3C,18.6,queries/stackoverflow/SQLStorm/12477.sql,5.001,0.494,0.096,0.000,0.256,50.80,774
2026-10-04T18:13:19Z,95446884A076311C,18.6,queries/stackoverflow/SQLStorm/8072.sql,5.002,0.463,0.085,0.000,0.256,48.92,735
2026-10-04T18:14:10Z,E10563C41ED383CC,18.6,queries/stackoverflow/SQLStorm/11397.sql,5.001,0.444,0.069,0.000,0.255,53.24,714
2026-10-04T18:14:46Z,7F7CCECFEE4A99DD,18.6,queries/stackoverflow/SQLStorm/3090.sql,5.002,0.495,0.086,0.000,0.256,54.24,636
2026-10-04T18:15:14Z,462FE8D277A4739C,18.6,queries/stackoverflow/SQLStorm/15173.sql,5.001,0.461,0.084,0.000,0.256,53.24,640
2026-10-04T18:15:38Z,6EF9D0F4FC2F868D,18.6,queries/stackoverflow/SQLStorm/11473.sql,5.002,0.473,0.076,0.000,0.255,52.24,768
2026-10-04T18:15:50Z,07C592CE801F3FB7,18.6,queries/stackoverflow/SQLStorm/17234.sql,5.001,0.469,0.076,0.000,0.256,52.04,777
2026-10-04T18:16:07Z,71162F7F88E445C3,18.6,queries/stackoverflow/SQLStorm/14978.sql,5.001,0.476,0.082,0.000,0.255,51.60,627
2026-10-04T18:16:21Z,7D1BC0268B1343D3,18.6,queries/stackoverflow/SQLStorm/2863.sql,5.002,0.464,0.080,0.000,0.256,51.80,715
2026-10-04T18:17:02Z,EC19178627674155,18.6,queries/stackoverflow/SQLStorm/32661.sql,5.001,0.548,0.115,0.000,0.257,53.44,736
2026-10-04T18:18:28Z,AC7682FB196B8AAC,18.6,queries/stackoverflow/SQLStorm/1255.sql,5.002,0.493,0.087,0.000,0.256,54.44,741
2026-10-04T18:18:50Z,2C550759962306A6,18.6,queries/stackoverflow/SQLStorm/14349.sql,5.002,0.454,0.079,0.000,0.257,53.60,577
2026-10-04T18:19:56Z,5D9C6CC4BDE9A42C,18.6,queries/stackoverflow/SQLStorm/13386.sql,5.002,0.464,0.078,0.000,0.256,55.40,670
2026-10-04T18:20:34Z,C7069A848548907D,18.6,queries/stackoverflow/SQLStorm/14843.sql,5.002,0.454,0.076,0.000,0.255,53.44,639
2026-10-04T18:20:47Z,DEA7E1D87ED43A3C,18.6,queries/stackoverflow/SQLStorm/2243.sql,5.000,0.449,0.074,0.000,0.256,53.28,634
2026-10-04T18:21:20Z,D8DEDEB2520AC9F5,18.6,compare/probes/probe_sort.sql,5.001,0.457,0.078,0.000,0.256,53.52,625
2026-10-04T18:22:02Z,733EADB9C7CC3977,18.6,queries/stackoverflow/SQLStorm/16363.sql,5.001,0.543,0.114,0.000,0.256,55.72,707
2026-10-04T18:23:02Z,57EE6C842573B5A5,18.6,queries/stackoverflow/SQLStorm/32216.sql,5.001,0.582,0.131,0.000,0.259,55.52,817
2026-10-04T18:24:18Z,B9EBE50C0F9A0E23,18.6,compare/probes/probe_cpu.sql,5.002,0.438,0.071,0.000,0.256,49.92,627
2026-10-04T18:24:54Z,6AE0E94973AB549C,18.6,queries/stackoverflow/SQLStorm/10937.sql,5.001,0.471,0.078,0.000,0.256,49.00,626
2026-10-04T18:25:08Z,ECEADB2CF667403E,18.6,queries/stackoverflow/SQLStorm/13330.sql,5.002,0.461,0.076,0.000,0.255,49.76,605
2026-10-04T18:25:20Z,339CD0570F89143B,18.6,queries/stackoverflow/SQLStorm/7612.sql,5.001,0.418,0.064,0.000,0.255,50.40,673
2026-10-04T18:25:46Z,6BFB666FA1C907C5,18.6,queries/stackoverflow/SQLStorm/16378.sql,5.001,0.493,0.085,0.000,0.256,54.16,623
2026-10-04T18:26:04Z,CDEBBC462C70CBD8,18.6,queries/stackoverflow/SQLStorm/4452.sql,5.001,0.537,0.107,0.000,0.256,52.48,765
2026-10-04T18:26:18Z,E6FC343391E16992,18.6,queries/stackoverflow/SQLStorm/21884.sql,5.002,0.468,0.085,0.000,0.255,54.48,683
2026-10-04T18:26:41Z,409F1A66A194EE9B,18.6,queries/stackoverflow/SQLStorm/11471.sql,5.001,0.459,0.074,0.000,0.256,55.44,681
2026-10-04T18:27:18Z,AACCA377D70530E2,18.6,queries/stackoverflow/SQLStorm/16399.sql,5.002,0.451,0.069,0.000,0.255,54.00,673
2026-10-04T18:27:30Z,AC80F00EA5E2F377,18.6,queries/stackoverflow/SQLStorm/22494.sql,5.001,0.429,0.077,0.000,0.255,52.20,558
2026-10-04T18:27:59Z,EE0BD4D1E5DF5A42,18.6,queries/stackoverflow/SQLStorm/2764.sql,5.001,0.483,0.089,0.000,0.256,54.00,726
2026-10-04T18:28:21Z,828B8ED3CFA13584,18.6,queries/stackoverflow/SQLStorm/25154.sql,5.001,0.462,0.081,0.000,0.256,54.04,634
2026-10-04T18:29:22Z,FEDBC803ECD7667F,18.6,queries/stackoverflow/SQLStorm/21497.sql,5.001,0.447,0.077,0.000,0.255,54.40,628
2026-10-04T18:29:48Z,62F2747AD581C510,18.6,compare/probes/probe_hash.sql,5.001,0.467,0.071,0.000,0.256,55.44,704
2026-10-04T18:30:26Z,8DE19708B5CB2C89,18.6,queries/stackoverflow/SQLStorm/13737.sql,5.001,0.482,0.087,0.000,0.256,58.44,622
2026-10-04T18:30:39Z,5CC8B3BBBE4E4553,18.6,queries/stackoverflow/SQLStorm/11124.sql,5.001,0.482,0.090,0.000,0.255,54.60,605
2026-10-04T18:30:57Z,35990059D8495424,18.6,queries/stackoverflow/SQLStorm/12128.sql,5.002,0.462,0.083,0.000,0.255,52.72,640
2026-10-04T18:32:03Z,C6A2C55EF0C58E47,18.6,queries/stackoverflow/SQLStorm/7184.sql,5.001,0.539,0.113,0.000,0.257,49.28,691
2026-10-04T18:32:22Z,88341FE5D66FBCBD,18.6,queries/stackoverflow/SQLStorm/14510.sql,5.002,0.466,0.087,0.000,0.256,51.56,628
2026-10-04T18:33:29Z,E6E59AECD1A8E96F,18.6,queries/stackoverflow/SQLStorm/17234.sql,5.001,0.468,0.075,0.000,0.256,55.56,704
2026-10-04T18:33:55Z,BEAB2C91023C5E56,18.6,queries/stackoverflow/SQLStorm/13186.sql,5.002,0.481,0.088,0.000,0.256,52.80,600
2026-10-04T18:35:20Z,5A05C1DF0863A7A9,18.6,queries/stackoverflow/SQLStorm/11471.sql,5.001,0.457,0.082,0.000,0.256,51.76,739
2026-10-04T18:35:59Z,01689D53DC9B8E0B,18.6,queries/stackoverflow/SQLStorm/2764.sql,5.001,0.491,0.086,0.000,0.256,50.32,659
2026-10-04T18:36:15Z,A47789DAE7C45A56,18.6,queries/stackoverflow/SQLStorm/16378.sql,5.001,0.481,0.093,0.000,0.256,48.84,767
2026-10-04T18:36:37Z,CBD2DFEBA5CB3720,18.6,queries/stackoverflow/SQLStorm/12477.sql,5.001,0.439,0.076,0.000,0.256,49.88,604
2026-10-04T18:37:27Z,36AA2ADDB960C4FB,18.6,queries/stackoverflow/SQLStorm/2863.sql,5.001,0.495,0.085,0.000,0.256,51.72,714
2026-10-04T18:37:59Z,3DC7E45B7A029DBF,18.6,queries/stackoverflow/SQLStorm/14843.sql,5.002,0.507,0.092,0.000,0.256,52.32,757
2026-10-04T18:38:13Z,4D4D12CC4DADF5B1,18.6,compare/probes/probe_hash.sql,5.000,0.481,0.081,0.000,0.256,52.20,631
2026-10-04T18:38:59Z,7D560B36DC087285,18.6,queries/stackoverflow/SQLStorm/20426.sql,5.001,0.505,0.093,0.000,0.258,57.60,768
2026-10-04T18:40:10Z,4F7B640407407F56,18.6,queries/stackoverflow/SQLStorm/9509.sql,5.002,0.460,0.081,0.000,0.256,55.60,684
2026-10-04T18:40:33Z,491B39659250157B,18.6,queries/stackoverflow/SQLStorm/1255.sql,5.001,0.453,0.084,0.000,0.255,51.44,661
2026-10-04T18:40:55Z,6CC2A043DDF2BB78,18.6,queries/stackoverflow/SQLStorm/12128.sql,5.000,0.464,0.086,0.000,0.255,50.60,607
2026-10-04T18:42:04Z,0FC8028F76753C00,18.6,queries/stackoverflow/SQLStorm/28796.sql,5.001,0.515,0.103,0.000,0.256,50.08,576
2026-10-04T18:42:47Z,128843DBC2C79CEA,18.6,queries/stackoverflow/SQLStorm/8072.sql,5.001,0.511,0.093,0.000,0.257,52.96,646
2026-10-04T18:43:36Z,65EC2CD71693837E,18.6,queries/stackoverflow/SQLStorm/7184.sql,5.002,0.499,0.095,0.000,0.255,53.96,724
2026-10-04T18:43:47Z,DF10D7FD733A5BFC,18.6,queries/stackoverflow/SQLStorm/16399.sql,5.001,0.483,0.081,0.000,0.256,52.20,672
2026-10-04T18:44:02Z,0AD241CD6C196038,18.6,queries/stackoverflow/SQLStorm/7046.sql,5.001,0.505,0.104,0.000,0.258,52.76,614
2026-10-04T18:44:49Z,DF25F089B4DDE319,18.6,queries/stackoverflow/SQLStorm/6957.sql,5.001,0.466,0.078,0.000,0.255,55.48,736
2026-10-04T18:45:04Z,19708C8946BBDB71,18.6,queries/stackoverflow/SQLStorm/14978.sql,5.001,0.537,0.106,0.000,0.257,55.24,836
2026-10-04T18:45:18Z,8B158AD0B2BA3F5B,18.6,compare/probes/probe_sort.sql,5.001,0.447,0.076,0.000,0.256,55.04,705
2026-10-04T18:45:56Z,5363593D0BAF164F,18.6,queries/stackoverflow/SQLStorm/11397.sql,5.002,0.459,0.076,0.000,0.256,54.80,642
2026-10-04T18:46:29Z,F43004199F01C335,18.6,queries/stackoverflow/SQLStorm/11124.sql,5.001,0.492,0.091,0.000,0.256,55.36,773
2026-10-04T18:46:40Z,32E40847A0C8BB75,18.6,queries/stackoverflow/SQLStorm/6651.sql,5.002,0.474,0.079,0.000,0.256,54.40,573
2026-10-04T18:46:56Z,C912619BA849330F,18.6,queries/stackoverflow/SQLStorm/16363.sql,5.001,0.462,0.077,0.000,0.256,56.16,516
2026-10-04T18:47:54Z,9E97245AE3D88134,18.6,queries/stackoverflow/SQLStorm/25357.sql,5.002,0.464,0.087,0.000,0.256,56.04,586
2026-10-04T18:48:43Z,8912E1CA3441536F,18.6,queries/stackoverflow/SQLStorm/15173.sql,5.002,0.431,0.069,0.000,0.255,52.20,627
2026-10-04T18:49:09Z,7637DCEE86738687,18.6,queries/stackoverflow/SQLStorm/21497.sql,5.002,0.439,0.071,0.000,0.256,50.28,615
2026-10-04T18:49:32Z,39A57B257BC68A99,18.6,queries/stackoverflow/SQLStorm/10937.sql,5.002,0.454,0.082,0.000,0.256,49.40,777
2026-10-04T18:49:48Z,8483648AA1A97D93,18.6,queries/stackoverflow/SQLStorm/22494.sql,5.002,0.460,0.085,0.000,0.256,49.60,684
2026-10-04T18:50:17Z,575154E8511A3C51,18.6,queries/stackoverflow/SQLStorm/13737.sql,5.001,0.483,0.080,0.000,0.257,52.72,674
2026-10-04T18:50:36Z,19B6D436E76F6387,18.6,compare/probes/probe_scan.sql,5.002,0.450,0.082,0.000,0.257,57.32,584
2026-10-04T18:51:40Z,3EE5B48C23309D7E,18.6,queries/stackoverflow/SQLStorm/14349.sql,5.001,0.479,0.087,0.000,0.257,57.20,650
2026-10-04T18:52:45Z,FEC88D3A1B514770,18.6,queries/stackoverflow/SQLStorm/5502.sql,5.002,0.496,0.099,0.000,0.256,51.32,700
2026-10-04T18:53:04Z,01B8D838EEA6BA43,18.6,queries/stackoverflow/SQLStorm/10646.sql,5.000,0.541,0.111,0.000,0.257,49.56,744
2026-10-04T18:53:16Z,1B43C31FD990911A,18.6,queries/stackoverflow/SQLStorm/11473.sql,5.001,0.493,0.090,0.000,0.256,48.80,731
2026-10-04T18:53:34Z,D6E60E17B6242790,18.6,queries/stackoverflow/SQLStorm/25154.sql,5.001,0.472,0.091,0.000,0.256,49.56,600
2026-10-04T18:54:48Z,A3D4A6CA56B86AC5,18.6,compare/probes/probe_cpu.sql,5.001,0.440,0.080,0.000,0.256,48.72,655
2026-10-04T18:55:27Z,00D453F8D0E09075,18.6,queries/stackoverflow/SQLStorm/13386.sql,5.001,0.506,0.087,0.000,0.255,51.64,736
2026-10-04T18:56:14Z,03BDCDE2615C65E5,18.6,queries/stackoverflow/SQLStorm/32661.sql,5.002,0.512,0.092,0.000,0.256,53.08,616
2026-10-04T18:57:42Z,5E0A931D615A0ADC,18.6,queries/stackoverflow/SQLStorm/21884.sql,5.000,0.469,0.073,0.000,0.256,55.24,624
2026-10-04T18:58:02Z,71F7389E9CD37A2B,18.6,queries/stackoverflow/SQLStorm/16308.sql,5.001,0.511,0.092,0.000,0.257,56.08,723
2026-10-04T18:58:25Z,0CDD29191BD77534,18.6,queries/stackoverflow/SQLStorm/14510.sql,5.001,0.531,0.100,0.000,0.259,57.36,585
2026-10-04T18:59:33Z,7AD41B771B13937D,18.6,queries/stackoverflow/SQLStorm/7612.sql,5.002,0.435,0.082,0.000,0.256,55.60,687
2026-10-04T19:00:02Z,BD21DD52C60D75B3,18.6,queries/stackoverflow/SQLStorm/2243.sql,5.002,0.489,0.089,0.000,0.257,54.00,735
2026-10-04T19:00:34Z,F379A3644A1099B3,18.6,queries/stackoverflow/SQLStorm/3090.sql,5.002,0.459,0.088,0.000,0.255,51.64,726
2026-10-04T19:01:14Z,6BE94735C09FDEB0,18.6,queries/stackoverflow/SQLStorm/13512.sql,5.002,0.498,0.102,0.000,0.258,52.04,800
2026-10-04T19:02:59Z,9E87641F5464B162,18.6,queries/stackoverflow/SQLStorm/24751.sql,5.002,0.514,0.092,0.000,0.256,53.40,654
2026-10-04T19:03:15Z,261920E079552424,18.6,queries/stackoverflow/SQLStorm/20804.sql,5.002,0.495,0.091,0.000,0.257,51.36,621
2026-10-04T19:03:44Z,B82477DFF37A4B45,18.6,queries/stackoverflow/SQLStorm/11211.sql,5.001,0.494,0.092,0.000,0.258,52.04,715
2026-10-04T19:05:03Z,7437820D9D1B67C2,18.6,queries/stackoverflow/SQLStorm/32216.sql,5.001,0.543,0.114,0.000,0.258,51.36,678
2026-10-04T19:06:17Z,ED1A227E876C51FD,18.6,queries/stackoverflow/SQLStorm/13330.sql,5.001,0.484,0.083,0.000,0.255,48.52,638
2026-10-04T19:06:30Z,EECBF8F9CABC7E95,18.6,queries/stackoverflow/SQLStorm/1959.sql,5.001,0.458,0.075,0.000,0.255,49.04,646
2026-10-04T19:07:13Z,2FCA3BFCF7E46DEB,18.6,queries/stackoverflow/SQLStorm/4452.sql,5.002,0.467,0.079,0.000,0.255,51.24,687
2026-10-04T19:07:27Z,BA7374A9BAA83445,18.6,queries/stackoverflow/SQLStorm/1255.sql,5.001,0.496,0.083,0.000,0.256,51.84,670
2026-10-04T19:07:45Z,043E77D32DD8A317,18.6,queries/stackoverflow/SQLStorm/1959.sql,5.002,0.504,0.091,0.000,0.256,52.48,629
2026-10-04T19:08:30Z,B8519EC09DF37DF8,18.6,queries/stackoverflow/SQLStorm/3090.sql,5.000,0.464,0.080,0.000,0.255,53.20,658
2026-10-04T19:09:01Z,978E3DFE701C4E84,18.6,queries/stackoverflow/SQLStorm/16363.sql,5.001,0.525,0.093,0.000,0.258,54.64,611
2026-10-04T19:09:57Z,091B825699B1C75F,18.6,queries/stackoverflow/SQLStorm/28796.sql,5.001,0.522,0.099,0.000,0.258,56.60,656
2026-10-04T19:10:34Z,A476F565D72A0922,18.6,queries/stackoverflow/SQLStorm/16399.sql,5.002,0.482,0.088,0.000,0.255,51.80,620
2026-10-04T19:10:46Z,3BB983739B2026DD,18.6,compare/probes/probe_sort.sql,5.001,0.499,0.094,0.000,0.256,51.28,752
2026-10-04T19:11:22Z,FB7BF574A1B37FC8,18.6,queries/stackoverflow/SQLStorm/16308.sql,5.001,0.453,0.073,0.000,0.256,50.08,640
2026-10-04T19:11:41Z,188494314F2138F4,18.6,queries/stackoverflow/SQLStorm/13386.sql,5.001,0.463,0.079,0.000,0.256,50.40,703
2026-10-04T19:12:19Z,04D809BE4B25D1C9,18.6,queries/stackoverflow/SQLStorm/10646.sql,5.001,0.455,0.080,0.000,0.256,48.60,682
2026-10-04T19:12:34Z,F5480774E0103E5C,18.6,compare/probes/probe_cpu.sql,5.001,0.471,0.092,0.000,0.255,49.20,705
2026-10-04T19:13:10Z,59C2FE6D69A24971,18.6,queries/stackoverflow/SQLStorm/10937.sql,5.001,0.476,0.076,0.000,0.256,51.60,732
2026-10-04T19:13:31Z,C7EA9E1B9E921762,18.6,queries/stackoverflow/SQLStorm/11211.sql,5.001,0.484,0.087,0.000,0.256,54.52,636
2026-10-04T19:14:49Z,6406DC03AFD783F3,18.6,queries/stackoverflow/SQLStorm/14510.sql,5.001,0.505,0.102,0.000,0.258,56.20,615
2026-10-04T19:16:00Z,8ECB1E32C9D23967,18.6,queries/stackoverflow/SQLStorm/8072.sql,5.001,0.492,0.092,0.000,0.257,54.80,711
2026-10-04T19:16:52Z,6C423CA290279BEA,18.6,queries/stackoverflow/SQLStorm/2243.sql,5.001,0.438,0.076,0.000,0.254,52.64,677
2026-10-04T19:17:23Z,2AD990C979F04724,18.6,queries/stackoverflow/SQLStorm/13737.sql,5.002,0.450,0.073,0.000,0.256,51.76,651
2026-10-04T19:17:36Z,BFE7965C817BE798,18.6,queries/stackoverflow/SQLStorm/13330.sql,5.001,0.504,0.094,0.000,0.256,50.40,760
2026-10-04T19:17:53Z,A841314445EB8F98,18.6,queries/stackoverflow/SQLStorm/32216.sql,5.001,0.523,0.096,0.000,0.257,50.40,736
2026-10-04T19:19:14Z,4F459954AAB9D52F,18.6,queries/stackoverflow/SQLStorm/12128.sql,5.002,0.444,0.077,0.000,0.256,50.12,621
2026-10-04T19:20:21Z,6017F7B859964A2A,18.6,queries/stackoverflow/SQLStorm/17234.sql,5.002,0.499,0.085,0.000,0.256,52.84,711
2026-10-04T19:20:44Z,481A329D7C12361C,18.6,queries/stackoverflow/SQLStorm/14349.sql,5.001,0.507,0.095,0.000,0.256,52.56,608
2026-10-04T19:21:50Z,63DC641DDF8C2A00,18.6,queries/stackoverflow/SQLStorm/15173.sql,5.002,0.444,0.072,0.000,0.255,54.72,672
2026-10-04T19:22:19Z,E2AE852903881AE7,18.6,queries/stackoverflow/SQLStorm/12477.sql,5.001,0.462,0.081,0.000,0.256,53.84,578
2026-10-04T19:23:09Z,95EE0EB8D4F29109,18.6,queries/stackoverflow/SQLStorm/22494.sql,5.001,0.445,0.075,0.000,0.255,53.60,708
2026-10-04T19:23:44Z,9E338D07CB474889,18.6,queries/stackoverflow/SQLStorm/25154.sql,5.001,0.456,0.086,0.000,0.255,54.48,682
2026-10-04T19:24:44Z,C4B16CF9FDD68DA0,18.6,queries/stackoverflow/SQLStorm/2764.sql,5.001,0.435,0.069,0.000,0.255,55.44,612
2026-10-04T19:25:10Z,972EC9F5249461FB,18.6,queries/stackoverflow/SQLStorm/32661.sql,5.002,0.514,0.091,0.000,0.257,55.80,714
2026-10-04T19:26:35Z,686AD6D50294CE91,18.6,queries/stackoverflow/SQLStorm/6651.sql,5.001,0.474,0.090,0.000,0.257,52.56,723
2026-10-04T19:26:49Z,4C0DACEC437B998B,18.6,compare/probes/probe_hash.sql,5.002,0.457,0.078,0.000,0.256,53.00,628
2026-10-04T19:27:36Z,0BED76A5F085E770,18.6,queries/stackoverflow/SQLStorm/13512.sql,5.001,0.447,0.079,0.000,0.257,54.60,631
2026-10-04T19:29:23Z,29FD2345C044E968,18.6,queries/stackoverflow/SQLStorm/2863.sql,5.001,0.446,0.074,0.000,0.257,54.48,669
2026-10-04T19:29:56Z,EDB2B192D56D9CE2,18.6,queries/stackoverflow/SQLStorm/6957.sql,5.001,0.475,0.080,0.000,0.255,51.80,642
2026-10-04T19:30:13Z,CF61C3F5A629CF15,18.6,queries/stackoverflow/SQLStorm/9509.sql,5.001,0.449,0.069,0.000,0.255,52.68,616
2026-10-04T19:30:41Z,4B6AA41190CBEA3F,18.6,compare/probes/probe_scan.sql,5.001,0.460,0.087,0.000,0.256,54.56,656
2026-10-04T19:31:40Z,3CC1F0A645ECF64C,18.6,queries/stackoverflow/SQLStorm/14978.sql,5.001,0.483,0.094,0.000,0.257,58.24,630
2026-10-04T19:31:51Z,1D32FADBA7334F18,18.6,queries/stackoverflow/SQLStorm/11124.sql,5.001,0.478,0.089,0.000,0.256,55.56,764
2026-10-04T19:32:02Z,710FF5D4937DB4EF,18.6,queries/stackoverflow/SQLStorm/16378.sql,5.001,0.493,0.091,0.000,0.257,53.76,673
2026-10-04T19:32:20Z,EDEEE1D5C1807FF3,18.6,queries/stackoverflow/SQLStorm/4452.sql,5.001,0.451,0.076,0.000,0.256,51.04,688
2026-10-04T19:32:36Z,8A2D922C4BA4FA3C,18.6,queries/stackoverflow/SQLStorm/11471.sql,5.001,0.448,0.086,0.000,0.255,51.20,604
2026-10-04T19:33:16Z,87497E002AD99067,18.6,queries/stackoverflow/SQLStorm/11397.sql,5.001,0.472,0.085,0.000,0.255,52.00,635
2026-10-04T19:33:54Z,3415DFC0B22D34C9,18.6,queries/stackoverflow/SQLStorm/7046.sql,5.001,0.463,0.085,0.000,0.256,51.48,768
2026-10-04T19:34:42Z,DD3CB6150A5CF42F,18.6,queries/stackoverflow/SQLStorm/21884.sql,5.001,0.461,0.073,0.000,0.256,52.76,654
2026-10-04T19:35:04Z,BDCC8412ECBAB596,18.6,queries/stackoverflow/SQLStorm/21497.sql,5.001,0.492,0.093,0.000,0.256,52.16,741
2026-10-04T19:35:26Z,8264FA07B7170431,18.6,queries/stackoverflow/SQLStorm/11473.sql,5.001,0.507,0.085,0.000,0.256,50.92,726
2026-10-04T19:35:39Z,089E20368F638C30,18.6,queries/stackoverflow/SQLStorm/7612.sql,5.002,0.455,0.082,0.000,0.255,51.00,624
2026-10-04T19:36:07Z,18F9144883163F12,18.6,queries/stackoverflow/SQLStorm/20804.sql,5.002,0.485,0.091,0.000,0.256,51.88,733
2026-10-04T19:36:28Z,9C07FE075FC52FBA,18.6,queries/stackoverflow/SQLStorm/14843.sql,5.001,0.519,0.101,0.000,0.256,49.92,754
2026-10-04T19:36:39Z,AD8090D2F48B0135,18.6,queries/stackoverflow/SQLStorm/24751.sql,5.001,0.441,0.081,0.000,0.256,48.60,673
2026-10-04T19:37:02Z,3AA2C0DB28D3E98A,18.6,queries/stackoverflow/SQLStorm/13186.sql,5.001,0.514,0.088,0.000,0.257,51.40,673
2026-10-04T19:38:24Z,BDD3BDB7AE87A356,18.6,queries/stackoverflow/SQLStorm/5502.sql,5.001,0.465,0.083,0.000,0.255,54.12,752
2026-10-04T19:38:44Z,D5163562FB33780E,18.6,queries/stackoverflow/SQLStorm/7184.sql,5.001,0.444,0.073,0.000,0.256,50.96,628
2026-10-04T19:39:04Z,187C0D4FA223F7E7,18.6,queries/stackoverflow/SQLStorm/20426.sql,5.000,0.532,0.107,0.000,0.257,51.40,705
2026-10-04T19:40:18Z,213246B5D495C627,18.6,queries/stackoverflow/SQLStorm/25357.sql,5.001,0.503,0.096,0.000,0.257,50.92,621
