timestamp_utc,run_id,pg_version,query,phase,batch_index,copy_index,batchnum,runs,server_planning_ms,server_execution_ms,plan_nodes,scan_nodes,rows_out,rows_processed,rows_estimated,bytes_processed,rows_removed_filter,workers_launched,relations,shared_hit_blks,shared_read_blks,shared_dirtied_blks,shared_written_blks,temp_read_blks,temp_written_blks,failed,pkg_temp_start_c,mhz_mean
2026-10-01T12:17:52Z,CF69E43AB2751CC4,18.6,queries/stackoverflow/SQLStorm/5502.sql,warmup,1,1,1,1,5.069,947.424,17,6,396,2089203,28,28498847,47660,4,votes;rp;posts;users;ub;badges,30530,43646,0,0,0,0,0,51.0,2019
2026-10-01T12:17:53Z,CF69E43AB2751CC4,18.6,queries/stackoverflow/SQLStorm/5502.sql,warmup,2,1,1,1,1.403,632.846,17,6,396,2089203,28,28498847,47660,4,votes;rp;posts;users;ub;badges,74176,0,0,0,0,0,0,52.0,1188
2026-10-01T12:17:59Z,CF69E43AB2751CC4,18.6,queries/stackoverflow/SQLStorm/5502.sql,measured,1,1,1,1,1.390,626.496,17,6,396,2089203,28,28498847,47660,4,votes;rp;posts;users;ub;badges,74176,0,0,0,0,0,0,46.0,856
2026-10-01T12:18:09Z,CF69E43AB2751CC4,18.6,queries/stackoverflow/SQLStorm/5502.sql,measured,1,1,16,1,1.417,618.875,17,6,396,2089203,28,28498847,47660,4,votes;rp;posts;users;ub;badges,74176,0,0,0,0,0,0,46.0,1327
2026-10-01T12:18:09Z,CF69E43AB2751CC4,18.6,queries/stackoverflow/SQLStorm/5502.sql,measured,1,2,16,1,0.473,617.577,17,6,396,2089203,28,28498847,47660,4,votes;rp;posts;users;ub;badges,74176,0,0,0,0,0,0,46.0,1327
2026-10-01T12:18:09Z,CF69E43AB2751CC4,18.6,queries/stackoverflow/SQLStorm/5502.sql,measured,1,3,16,1,0.450,607.548,17,6,396,2089203,28,28498847,47660,4,votes;rp;posts;users;ub;badges,74176,0,0,0,0,0,0,46.0,1327
2026-10-01T12:18:09Z,CF69E43AB2751CC4,18.6,queries/stackoverflow/SQLStorm/5502.sql,measured,1,4,16,1,0.448,600.795,17,6,396,2089203,28,28498847,47660,4,votes;rp;posts;users;ub;badges,74176,0,0,0,0,0,0,46.0,1327
2026-10-01T12:18:09Z,CF69E43AB2751CC4,18.6,queries/stackoverflow/SQLStorm/5502.sql,measured,1,5,16,1,0.446,604.416,17,6,396,2089203,28,28498847,47660,4,votes;rp;posts;users;ub;badges,74176,0,0,0,0,0,0,46.0,1327
2026-10-01T12:18:09Z,CF69E43AB2751CC4,18.6,queries/stackoverflow/SQLStorm/5502.sql,measured,1,6,16,1,0.457,600.818,17,6,396,2089203,28,28498847,47660,4,votes;rp;posts;users;ub;badges,74176,0,0,0,0,0,0,46.0,1327
2026-10-01T12:18:09Z,CF69E43AB2751CC4,18.6,queries/stackoverflow/SQLStorm/5502.sql,measured,1,7,16,1,0.502,611.764,17,6,396,2089203,28,28498847,47660,4,votes;rp;posts;users;ub;badges,74176,0,0,0,0,0,0,46.0,1327
2026-10-01T12:18:09Z,CF69E43AB2751CC4,18.6,queries/stackoverflow/SQLStorm/5502.sql,measured,1,8,16,1,0.450,615.405,17,6,396,2089203,28,28498847,47660,4,votes;rp;posts;users;ub;badges,74176,0,0,0,0,0,0,46.0,1327
2026-10-01T12:18:09Z,CF69E43AB2751CC4,18.6,queries/stackoverflow/SQLStorm/5502.sql,measured,1,9,16,1,0.448,603.688,17,6,396,2089203,28,28498847,47660,4,votes;rp;posts;users;ub;badges,74176,0,0,0,0,0,0,46.0,1327
2026-10-01T12:18:09Z,CF69E43AB2751CC4,18.6,queries/stackoverflow/SQLStorm/5502.sql,measured,1,10,16,1,0.443,616.048,17,6,396,2089203,28,28498847,47660,4,votes;rp;posts;users;ub;badges,74176,0,0,0,0,0,0,46.0,1327
2026-10-01T12:18:09Z,CF69E43AB2751CC4,18.6,queries/stackoverflow/SQLStorm/5502.sql,measured,1,11,16,1,0.434,606.671,17,6,396,2089203,28,28498847,47660,4,votes;rp;posts;users;ub;badges,74176,0,0,0,0,0,0,46.0,1327
2026-10-01T12:18:09Z,CF69E43AB2751CC4,18.6,queries/stackoverflow/SQLStorm/5502.sql,measured,1,12,16,1,0.440,604.169,17,6,396,2089203,28,28498847,47660,4,votes;rp;posts;users;ub;badges,74176,0,0,0,0,0,0,46.0,1327
2026-10-01T12:18:09Z,CF69E43AB2751CC4,18.6,queries/stackoverflow/SQLStorm/5502.sql,measured,1,13,16,1,0.446,606.600,17,6,396,2089203,28,28498847,47660,4,votes;rp;posts;users;ub;badges,74176,0,0,0,0,0,0,46.0,1327
2026-10-01T12:18:09Z,CF69E43AB2751CC4,18.6,queries/stackoverflow/SQLStorm/5502.sql,measured,1,14,16,1,0.445,597.790,17,6,396,2089203,28,28498847,47660,4,votes;rp;posts;users;ub;badges,74176,0,0,0,0,0,0,46.0,1327
2026-10-01T12:18:09Z,CF69E43AB2751CC4,18.6,queries/stackoverflow/SQLStorm/5502.sql,measured,1,15,16,1,0.444,607.643,17,6,396,2089203,28,28498847,47660,4,votes;rp;posts;users;ub;badges,74176,0,0,0,0,0,0,46.0,1327
2026-10-01T12:18:09Z,CF69E43AB2751CC4,18.6,queries/stackoverflow/SQLStorm/5502.sql,measured,1,16,16,1,0.448,601.929,17,6,396,2089203,28,28498847,47660,4,votes;rp;posts;users;ub;badges,74176,0,0,0,0,0,0,46.0,1327
2026-10-01T12:18:15Z,8F6C343203ADCB46,18.6,queries/stackoverflow/SQLStorm/7612.sql,warmup,1,1,1,1,12.056,1935.290,24,7,50,4990111,50,93503967,88780,4,votes;posts;users;bs;badges;phs;posthistory,17,110184,0,0,0,0,0,48.0,2163
2026-10-01T12:18:16Z,8F6C343203ADCB46,18.6,queries/stackoverflow/SQLStorm/7612.sql,warmup,2,1,1,1,1.692,1022.867,24,7,50,4999385,50,93763630,266340,4,votes;posts;users;bs;badges;phs;posthistory,110201,0,0,0,0,0,0,54.0,1975
2026-10-01T12:18:22Z,8F6C343203ADCB46,18.6,queries/stackoverflow/SQLStorm/7612.sql,measured,1,1,1,1,1.676,1017.951,24,7,50,4999681,50,93771918,266340,4,votes;posts;users;bs;badges;phs;posthistory,110201,0,0,0,0,0,0,47.0,1713
2026-10-01T12:18:38Z,8F6C343203ADCB46,18.6,queries/stackoverflow/SQLStorm/7612.sql,measured,1,1,16,1,1.692,1026.451,24,7,50,4999232,50,93759355,88780,4,votes;posts;users;bs;badges;phs;posthistory,110201,0,0,0,0,0,0,55.0,1978
2026-10-01T12:18:38Z,8F6C343203ADCB46,18.6,queries/stackoverflow/SQLStorm/7612.sql,measured,1,2,16,1,0.628,976.039,24,7,50,4998871,50,93749238,266340,4,votes;posts;users;bs;badges;phs;posthistory,110198,0,0,0,0,0,0,55.0,1978
2026-10-01T12:18:38Z,8F6C343203ADCB46,18.6,queries/stackoverflow/SQLStorm/7612.sql,measured,1,3,16,1,0.617,968.285,24,7,50,4998531,50,93739718,266340,4,votes;posts;users;bs;badges;phs;posthistory,110198,0,0,0,0,0,0,55.0,1978
2026-10-01T12:18:38Z,8F6C343203ADCB46,18.6,queries/stackoverflow/SQLStorm/7612.sql,measured,1,4,16,1,0.624,970.625,24,7,50,4998003,50,93724934,266340,4,votes;posts;users;bs;badges;phs;posthistory,110198,0,0,0,0,0,0,55.0,1978
2026-10-01T12:18:38Z,8F6C343203ADCB46,18.6,queries/stackoverflow/SQLStorm/7612.sql,measured,1,5,16,1,0.611,972.986,24,7,50,4997963,50,93723814,266340,4,votes;posts;users;bs;badges;phs;posthistory,110198,0,0,0,0,0,0,55.0,1978
2026-10-01T12:18:38Z,8F6C343203ADCB46,18.6,queries/stackoverflow/SQLStorm/7612.sql,measured,1,6,16,1,0.615,1019.196,24,7,50,4997994,50,93724682,266340,4,votes;posts;users;bs;badges;phs;posthistory,110198,0,0,0,0,0,0,55.0,1978
2026-10-01T12:18:38Z,8F6C343203ADCB46,18.6,queries/stackoverflow/SQLStorm/7612.sql,measured,1,7,16,1,0.597,969.572,24,7,50,4997974,50,93724122,266340,4,votes;posts;users;bs;badges;phs;posthistory,110198,0,0,0,0,0,0,55.0,1978
2026-10-01T12:18:38Z,8F6C343203ADCB46,18.6,queries/stackoverflow/SQLStorm/7612.sql,measured,1,8,16,1,0.614,969.866,24,7,50,4999372,50,93763266,266340,4,votes;posts;users;bs;badges;phs;posthistory,110198,0,0,0,0,0,0,55.0,1978
2026-10-01T12:18:38Z,8F6C343203ADCB46,18.6,queries/stackoverflow/SQLStorm/7612.sql,measured,1,9,16,1,0.601,970.488,24,7,50,4998033,50,93725774,266340,4,votes;posts;users;bs;badges;phs;posthistory,110198,0,0,0,0,0,0,55.0,1978
2026-10-01T12:18:38Z,8F6C343203ADCB46,18.6,queries/stackoverflow/SQLStorm/7612.sql,measured,1,10,16,1,0.625,980.110,24,7,50,4997863,50,93721014,266340,4,votes;posts;users;bs;badges;phs;posthistory,110198,0,0,0,0,0,0,55.0,1978
2026-10-01T12:18:38Z,8F6C343203ADCB46,18.6,queries/stackoverflow/SQLStorm/7612.sql,measured,1,11,16,1,0.599,1014.918,24,7,50,4998081,50,93727118,266340,4,votes;posts;users;bs;badges;phs;posthistory,110198,0,0,0,0,0,0,55.0,1978
2026-10-01T12:18:38Z,8F6C343203ADCB46,18.6,queries/stackoverflow/SQLStorm/7612.sql,measured,1,12,16,1,0.640,1080.531,24,7,50,5001225,50,93815150,266340,4,votes;posts;users;bs;badges;phs;posthistory,110198,0,0,0,0,0,0,55.0,1978
2026-10-01T12:18:38Z,8F6C343203ADCB46,18.6,queries/stackoverflow/SQLStorm/7612.sql,measured,1,13,16,1,0.601,1049.903,24,7,50,4999343,50,93762454,266340,4,votes;posts;users;bs;badges;phs;posthistory,110198,0,0,0,0,0,0,55.0,1978
2026-10-01T12:18:38Z,8F6C343203ADCB46,18.6,queries/stackoverflow/SQLStorm/7612.sql,measured,1,14,16,1,0.620,1051.850,24,7,50,4998224,50,93731122,266340,4,votes;posts;users;bs;badges;phs;posthistory,110198,0,0,0,0,0,0,55.0,1978
2026-10-01T12:18:38Z,8F6C343203ADCB46,18.6,queries/stackoverflow/SQLStorm/7612.sql,measured,1,15,16,1,0.617,1043.749,24,7,50,4997935,50,93723030,266340,4,votes;posts;users;bs;badges;phs;posthistory,110198,0,0,0,0,0,0,55.0,1978
2026-10-01T12:18:38Z,8F6C343203ADCB46,18.6,queries/stackoverflow/SQLStorm/7612.sql,measured,1,16,16,1,0.601,1042.436,24,7,50,4997755,50,93717990,266340,4,votes;posts;users;bs;badges;phs;posthistory,110198,0,0,0,0,0,0,55.0,1978
2026-10-01T12:18:42Z,B0C5D4259BD68E27,18.6,queries/stackoverflow/SQLStorm/16399.sql,warmup,1,1,1,1,5.992,211.569,7,2,10,106670,10,8639090,28447,4,posts;users,168,31556,0,0,0,0,0,60.0,2369
2026-10-01T12:18:42Z,B0C5D4259BD68E27,18.6,queries/stackoverflow/SQLStorm/16399.sql,warmup,2,1,1,1,0.899,53.605,7,2,10,106665,10,8638685,28447,4,posts;users,31724,0,0,0,0,0,0,60.0,1976
2026-10-01T12:18:47Z,B0C5D4259BD68E27,18.6,queries/stackoverflow/SQLStorm/16399.sql,measured,1,1,1,1,0.912,45.416,7,2,10,106665,10,8638685,28447,4,posts;users,31724,0,0,0,0,0,0,52.0,1434
2026-10-01T12:18:48Z,B0C5D4259BD68E27,18.6,queries/stackoverflow/SQLStorm/16399.sql,measured,1,1,16,1,0.919,44.803,7,2,10,106650,10,8637470,28447,4,posts;users,31724,0,0,0,0,0,0,52.0,2238
2026-10-01T12:18:48Z,B0C5D4259BD68E27,18.6,queries/stackoverflow/SQLStorm/16399.sql,measured,1,2,16,1,0.181,44.456,7,2,10,106650,10,8637470,28447,4,posts;users,31724,0,0,0,0,0,0,52.0,2238
2026-10-01T12:18:48Z,B0C5D4259BD68E27,18.6,queries/stackoverflow/SQLStorm/16399.sql,measured,1,3,16,1,0.182,43.910,7,2,10,106665,10,8638685,28447,4,posts;users,31724,0,0,0,0,0,0,52.0,2238
2026-10-01T12:18:48Z,B0C5D4259BD68E27,18.6,queries/stackoverflow/SQLStorm/16399.sql,measured,1,4,16,1,0.184,44.353,7,2,10,106660,10,8638280,28447,4,posts;users,31724,0,0,0,0,0,0,52.0,2238
2026-10-01T12:18:48Z,B0C5D4259BD68E27,18.6,queries/stackoverflow/SQLStorm/16399.sql,measured,1,5,16,1,0.182,43.241,7,2,10,106665,10,8638685,28447,4,posts;users,31724,0,0,0,0,0,0,52.0,2238
2026-10-01T12:18:48Z,B0C5D4259BD68E27,18.6,queries/stackoverflow/SQLStorm/16399.sql,measured,1,6,16,1,0.190,42.970,7,2,10,106660,10,8638280,28447,4,posts;users,31724,0,0,0,0,0,0,52.0,2238
2026-10-01T12:18:48Z,B0C5D4259BD68E27,18.6,queries/stackoverflow/SQLStorm/16399.sql,measured,1,7,16,1,0.189,42.713,7,2,10,106665,10,8638685,28447,4,posts;users,31724,0,0,0,0,0,0,52.0,2238
2026-10-01T12:18:48Z,B0C5D4259BD68E27,18.6,queries/stackoverflow/SQLStorm/16399.sql,measured,1,8,16,1,0.185,42.200,7,2,10,106655,10,8637875,28447,4,posts;users,31724,0,0,0,0,0,0,52.0,2238
2026-10-01T12:18:48Z,B0C5D4259BD68E27,18.6,queries/stackoverflow/SQLStorm/16399.sql,measured,1,9,16,1,0.185,42.432,7,2,10,106675,10,8639495,28447,4,posts;users,31724,0,0,0,0,0,0,52.0,2238
2026-10-01T12:18:48Z,B0C5D4259BD68E27,18.6,queries/stackoverflow/SQLStorm/16399.sql,measured,1,10,16,1,0.184,42.556,7,2,10,106675,10,8639495,28447,4,posts;users,31724,0,0,0,0,0,0,52.0,2238
2026-10-01T12:18:48Z,B0C5D4259BD68E27,18.6,queries/stackoverflow/SQLStorm/16399.sql,measured,1,11,16,1,0.183,43.993,7,2,10,106660,10,8638280,28447,4,posts;users,31724,0,0,0,0,0,0,52.0,2238
2026-10-01T12:18:48Z,B0C5D4259BD68E27,18.6,queries/stackoverflow/SQLStorm/16399.sql,measured,1,12,16,1,0.185,42.846,7,2,10,106655,10,8637875,28447,4,posts;users,31724,0,0,0,0,0,0,52.0,2238
2026-10-01T12:18:48Z,B0C5D4259BD68E27,18.6,queries/stackoverflow/SQLStorm/16399.sql,measured,1,13,16,1,0.182,42.615,7,2,10,106670,10,8639090,28447,4,posts;users,31724,0,0,0,0,0,0,52.0,2238
2026-10-01T12:18:48Z,B0C5D4259BD68E27,18.6,queries/stackoverflow/SQLStorm/16399.sql,measured,1,14,16,1,0.197,42.474,7,2,10,106660,10,8638280,28447,4,posts;users,31724,0,0,0,0,0,0,52.0,2238
2026-10-01T12:18:48Z,B0C5D4259BD68E27,18.6,queries/stackoverflow/SQLStorm/16399.sql,measured,1,15,16,1,0.186,42.629,7,2,10,106675,10,8639495,28447,4,posts;users,31724,0,0,0,0,0,0,52.0,2238
2026-10-01T12:18:48Z,B0C5D4259BD68E27,18.6,queries/stackoverflow/SQLStorm/16399.sql,measured,1,16,16,1,0.183,42.749,7,2,10,106665,10,8638685,28447,4,posts;users,31724,0,0,0,0,0,0,52.0,2238
2026-10-01T12:18:53Z,E93ABCF92E1F25AD,18.6,queries/stackoverflow/SQLStorm/20804.sql,warmup,1,1,1,1,50.688,1288.780,31,10,0,2504877,22258,69888938,47679,4,posts;posttypes;unnest;tags;phs;posthistory;posthistorytypes;rv;votes;votetypes,10,94659,0,0,0,0,0,54.0,1510
2026-10-01T12:18:54Z,E93ABCF92E1F25AD,18.6,queries/stackoverflow/SQLStorm/20804.sql,warmup,2,1,1,1,2.078,795.459,31,10,0,2504877,22258,69888938,47679,4,posts;posttypes;unnest;tags;phs;posthistory;posthistorytypes;rv;votes;votetypes,94669,0,0,0,0,0,0,60.0,1345
2026-10-01T12:19:00Z,E93ABCF92E1F25AD,18.6,queries/stackoverflow/SQLStorm/20804.sql,measured,1,1,1,1,2.091,793.948,31,10,0,2504877,22258,69888938,47679,4,posts;posttypes;unnest;tags;phs;posthistory;posthistorytypes;rv;votes;votetypes,94669,0,0,0,0,0,0,50.0,1083
2026-10-01T12:19:12Z,E93ABCF92E1F25AD,18.6,queries/stackoverflow/SQLStorm/20804.sql,measured,1,1,16,1,2.090,799.282,31,10,0,2504877,22258,69888938,47679,4,posts;posttypes;unnest;tags;phs;posthistory;posthistorytypes;rv;votes;votetypes,94669,0,0,0,0,0,0,58.0,1401
2026-10-01T12:19:12Z,E93ABCF92E1F25AD,18.6,queries/stackoverflow/SQLStorm/20804.sql,measured,1,2,16,1,0.695,734.499,31,10,0,2504877,22258,69888938,47679,4,posts;posttypes;unnest;tags;phs;posthistory;posthistorytypes;rv;votes;votetypes,94663,0,0,0,0,0,0,58.0,1401
2026-10-01T12:19:12Z,E93ABCF92E1F25AD,18.6,queries/stackoverflow/SQLStorm/20804.sql,measured,1,3,16,1,0.687,715.932,31,10,0,2504877,22258,69888938,47679,4,posts;posttypes;unnest;tags;phs;posthistory;posthistorytypes;rv;votes;votetypes,94663,0,0,0,0,0,0,58.0,1401
2026-10-01T12:19:12Z,E93ABCF92E1F25AD,18.6,queries/stackoverflow/SQLStorm/20804.sql,measured,1,4,16,1,1.052,714.854,31,10,0,2504877,22258,69888938,47679,4,posts;posttypes;unnest;tags;phs;posthistory;posthistorytypes;rv;votes;votetypes,94663,0,0,0,0,0,0,58.0,1401
2026-10-01T12:19:12Z,E93ABCF92E1F25AD,18.6,queries/stackoverflow/SQLStorm/20804.sql,measured,1,5,16,1,0.689,718.297,31,10,0,2504877,22258,69888938,47679,4,posts;posttypes;unnest;tags;phs;posthistory;posthistorytypes;rv;votes;votetypes,94663,0,0,0,0,0,0,58.0,1401
2026-10-01T12:19:12Z,E93ABCF92E1F25AD,18.6,queries/stackoverflow/SQLStorm/20804.sql,measured,1,6,16,1,0.698,720.004,31,10,0,2504877,22258,69888938,47679,4,posts;posttypes;unnest;tags;phs;posthistory;posthistorytypes;rv;votes;votetypes,94663,0,0,0,0,0,0,58.0,1401
2026-10-01T12:19:12Z,E93ABCF92E1F25AD,18.6,queries/stackoverflow/SQLStorm/20804.sql,measured,1,7,16,1,0.708,714.045,31,10,0,2504877,22258,69888938,47679,4,posts;posttypes;unnest;tags;phs;posthistory;posthistorytypes;rv;votes;votetypes,94663,0,0,0,0,0,0,58.0,1401
2026-10-01T12:19:12Z,E93ABCF92E1F25AD,18.6,queries/stackoverflow/SQLStorm/20804.sql,measured,1,8,16,1,0.700,717.606,31,10,0,2504877,22258,69888938,47679,4,posts;posttypes;unnest;tags;phs;posthistory;posthistorytypes;rv;votes;votetypes,94663,0,0,0,0,0,0,58.0,1401
2026-10-01T12:19:12Z,E93ABCF92E1F25AD,18.6,queries/stackoverflow/SQLStorm/20804.sql,measured,1,9,16,1,0.686,721.610,31,10,0,2504877,22258,69888938,47679,4,posts;posttypes;unnest;tags;phs;posthistory;posthistorytypes;rv;votes;votetypes,94663,0,0,0,0,0,0,58.0,1401
2026-10-01T12:19:12Z,E93ABCF92E1F25AD,18.6,queries/stackoverflow/SQLStorm/20804.sql,measured,1,10,16,1,0.705,723.675,31,10,0,2504877,22258,69888938,47679,4,posts;posttypes;unnest;tags;phs;posthistory;posthistorytypes;rv;votes;votetypes,94663,0,0,0,0,0,0,58.0,1401
2026-10-01T12:19:12Z,E93ABCF92E1F25AD,18.6,queries/stackoverflow/SQLStorm/20804.sql,measured,1,11,16,1,0.684,714.059,31,10,0,2504877,22258,69888938,47679,4,posts;posttypes;unnest;tags;phs;posthistory;posthistorytypes;rv;votes;votetypes,94663,0,0,0,0,0,0,58.0,1401
2026-10-01T12:19:12Z,E93ABCF92E1F25AD,18.6,queries/stackoverflow/SQLStorm/20804.sql,measured,1,12,16,1,0.683,733.424,31,10,0,2504877,22258,69888938,47679,4,posts;posttypes;unnest;tags;phs;posthistory;posthistorytypes;rv;votes;votetypes,94663,0,0,0,0,0,0,58.0,1401
2026-10-01T12:19:12Z,E93ABCF92E1F25AD,18.6,queries/stackoverflow/SQLStorm/20804.sql,measured,1,13,16,1,0.754,734.001,31,10,0,2504877,22258,69888938,47679,4,posts;posttypes;unnest;tags;phs;posthistory;posthistorytypes;rv;votes;votetypes,94663,0,0,0,0,0,0,58.0,1401
2026-10-01T12:19:12Z,E93ABCF92E1F25AD,18.6,queries/stackoverflow/SQLStorm/20804.sql,measured,1,14,16,1,0.695,729.189,31,10,0,2504877,22258,69888938,47679,4,posts;posttypes;unnest;tags;phs;posthistory;posthistorytypes;rv;votes;votetypes,94663,0,0,0,0,0,0,58.0,1401
2026-10-01T12:19:12Z,E93ABCF92E1F25AD,18.6,queries/stackoverflow/SQLStorm/20804.sql,measured,1,15,16,1,0.702,715.813,31,10,0,2504877,22258,69888938,47679,4,posts;posttypes;unnest;tags;phs;posthistory;posthistorytypes;rv;votes;votetypes,94663,0,0,0,0,0,0,58.0,1401
2026-10-01T12:19:12Z,E93ABCF92E1F25AD,18.6,queries/stackoverflow/SQLStorm/20804.sql,measured,1,16,16,1,0.700,736.250,31,10,0,2504877,22258,69888938,47679,4,posts;posttypes;unnest;tags;phs;posthistory;posthistorytypes;rv;votes;votetypes,94663,0,0,0,0,0,0,58.0,1401
2026-10-01T12:19:18Z,3BC1AA9F3F04CAD6,18.6,queries/stackoverflow/SQLStorm/21497.sql,warmup,1,1,1,1,178.678,1697.826,26,7,0,2739844,50,57773170,47913,4,badges;users;posthistory;posthistorytypes;rp;posts,6176,104249,0,0,0,0,0,53.0,1529
2026-10-01T12:19:19Z,3BC1AA9F3F04CAD6,18.6,queries/stackoverflow/SQLStorm/21497.sql,warmup,2,1,1,1,1.987,822.353,26,7,0,2739844,50,57773170,47913,4,badges;users;posthistory;posthistorytypes;rp;posts,110425,0,0,0,0,0,0,54.0,1608
2026-10-01T12:19:25Z,3BC1AA9F3F04CAD6,18.6,queries/stackoverflow/SQLStorm/21497.sql,measured,1,1,1,1,2.005,825.382,26,7,0,2739844,50,57773170,47913,4,badges;users;posthistory;posthistorytypes;rp;posts,110425,0,0,0,0,0,0,50.0,1345
2026-10-01T12:19:38Z,3BC1AA9F3F04CAD6,18.6,queries/stackoverflow/SQLStorm/21497.sql,measured,1,1,16,1,1.977,825.052,26,7,0,2739844,50,57773170,47913,4,badges;users;posthistory;posthistorytypes;rp;posts,110425,0,0,0,0,0,0,51.0,1388
2026-10-01T12:19:38Z,3BC1AA9F3F04CAD6,18.6,queries/stackoverflow/SQLStorm/21497.sql,measured,1,2,16,1,0.723,778.070,26,7,0,2739844,50,57773170,47913,4,badges;users;posthistory;posthistorytypes;rp;posts,110425,0,0,0,0,0,0,51.0,1388
2026-10-01T12:19:38Z,3BC1AA9F3F04CAD6,18.6,queries/stackoverflow/SQLStorm/21497.sql,measured,1,3,16,1,0.745,782.110,26,7,0,2739844,50,57773170,47913,4,badges;users;posthistory;posthistorytypes;rp;posts,110425,0,0,0,0,0,0,51.0,1388
2026-10-01T12:19:38Z,3BC1AA9F3F04CAD6,18.6,queries/stackoverflow/SQLStorm/21497.sql,measured,1,4,16,1,0.733,770.608,26,7,0,2739844,50,57773170,47913,4,badges;users;posthistory;posthistorytypes;rp;posts,110425,0,0,0,0,0,0,51.0,1388
2026-10-01T12:19:38Z,3BC1AA9F3F04CAD6,18.6,queries/stackoverflow/SQLStorm/21497.sql,measured,1,5,16,1,0.742,759.062,26,7,0,2739844,50,57773170,47913,4,badges;users;posthistory;posthistorytypes;rp;posts,110425,0,0,0,0,0,0,51.0,1388
2026-10-01T12:19:38Z,3BC1AA9F3F04CAD6,18.6,queries/stackoverflow/SQLStorm/21497.sql,measured,1,6,16,1,0.736,765.561,26,7,0,2739844,50,57773170,47913,4,badges;users;posthistory;posthistorytypes;rp;posts,110425,0,0,0,0,0,0,51.0,1388
2026-10-01T12:19:38Z,3BC1AA9F3F04CAD6,18.6,queries/stackoverflow/SQLStorm/21497.sql,measured,1,7,16,1,0.729,759.807,26,7,0,2739844,50,57773170,47913,4,badges;users;posthistory;posthistorytypes;rp;posts,110425,0,0,0,0,0,0,51.0,1388
2026-10-01T12:19:38Z,3BC1AA9F3F04CAD6,18.6,queries/stackoverflow/SQLStorm/21497.sql,measured,1,8,16,1,0.724,774.039,26,7,0,2739844,50,57773170,47913,4,badges;users;posthistory;posthistorytypes;rp;posts,110425,0,0,0,0,0,0,51.0,1388
2026-10-01T12:19:38Z,3BC1AA9F3F04CAD6,18.6,queries/stackoverflow/SQLStorm/21497.sql,measured,1,9,16,1,0.738,758.684,26,7,0,2739844,50,57773170,47913,4,badges;users;posthistory;posthistorytypes;rp;posts,110425,0,0,0,0,0,0,51.0,1388
2026-10-01T12:19:38Z,3BC1AA9F3F04CAD6,18.6,queries/stackoverflow/SQLStorm/21497.sql,measured,1,10,16,1,0.739,770.765,26,7,0,2739844,50,57773170,47913,4,badges;users;posthistory;posthistorytypes;rp;posts,110425,0,0,0,0,0,0,51.0,1388
2026-10-01T12:19:38Z,3BC1AA9F3F04CAD6,18.6,queries/stackoverflow/SQLStorm/21497.sql,measured,1,11,16,1,0.729,767.778,26,7,0,2739844,50,57773170,47913,4,badges;users;posthistory;posthistorytypes;rp;posts,110425,0,0,0,0,0,0,51.0,1388
2026-10-01T12:19:38Z,3BC1AA9F3F04CAD6,18.6,queries/stackoverflow/SQLStorm/21497.sql,measured,1,12,16,1,0.727,789.220,26,7,0,2739844,50,57773170,47913,4,badges;users;posthistory;posthistorytypes;rp;posts,110425,0,0,0,0,0,0,51.0,1388
2026-10-01T12:19:38Z,3BC1AA9F3F04CAD6,18.6,queries/stackoverflow/SQLStorm/21497.sql,measured,1,13,16,1,0.729,754.255,26,7,0,2739844,50,57773170,47913,4,badges;users;posthistory;posthistorytypes;rp;posts,110425,0,0,0,0,0,0,51.0,1388
2026-10-01T12:19:38Z,3BC1AA9F3F04CAD6,18.6,queries/stackoverflow/SQLStorm/21497.sql,measured,1,14,16,1,0.709,758.273,26,7,0,2739844,50,57773170,47913,4,badges;users;posthistory;posthistorytypes;rp;posts,110425,0,0,0,0,0,0,51.0,1388
2026-10-01T12:19:38Z,3BC1AA9F3F04CAD6,18.6,queries/stackoverflow/SQLStorm/21497.sql,measured,1,15,16,1,0.721,761.310,26,7,0,2739844,50,57773170,47913,4,badges;users;posthistory;posthistorytypes;rp;posts,110425,0,0,0,0,0,0,51.0,1388
2026-10-01T12:19:38Z,3BC1AA9F3F04CAD6,18.6,queries/stackoverflow/SQLStorm/21497.sql,measured,1,16,16,1,0.723,760.112,26,7,0,2739844,50,57773170,47913,4,badges;users;posthistory;posthistorytypes;rp;posts,110425,0,0,0,0,0,0,51.0,1388
2026-10-01T12:19:44Z,2A0502E48937DC47,18.6,compare/probes/probe_cpu.sql,warmup,1,1,1,1,,,,,,,,,,,,,,,,,,0,54.0,1259
2026-10-01T12:19:46Z,2A0502E48937DC47,18.6,compare/probes/probe_cpu.sql,warmup,2,1,1,1,,,,,,,,,,,,,,,,,,0,56.0,779
2026-10-01T12:19:52Z,2A0502E48937DC47,18.6,compare/probes/probe_cpu.sql,measured,1,1,1,1,,,,,,,,,,,,,,,,,,0,57.0,2150
2026-10-01T12:20:17Z,2A0502E48937DC47,18.6,compare/probes/probe_cpu.sql,measured,1,1,16,1,,,,,,,,,,,,,,,,,,0,61.0,1397
