timestamp_utc,run_id,pg_version,query,phase,batch_index,batchnum,runs,warmup,elapsed_sec,avg_copy_elapsed_sec,server_sum_ms,client_overhead_sec,client_user_cpu_sec,client_sys_cpu_sec,client_max_rss_kb,failed,rapl_pkg_j,rapl_core_j,rapl_gpu_j,rapl_dram_j,pkg_temp_start_c,pkg_temp_end_c,pkg_temp_mean_c,pkg_temp_max_c,core_temp_max_c,mhz_mean,throttle_core_delta,throttle_pkg_delta,idle_before_s,preheat_s,cooldown_wait_s,pkg_watts_mean
2026-10-01T12:17:52Z,CF69E43AB2751CC4,18.6,queries/stackoverflow/SQLStorm/5502.sql,warmup,1,1,1,2,1.060981,1.060981,947.424,0.113557,0.030826,0.020345,9472,0,7.839273999998113140,5.883713000002899207,0.000000000000000000,0.999508999986574054,51.0,52.0,51.17,52.0,52.0,2019,0,0,,0.0,0.0,7.389
2026-10-01T12:17:53Z,CF69E43AB2751CC4,18.6,queries/stackoverflow/SQLStorm/5502.sql,warmup,2,1,1,2,0.690268,0.690268,632.846,0.057422,0.033476,0.016902,9728,0,4.291553999995812774,3.434317999999620952,0.000000000000000000,0.526549000001978129,52.0,47.0,52.00,52.0,52.0,1188,0,0,0.000,0.0,0.0,6.217
2026-10-01T12:17:59Z,CF69E43AB2751CC4,18.6,queries/stackoverflow/SQLStorm/5502.sql,measured,1,1,1,2,0.683717,0.683717,626.496,0.057221,0.033744,0.016405,9600,0,4.198353000014321879,3.346732999998494051,0.000000000000000000,0.518004000012297183,46.0,46.0,46.00,46.0,45.0,856,0,0,5.022,0.0,0.0,6.140
2026-10-01T12:18:09Z,CF69E43AB2751CC4,18.6,queries/stackoverflow/SQLStorm/5502.sql,measured,1,16,1,2,9.799022,0.612439,9721.736,0.077286,0.038337,0.017751,9600,0,60.307034999976167455,48.460446999990381300,0.000000000000000000,7.517437000002246350,46.0,55.0,53.39,56.0,56.0,1327,0,0,0.000,0.0,0.0,6.154
2026-10-01T12:18:15Z,8F6C343203ADCB46,18.6,queries/stackoverflow/SQLStorm/7612.sql,warmup,1,1,1,2,2.069690,2.069690,1935.290,0.134400,0.029968,0.020242,9600,0,18.456067999999504536,14.296472000001813285,0.000000000000000000,2.192071999976178631,48.0,54.0,52.18,56.0,56.0,2163,0,0,3.707,0.0,0.0,8.917
2026-10-01T12:18:16Z,8F6C343203ADCB46,18.6,queries/stackoverflow/SQLStorm/7612.sql,warmup,2,1,1,2,1.080597,1.080597,1022.867,0.057730,0.033086,0.017261,9600,0,9.612158000003546476,8.183694000006653368,0.000000000000000000,0.960141999996267259,54.0,59.0,55.67,59.0,59.0,1975,0,0,0.000,0.0,0.0,8.895
2026-10-01T12:18:22Z,8F6C343203ADCB46,18.6,queries/stackoverflow/SQLStorm/7612.sql,measured,1,1,1,2,1.075453,1.075453,1017.951,0.057502,0.037942,0.012226,9600,0,9.441137999994680285,8.126871000000392087,0.000000000000000000,0.948239999997895211,47.0,55.0,51.00,55.0,55.0,1713,0,0,5.023,0.0,0.0,8.779
2026-10-01T12:18:38Z,8F6C343203ADCB46,18.6,queries/stackoverflow/SQLStorm/7612.sql,measured,1,16,1,2,16.232730,1.014546,16107.005,0.125725,0.041122,0.018134,9600,0,169.484551000001374632,142.510864999989280477,0.000000000000000000,15.000938999990466982,55.0,63.0,58.23,63.0,63.0,1978,0,0,0.000,0.0,0.0,10.441
2026-10-01T12:18:42Z,B0C5D4259BD68E27,18.6,queries/stackoverflow/SQLStorm/16399.sql,warmup,1,1,1,2,0.280047,0.280047,211.569,0.068478,0.031549,0.019062,9600,0,3.720938000013120472,2.993096000005607493,0.000000000000000000,0.398742000019410625,60.0,60.0,60.00,60.0,59.0,2369,0,0,3.236,0.0,0.0,13.287
2026-10-01T12:18:42Z,B0C5D4259BD68E27,18.6,queries/stackoverflow/SQLStorm/16399.sql,warmup,2,1,1,2,0.110007,0.110007,53.605,0.056402,0.032346,0.017913,9600,0,1.404171000001952052,1.148434000002453104,0.000000000000000000,0.118530000007012859,60.0,60.0,60.00,60.0,59.0,1976,0,0,0.000,0.0,0.0,12.764
2026-10-01T12:18:47Z,B0C5D4259BD68E27,18.6,queries/stackoverflow/SQLStorm/16399.sql,measured,1,1,1,2,0.101283,0.101283,45.416,0.055867,0.034828,0.015071,9600,0,1.024960000009741634,0.825621000010869466,0.000000000000000000,0.104430999985197559,52.0,52.0,52.00,52.0,51.0,1434,0,0,5.019,0.0,0.0,10.120
2026-10-01T12:18:48Z,B0C5D4259BD68E27,18.6,queries/stackoverflow/SQLStorm/16399.sql,measured,1,16,1,2,0.756330,0.047271,690.940,0.065390,0.031478,0.020859,9472,0,10.092380999994929880,8.893166000008932315,0.000000000000000000,1.073911000014049932,52.0,61.0,58.75,61.0,61.0,2238,0,0,0.000,0.0,0.0,13.344
2026-10-01T12:18:53Z,E93ABCF92E1F25AD,18.6,queries/stackoverflow/SQLStorm/20804.sql,warmup,1,1,1,2,1.591618,1.591618,1288.780,0.302838,0.034413,0.016041,9600,0,12.406095999991521239,8.915198999995482154,0.000000000000000000,1.630671999999321997,54.0,60.0,56.25,60.0,60.0,1510,0,0,3.606,0.0,0.0,7.795
2026-10-01T12:18:54Z,E93ABCF92E1F25AD,18.6,queries/stackoverflow/SQLStorm/20804.sql,warmup,2,1,1,2,0.855031,0.855031,795.459,0.059572,0.035616,0.015322,9472,0,5.601913999998942018,4.458545000001322478,0.000000000000000000,0.717039999988628551,60.0,59.0,59.40,60.0,60.0,1345,0,0,0.000,0.0,0.0,6.552
2026-10-01T12:19:00Z,E93ABCF92E1F25AD,18.6,queries/stackoverflow/SQLStorm/20804.sql,measured,1,1,1,2,0.853377,0.853377,793.948,0.059429,0.038602,0.012180,9600,0,5.520311000000219792,4.415882000001147389,0.000000000000000000,0.711179000005358830,50.0,58.0,54.80,58.0,58.0,1083,0,0,5.023,0.0,0.0,6.469
2026-10-01T12:19:12Z,E93ABCF92E1F25AD,18.6,queries/stackoverflow/SQLStorm/20804.sql,measured,1,16,1,2,11.732055,0.733253,11642.540,0.089515,0.046010,0.014172,9472,0,77.261947999999392778,62.217003999990993179,0.000000000000000000,10.011632000008830801,58.0,58.0,58.17,59.0,60.0,1401,0,0,0.000,0.0,0.0,6.586
2026-10-01T12:19:18Z,3BC1AA9F3F04CAD6,18.6,queries/stackoverflow/SQLStorm/21497.sql,warmup,1,1,1,2,1.948250,1.948250,1697.826,0.250424,0.028569,0.021952,9472,0,13.924524000001838431,9.905859000005875714,0.000000000000000000,1.978571999992709607,53.0,54.0,53.50,54.0,54.0,1529,0,0,3.753,0.0,0.0,7.147
2026-10-01T12:19:19Z,3BC1AA9F3F04CAD6,18.6,queries/stackoverflow/SQLStorm/21497.sql,warmup,2,1,1,2,0.880950,0.880950,822.353,0.058597,0.040770,0.009668,9600,0,6.190719000005628914,4.984728000010363758,0.000000000000000000,0.825986999989254400,54.0,53.0,54.00,54.0,54.0,1608,0,0,0.000,0.0,0.0,7.027
2026-10-01T12:19:25Z,3BC1AA9F3F04CAD6,18.6,queries/stackoverflow/SQLStorm/21497.sql,measured,1,1,1,2,0.935725,0.935725,825.382,0.110343,0.033326,0.016987,9472,0,6.279097999999066815,5.037339999995310791,0.000000000000000000,0.865415000007487833,50.0,51.0,50.00,50.0,49.0,1345,0,0,5.071,0.0,0.0,6.710
2026-10-01T12:19:38Z,3BC1AA9F3F04CAD6,18.6,queries/stackoverflow/SQLStorm/21497.sql,measured,1,16,1,2,12.477015,0.779813,12334.706,0.142309,0.043908,0.017823,9472,0,88.498857999977190048,72.015745999990031123,0.000000000000000000,11.951995999988866970,51.0,59.0,57.65,60.0,60.0,1388,0,0,0.000,0.0,0.0,7.093
2026-10-01T12:19:44Z,2A0502E48937DC47,18.6,compare/probes/probe_cpu.sql,warmup,1,1,1,2,2.009834,2.009834,,,0.032516,0.017353,9600,0,10.564303999999538064,7.642497000008006580,0.000000000000000000,1.220516999979736283,54.0,56.0,56.00,58.0,58.0,1259,0,0,3.771,0.0,0.0,5.256
2026-10-01T12:19:46Z,2A0502E48937DC47,18.6,compare/probes/probe_cpu.sql,warmup,2,1,1,2,1.633947,1.633947,,,0.032033,0.018416,9472,0,9.415197999973315746,7.329266000000643544,0.000000000000000000,0.989498999988427386,56.0,51.0,58.22,60.0,60.0,779,0,0,0.052,0.0,0.0,5.762
2026-10-01T12:19:52Z,2A0502E48937DC47,18.6,compare/probes/probe_cpu.sql,measured,1,1,1,2,1.605663,1.605663,,,0.037772,0.013357,9600,0,16.388264000008348376,12.868130999995628372,0.000000000000000000,1.031124999979510903,57.0,61.0,58.78,61.0,61.0,2150,0,0,5.016,0.0,0.0,10.207
2026-10-01T12:20:17Z,2A0502E48937DC47,18.6,compare/probes/probe_cpu.sql,measured,1,16,1,2,24.645104,1.540319,,,0.041389,0.010253,9472,0,174.667400000005727634,138.131970999995246530,0.000000000000000000,15.069174999982351437,61.0,61.0,61.65,63.0,63.0,1397,0,0,0.000,0.0,0.0,7.087
