tier,band,query,e1_j,t1_s,workers,repeats,staged
reference,0-2 J,queries/tpch/SQLStorm/14616.sql,0.50457763671875,0.069434,4,10,queries/tpch/sqlstorm_slope/reference/14616.sql
reference,0-2 J,queries/tpch/SQLStorm/28614.sql,0.55078125,0.078991,2,10,queries/tpch/sqlstorm_slope/reference/28614.sql
reference,0-2 J,queries/tpch/SQLStorm/10945.sql,0.90789794921875,0.102326,4,10,queries/tpch/sqlstorm_slope/reference/10945.sql
reference,0-2 J,queries/tpch/SQLStorm/26382.sql,1.032470703125,0.115426,2,10,queries/tpch/sqlstorm_slope/reference/26382.sql
breadth,0-2 J,queries/tpch/SQLStorm/26559.sql,0.36669921875,0.059462,0,3,queries/tpch/sqlstorm_slope/breadth/26559.sql
breadth,0-2 J,queries/tpch/SQLStorm/16563.sql,0.37249755859375,0.058483,0,3,queries/tpch/sqlstorm_slope/breadth/16563.sql
breadth,0-2 J,queries/tpch/SQLStorm/29774.sql,0.3875732421875,0.061017,0,3,queries/tpch/sqlstorm_slope/breadth/29774.sql
breadth,0-2 J,queries/tpch/SQLStorm/25027.sql,0.39703369140625,0.062965,0,3,queries/tpch/sqlstorm_slope/breadth/25027.sql
breadth,0-2 J,queries/tpch/SQLStorm/29233.sql,0.41058349609375,0.064036,0,3,queries/tpch/sqlstorm_slope/breadth/29233.sql
breadth,0-2 J,queries/tpch/SQLStorm/28716.sql,0.42645263671875,0.074522,0,3,queries/tpch/sqlstorm_slope/breadth/28716.sql
breadth,0-2 J,queries/tpch/SQLStorm/11504.sql,0.486083984375,0.072449,4,3,queries/tpch/sqlstorm_slope/breadth/11504.sql
breadth,0-2 J,queries/tpch/SQLStorm/27580.sql,0.495361328125,0.078661,2,3,queries/tpch/sqlstorm_slope/breadth/27580.sql
breadth,0-2 J,queries/tpch/SQLStorm/7408.sql,0.544921875,0.07418,4,3,queries/tpch/sqlstorm_slope/breadth/7408.sql
breadth,0-2 J,queries/tpch/SQLStorm/25757.sql,0.5772705078125,0.07832,2,3,queries/tpch/sqlstorm_slope/breadth/25757.sql
breadth,0-2 J,queries/tpch/SQLStorm/30223.sql,0.58367919921875,0.084194,2,3,queries/tpch/sqlstorm_slope/breadth/30223.sql
breadth,0-2 J,queries/tpch/SQLStorm/25517.sql,0.59619140625,0.080682,2,3,queries/tpch/sqlstorm_slope/breadth/25517.sql
breadth,0-2 J,queries/tpch/SQLStorm/27308.sql,0.60162353515625,0.085016,2,3,queries/tpch/sqlstorm_slope/breadth/27308.sql
breadth,0-2 J,queries/tpch/SQLStorm/29821.sql,0.60357666015625,0.083914,2,3,queries/tpch/sqlstorm_slope/breadth/29821.sql
breadth,0-2 J,queries/tpch/SQLStorm/26572.sql,0.6121826171875,0.085207,2,3,queries/tpch/sqlstorm_slope/breadth/26572.sql
breadth,0-2 J,queries/tpch/SQLStorm/28487.sql,0.6220703125,0.085222,2,3,queries/tpch/sqlstorm_slope/breadth/28487.sql
breadth,0-2 J,queries/tpch/SQLStorm/26423.sql,0.62762451171875,0.088039,2,3,queries/tpch/sqlstorm_slope/breadth/26423.sql
breadth,0-2 J,queries/tpch/SQLStorm/20247.sql,0.6373291015625,0.085249,2,3,queries/tpch/sqlstorm_slope/breadth/20247.sql
breadth,0-2 J,queries/tpch/SQLStorm/32060.sql,0.6845703125,0.090647,2,3,queries/tpch/sqlstorm_slope/breadth/32060.sql
breadth,0-2 J,queries/tpch/SQLStorm/20177.sql,0.71710205078125,0.128619,0,3,queries/tpch/sqlstorm_slope/breadth/20177.sql
breadth,0-2 J,queries/tpch/SQLStorm/32319.sql,0.77459716796875,0.136638,0,3,queries/tpch/sqlstorm_slope/breadth/32319.sql
breadth,0-2 J,queries/tpch/SQLStorm/25120.sql,0.81390380859375,0.138937,0,3,queries/tpch/sqlstorm_slope/breadth/25120.sql
breadth,0-2 J,queries/tpch/SQLStorm/24422.sql,1.05340576171875,0.197479,0,3,queries/tpch/sqlstorm_slope/breadth/24422.sql
breadth,0-2 J,queries/tpch/SQLStorm/15906.sql,1.17333984375,0.129605,2,3,queries/tpch/sqlstorm_slope/breadth/15906.sql
breadth,0-2 J,queries/tpch/SQLStorm/33383.sql,1.2012939453125,0.160262,4,3,queries/tpch/sqlstorm_slope/breadth/33383.sql
breadth,0-2 J,queries/tpch/SQLStorm/2888.sql,1.3629150390625,0.251908,0,3,queries/tpch/sqlstorm_slope/breadth/2888.sql
breadth,0-2 J,queries/tpch/SQLStorm/16900.sql,1.49066162109375,0.129765,4,3,queries/tpch/sqlstorm_slope/breadth/16900.sql
breadth,0-2 J,queries/tpch/SQLStorm/21341.sql,1.66925048828125,0.210669,2,3,queries/tpch/sqlstorm_slope/breadth/21341.sql
breadth,0-2 J,queries/tpch/SQLStorm/11198.sql,1.83001708984375,0.227799,4,3,queries/tpch/sqlstorm_slope/breadth/11198.sql
breadth,0-2 J,queries/tpch/SQLStorm/1707.sql,1.92120361328125,0.332461,0,3,queries/tpch/sqlstorm_slope/breadth/1707.sql
reference,2-7.5 J,queries/tpch/SQLStorm/10538.sql,2.22735595703125,0.186294,4,10,queries/tpch/sqlstorm_slope/reference/10538.sql
reference,2-7.5 J,queries/tpch/SQLStorm/5820.sql,4.3870849609375,0.365783,3,10,queries/tpch/sqlstorm_slope/reference/5820.sql
reference,2-7.5 J,queries/tpch/SQLStorm/14523.sql,5.54595947265625,0.468076,4,10,queries/tpch/sqlstorm_slope/reference/14523.sql
reference,2-7.5 J,queries/tpch/SQLStorm/15338.sql,7.33880615234375,1.31248,0,10,queries/tpch/sqlstorm_slope/reference/15338.sql
breadth,2-7.5 J,queries/tpch/SQLStorm/25859.sql,2.06854248046875,0.219195,4,3,queries/tpch/sqlstorm_slope/breadth/25859.sql
breadth,2-7.5 J,queries/tpch/SQLStorm/28434.sql,2.221435546875,0.398123,0,3,queries/tpch/sqlstorm_slope/breadth/28434.sql
breadth,2-7.5 J,queries/tpch/SQLStorm/2862.sql,2.38006591796875,0.236766,4,3,queries/tpch/sqlstorm_slope/breadth/2862.sql
breadth,2-7.5 J,queries/tpch/SQLStorm/25773.sql,2.768798828125,0.309078,3,3,queries/tpch/sqlstorm_slope/breadth/25773.sql
breadth,2-7.5 J,queries/tpch/SQLStorm/15671.sql,3.06695556640625,0.223231,4,3,queries/tpch/sqlstorm_slope/breadth/15671.sql
breadth,2-7.5 J,queries/tpch/SQLStorm/17094.sql,3.1611328125,0.245434,3,3,queries/tpch/sqlstorm_slope/breadth/17094.sql
breadth,2-7.5 J,queries/tpch/SQLStorm/25600.sql,3.33203125,0.308748,4,3,queries/tpch/sqlstorm_slope/breadth/25600.sql
breadth,2-7.5 J,queries/tpch/SQLStorm/16293.sql,3.44287109375,0.255464,3,3,queries/tpch/sqlstorm_slope/breadth/16293.sql
breadth,2-7.5 J,queries/tpch/SQLStorm/28601.sql,3.520263671875,0.322564,4,3,queries/tpch/sqlstorm_slope/breadth/28601.sql
breadth,2-7.5 J,queries/tpch/SQLStorm/13074.sql,3.74713134765625,0.393884,2,3,queries/tpch/sqlstorm_slope/breadth/13074.sql
breadth,2-7.5 J,queries/tpch/SQLStorm/14053.sql,3.900390625,0.280327,4,3,queries/tpch/sqlstorm_slope/breadth/14053.sql
breadth,2-7.5 J,queries/tpch/SQLStorm/3259.sql,4.0030517578125,0.708178,0,3,queries/tpch/sqlstorm_slope/breadth/3259.sql
breadth,2-7.5 J,queries/tpch/SQLStorm/30319.sql,4.206787109375,0.382684,4,3,queries/tpch/sqlstorm_slope/breadth/30319.sql
breadth,2-7.5 J,queries/tpch/SQLStorm/28069.sql,4.45855712890625,0.802867,0,3,queries/tpch/sqlstorm_slope/breadth/28069.sql
breadth,2-7.5 J,queries/tpch/SQLStorm/18986.sql,4.62457275390625,0.416496,4,3,queries/tpch/sqlstorm_slope/breadth/18986.sql
breadth,2-7.5 J,queries/tpch/SQLStorm/9037.sql,4.859619140625,0.889621,0,3,queries/tpch/sqlstorm_slope/breadth/9037.sql
breadth,2-7.5 J,queries/tpch/SQLStorm/11888.sql,4.8980712890625,0.443857,4,3,queries/tpch/sqlstorm_slope/breadth/11888.sql
breadth,2-7.5 J,queries/tpch/SQLStorm/4445.sql,4.98345947265625,0.925771,0,3,queries/tpch/sqlstorm_slope/breadth/4445.sql
breadth,2-7.5 J,queries/tpch/SQLStorm/14917.sql,5.12255859375,0.445871,4,3,queries/tpch/sqlstorm_slope/breadth/14917.sql
breadth,2-7.5 J,queries/tpch/SQLStorm/18637.sql,5.28021240234375,0.945571,0,3,queries/tpch/sqlstorm_slope/breadth/18637.sql
breadth,2-7.5 J,queries/tpch/SQLStorm/13170.sql,5.50372314453125,0.457353,4,3,queries/tpch/sqlstorm_slope/breadth/13170.sql
breadth,2-7.5 J,queries/tpch/SQLStorm/18032.sql,5.61041259765625,1.003442,0,3,queries/tpch/sqlstorm_slope/breadth/18032.sql
breadth,2-7.5 J,queries/tpch/SQLStorm/129.sql,5.7750244140625,0.42184,4,3,queries/tpch/sqlstorm_slope/breadth/129.sql
breadth,2-7.5 J,queries/tpch/SQLStorm/20160.sql,6.1873779296875,1.108025,0,3,queries/tpch/sqlstorm_slope/breadth/20160.sql
breadth,2-7.5 J,queries/tpch/SQLStorm/13204.sql,6.3905029296875,0.747967,4,3,queries/tpch/sqlstorm_slope/breadth/13204.sql
breadth,2-7.5 J,queries/tpch/SQLStorm/28042.sql,6.56292724609375,0.846486,3,3,queries/tpch/sqlstorm_slope/breadth/28042.sql
breadth,2-7.5 J,queries/tpch/SQLStorm/15102.sql,6.71533203125,0.456323,4,3,queries/tpch/sqlstorm_slope/breadth/15102.sql
breadth,2-7.5 J,queries/tpch/SQLStorm/29383.sql,6.79644775390625,0.846767,3,3,queries/tpch/sqlstorm_slope/breadth/29383.sql
breadth,2-7.5 J,queries/tpch/SQLStorm/18821.sql,7.2198486328125,0.602047,4,3,queries/tpch/sqlstorm_slope/breadth/18821.sql
breadth,2-7.5 J,queries/tpch/SQLStorm/11034.sql,7.315673828125,1.362248,0,3,queries/tpch/sqlstorm_slope/breadth/11034.sql
reference,7.5-15 J,queries/tpch/SQLStorm/32103.sql,8.5257568359375,0.615813,4,10,queries/tpch/sqlstorm_slope/reference/32103.sql
reference,7.5-15 J,queries/tpch/SQLStorm/17087.sql,9.8974609375,0.814816,3,10,queries/tpch/sqlstorm_slope/reference/17087.sql
reference,7.5-15 J,queries/tpch/SQLStorm/11767.sql,10.76812744140625,0.757659,4,10,queries/tpch/sqlstorm_slope/reference/11767.sql
reference,7.5-15 J,queries/tpch/SQLStorm/11750.sql,14.07965087890625,1.555188,3,10,queries/tpch/sqlstorm_slope/reference/11750.sql
breadth,7.5-15 J,queries/tpch/SQLStorm/14145.sql,7.7435302734375,0.614348,4,3,queries/tpch/sqlstorm_slope/breadth/14145.sql
breadth,7.5-15 J,queries/tpch/SQLStorm/1396.sql,7.92510986328125,1.415847,0,3,queries/tpch/sqlstorm_slope/breadth/1396.sql
breadth,7.5-15 J,queries/tpch/SQLStorm/9323.sql,8.05145263671875,1.228664,4,3,queries/tpch/sqlstorm_slope/breadth/9323.sql
breadth,7.5-15 J,queries/tpch/SQLStorm/28067.sql,8.3453369140625,1.512529,0,3,queries/tpch/sqlstorm_slope/breadth/28067.sql
breadth,7.5-15 J,queries/tpch/SQLStorm/14101.sql,8.58245849609375,0.619365,4,3,queries/tpch/sqlstorm_slope/breadth/14101.sql
breadth,7.5-15 J,queries/tpch/SQLStorm/5961.sql,9.03790283203125,1.64543,0,3,queries/tpch/sqlstorm_slope/breadth/5961.sql
breadth,7.5-15 J,queries/tpch/SQLStorm/11716.sql,9.59368896484375,0.666724,4,3,queries/tpch/sqlstorm_slope/breadth/11716.sql
breadth,7.5-15 J,queries/tpch/SQLStorm/11394.sql,9.83734130859375,0.793884,3,3,queries/tpch/sqlstorm_slope/breadth/11394.sql
breadth,7.5-15 J,queries/tpch/SQLStorm/12604.sql,9.920654296875,0.721969,4,3,queries/tpch/sqlstorm_slope/breadth/12604.sql
breadth,7.5-15 J,queries/tpch/SQLStorm/12430.sql,9.9381103515625,0.814016,3,3,queries/tpch/sqlstorm_slope/breadth/12430.sql
breadth,7.5-15 J,queries/tpch/SQLStorm/1934.sql,10.09228515625,1.334144,4,3,queries/tpch/sqlstorm_slope/breadth/1934.sql
breadth,7.5-15 J,queries/tpch/SQLStorm/16236.sql,10.19610595703125,1.888667,0,3,queries/tpch/sqlstorm_slope/breadth/16236.sql
breadth,7.5-15 J,queries/tpch/SQLStorm/10042.sql,10.51263427734375,0.736926,4,3,queries/tpch/sqlstorm_slope/breadth/10042.sql
breadth,7.5-15 J,queries/tpch/SQLStorm/23849.sql,10.6173095703125,1.888851,0,3,queries/tpch/sqlstorm_slope/breadth/23849.sql
breadth,7.5-15 J,queries/tpch/SQLStorm/13447.sql,10.70318603515625,0.75542,4,3,queries/tpch/sqlstorm_slope/breadth/13447.sql
breadth,7.5-15 J,queries/tpch/SQLStorm/11335.sql,10.912109375,0.886387,3,3,queries/tpch/sqlstorm_slope/breadth/11335.sql
breadth,7.5-15 J,queries/tpch/SQLStorm/12380.sql,10.99554443359375,0.851247,4,3,queries/tpch/sqlstorm_slope/breadth/12380.sql
breadth,7.5-15 J,queries/tpch/SQLStorm/10649.sql,11.23876953125,1.943662,0,3,queries/tpch/sqlstorm_slope/breadth/10649.sql
breadth,7.5-15 J,queries/tpch/SQLStorm/9959.sql,11.69451904296875,1.004529,4,3,queries/tpch/sqlstorm_slope/breadth/9959.sql
breadth,7.5-15 J,queries/tpch/SQLStorm/10414.sql,11.8260498046875,1.966814,0,3,queries/tpch/sqlstorm_slope/breadth/10414.sql
breadth,7.5-15 J,queries/tpch/SQLStorm/11418.sql,12.31103515625,0.846113,4,3,queries/tpch/sqlstorm_slope/breadth/11418.sql
breadth,7.5-15 J,queries/tpch/SQLStorm/12239.sql,12.56591796875,1.347214,3,3,queries/tpch/sqlstorm_slope/breadth/12239.sql
breadth,7.5-15 J,queries/tpch/SQLStorm/33655.sql,12.75439453125,1.140238,4,3,queries/tpch/sqlstorm_slope/breadth/33655.sql
breadth,7.5-15 J,queries/tpch/SQLStorm/29043.sql,13.15045166015625,2.371722,0,3,queries/tpch/sqlstorm_slope/breadth/29043.sql
breadth,7.5-15 J,queries/tpch/SQLStorm/13177.sql,13.2822265625,1.228807,4,3,queries/tpch/sqlstorm_slope/breadth/13177.sql
breadth,7.5-15 J,queries/tpch/SQLStorm/23438.sql,13.63922119140625,2.620267,0,3,queries/tpch/sqlstorm_slope/breadth/23438.sql
breadth,7.5-15 J,queries/tpch/SQLStorm/7992.sql,13.75091552734375,1.412868,4,3,queries/tpch/sqlstorm_slope/breadth/7992.sql
breadth,7.5-15 J,queries/tpch/SQLStorm/27577.sql,13.9794921875,1.619247,2,3,queries/tpch/sqlstorm_slope/breadth/27577.sql
breadth,7.5-15 J,queries/tpch/SQLStorm/6700.sql,14.56024169921875,1.653327,4,3,queries/tpch/sqlstorm_slope/breadth/6700.sql
breadth,7.5-15 J,queries/tpch/SQLStorm/7909.sql,14.9974365234375,2.647034,0,3,queries/tpch/sqlstorm_slope/breadth/7909.sql
reference,15-40 J,queries/tpch/SQLStorm/8033.sql,19.20465087890625,1.440635,4,10,queries/tpch/sqlstorm_slope/reference/8033.sql
reference,15-40 J,queries/tpch/SQLStorm/1022.sql,19.63189697265625,3.433471,3,10,queries/tpch/sqlstorm_slope/reference/1022.sql
reference,15-40 J,queries/tpch/SQLStorm/29659.sql,27.48712158203125,2.466788,4,10,queries/tpch/sqlstorm_slope/reference/29659.sql
reference,15-40 J,queries/tpch/SQLStorm/26387.sql,36.66253662109375,4.220337,3,10,queries/tpch/sqlstorm_slope/reference/26387.sql
breadth,15-40 J,queries/tpch/SQLStorm/6781.sql,15.158935546875,1.615155,4,3,queries/tpch/sqlstorm_slope/breadth/6781.sql
breadth,15-40 J,queries/tpch/SQLStorm/9147.sql,15.66729736328125,2.811255,0,3,queries/tpch/sqlstorm_slope/breadth/9147.sql
breadth,15-40 J,queries/tpch/SQLStorm/4216.sql,16.3995361328125,1.661482,4,3,queries/tpch/sqlstorm_slope/breadth/4216.sql
breadth,15-40 J,queries/tpch/SQLStorm/10129.sql,17.03955078125,2.463587,0,3,queries/tpch/sqlstorm_slope/breadth/10129.sql
breadth,15-40 J,queries/tpch/SQLStorm/17679.sql,17.74493408203125,1.693259,4,3,queries/tpch/sqlstorm_slope/breadth/17679.sql
breadth,15-40 J,queries/tpch/SQLStorm/26705.sql,18.20843505859375,3.137969,0,3,queries/tpch/sqlstorm_slope/breadth/26705.sql
breadth,15-40 J,queries/tpch/SQLStorm/19673.sql,18.5595703125,1.25336,4,3,queries/tpch/sqlstorm_slope/breadth/19673.sql
breadth,15-40 J,queries/tpch/SQLStorm/7981.sql,19.14251708984375,3.543691,0,3,queries/tpch/sqlstorm_slope/breadth/7981.sql
breadth,15-40 J,queries/tpch/SQLStorm/32529.sql,20.14007568359375,2.289326,4,3,queries/tpch/sqlstorm_slope/breadth/32529.sql
breadth,15-40 J,queries/tpch/SQLStorm/342.sql,20.58935546875,3.724014,0,3,queries/tpch/sqlstorm_slope/breadth/342.sql
breadth,15-40 J,queries/tpch/SQLStorm/10013.sql,20.80596923828125,1.492127,4,3,queries/tpch/sqlstorm_slope/breadth/10013.sql
breadth,15-40 J,queries/tpch/SQLStorm/7346.sql,21.28759765625,3.134579,3,3,queries/tpch/sqlstorm_slope/breadth/7346.sql
breadth,15-40 J,queries/tpch/SQLStorm/11349.sql,21.9261474609375,1.548677,4,3,queries/tpch/sqlstorm_slope/breadth/11349.sql
breadth,15-40 J,queries/tpch/SQLStorm/30607.sql,22.58612060546875,3.962233,0,3,queries/tpch/sqlstorm_slope/breadth/30607.sql
breadth,15-40 J,queries/tpch/SQLStorm/14529.sql,22.76531982421875,1.497624,4,3,queries/tpch/sqlstorm_slope/breadth/14529.sql
breadth,15-40 J,queries/tpch/SQLStorm/5142.sql,23.49517822265625,2.690813,2,3,queries/tpch/sqlstorm_slope/breadth/5142.sql
breadth,15-40 J,queries/tpch/SQLStorm/7405.sql,25.05023193359375,3.185543,4,3,queries/tpch/sqlstorm_slope/breadth/7405.sql
breadth,15-40 J,queries/tpch/SQLStorm/21010.sql,25.7152099609375,4.505751,0,3,queries/tpch/sqlstorm_slope/breadth/21010.sql
breadth,15-40 J,queries/tpch/SQLStorm/11442.sql,27.10205078125,1.783218,4,3,queries/tpch/sqlstorm_slope/breadth/11442.sql
breadth,15-40 J,queries/tpch/SQLStorm/5071.sql,27.390380859375,5.176226,0,3,queries/tpch/sqlstorm_slope/breadth/5071.sql
breadth,15-40 J,queries/tpch/SQLStorm/12051.sql,29.5093994140625,2.057807,4,3,queries/tpch/sqlstorm_slope/breadth/12051.sql
breadth,15-40 J,queries/tpch/SQLStorm/5951.sql,29.585205078125,5.712408,0,3,queries/tpch/sqlstorm_slope/breadth/5951.sql
breadth,15-40 J,queries/tpch/SQLStorm/10075.sql,30.80914306640625,2.211714,4,3,queries/tpch/sqlstorm_slope/breadth/10075.sql
breadth,15-40 J,queries/tpch/SQLStorm/7872.sql,31.88116455078125,4.58106,3,3,queries/tpch/sqlstorm_slope/breadth/7872.sql
breadth,15-40 J,queries/tpch/SQLStorm/8619.sql,32.9591064453125,2.571879,4,3,queries/tpch/sqlstorm_slope/breadth/8619.sql
breadth,15-40 J,queries/tpch/SQLStorm/31494.sql,34.01171875,2.336373,3,3,queries/tpch/sqlstorm_slope/breadth/31494.sql
breadth,15-40 J,queries/tpch/SQLStorm/10218.sql,34.434326171875,2.355863,4,3,queries/tpch/sqlstorm_slope/breadth/10218.sql
breadth,15-40 J,queries/tpch/SQLStorm/27777.sql,36.03411865234375,4.229423,3,3,queries/tpch/sqlstorm_slope/breadth/27777.sql
breadth,15-40 J,queries/tpch/SQLStorm/3102.sql,36.584716796875,4.056513,4,3,queries/tpch/sqlstorm_slope/breadth/3102.sql
breadth,15-40 J,queries/tpch/SQLStorm/834.sql,38.924560546875,2.680444,1,3,queries/tpch/sqlstorm_slope/breadth/834.sql
reference,40-75 J,queries/tpch/SQLStorm/5116.sql,44.5936279296875,5.671121,4,10,queries/tpch/sqlstorm_slope/reference/5116.sql
reference,40-75 J,queries/tpch/SQLStorm/8865.sql,45.99884033203125,8.232059,3,10,queries/tpch/sqlstorm_slope/reference/8865.sql
reference,40-75 J,queries/tpch/SQLStorm/15598.sql,64.57464599609375,4.907591,4,10,queries/tpch/sqlstorm_slope/reference/15598.sql
reference,40-75 J,queries/tpch/SQLStorm/9307.sql,74.09564208984375,13.457057,0,10,queries/tpch/sqlstorm_slope/reference/9307.sql
breadth,40-75 J,queries/tpch/SQLStorm/13690.sql,40.586669921875,3.695943,4,3,queries/tpch/sqlstorm_slope/breadth/13690.sql
breadth,40-75 J,queries/tpch/SQLStorm/4765.sql,41.1715087890625,6.772899,3,3,queries/tpch/sqlstorm_slope/breadth/4765.sql
breadth,40-75 J,queries/tpch/SQLStorm/8682.sql,42.05328369140625,5.287633,4,3,queries/tpch/sqlstorm_slope/breadth/8682.sql
breadth,40-75 J,queries/tpch/SQLStorm/3463.sql,43.08331298828125,6.794135,3,3,queries/tpch/sqlstorm_slope/breadth/3463.sql
breadth,40-75 J,queries/tpch/SQLStorm/17006.sql,43.975341796875,4.090965,4,3,queries/tpch/sqlstorm_slope/breadth/17006.sql
breadth,40-75 J,queries/tpch/SQLStorm/30678.sql,44.52191162109375,4.184381,2,3,queries/tpch/sqlstorm_slope/breadth/30678.sql
breadth,40-75 J,queries/tpch/SQLStorm/18060.sql,45.052001953125,4.129485,4,3,queries/tpch/sqlstorm_slope/breadth/18060.sql
breadth,40-75 J,queries/tpch/SQLStorm/6154.sql,45.84490966796875,8.060904,0,3,queries/tpch/sqlstorm_slope/breadth/6154.sql
breadth,40-75 J,queries/tpch/SQLStorm/10222.sql,46.23016357421875,4.207865,4,3,queries/tpch/sqlstorm_slope/breadth/10222.sql
breadth,40-75 J,queries/tpch/SQLStorm/4186.sql,48.15106201171875,8.476261,0,3,queries/tpch/sqlstorm_slope/breadth/4186.sql
breadth,40-75 J,queries/tpch/SQLStorm/13280.sql,49.06317138671875,3.211927,4,3,queries/tpch/sqlstorm_slope/breadth/13280.sql
breadth,40-75 J,queries/tpch/SQLStorm/7999.sql,50.41632080078125,9.276525,0,3,queries/tpch/sqlstorm_slope/breadth/7999.sql
breadth,40-75 J,queries/tpch/SQLStorm/505.sql,51.0533447265625,4.8407,4,3,queries/tpch/sqlstorm_slope/breadth/505.sql
breadth,40-75 J,queries/tpch/SQLStorm/23619.sql,51.8348388671875,9.128999,2,3,queries/tpch/sqlstorm_slope/breadth/23619.sql
breadth,40-75 J,queries/tpch/SQLStorm/3285.sql,53.23876953125,5.314754,4,3,queries/tpch/sqlstorm_slope/breadth/3285.sql
breadth,40-75 J,queries/tpch/SQLStorm/33703.sql,55.00250244140625,6.869818,3,3,queries/tpch/sqlstorm_slope/breadth/33703.sql
breadth,40-75 J,queries/tpch/SQLStorm/7464.sql,56.37615966796875,7.17361,4,3,queries/tpch/sqlstorm_slope/breadth/7464.sql
breadth,40-75 J,queries/tpch/SQLStorm/4276.sql,57.0452880859375,9.880394,3,3,queries/tpch/sqlstorm_slope/breadth/4276.sql
breadth,40-75 J,queries/tpch/SQLStorm/12049.sql,59.41986083984375,5.701996,4,3,queries/tpch/sqlstorm_slope/breadth/12049.sql
breadth,40-75 J,queries/tpch/SQLStorm/7283.sql,59.66619873046875,10.150902,3,3,queries/tpch/sqlstorm_slope/breadth/7283.sql
breadth,40-75 J,queries/tpch/SQLStorm/4137.sql,61.34185791015625,6.199387,4,3,queries/tpch/sqlstorm_slope/breadth/4137.sql
breadth,40-75 J,queries/tpch/SQLStorm/8064.sql,62.72698974609375,11.027047,0,3,queries/tpch/sqlstorm_slope/breadth/8064.sql
breadth,40-75 J,queries/tpch/SQLStorm/25195.sql,64.23095703125,9.97854,4,3,queries/tpch/sqlstorm_slope/breadth/25195.sql
breadth,40-75 J,queries/tpch/SQLStorm/4626.sql,65.90185546875,11.097588,3,3,queries/tpch/sqlstorm_slope/breadth/4626.sql
breadth,40-75 J,queries/tpch/SQLStorm/7845.sql,67.7083740234375,5.808743,4,3,queries/tpch/sqlstorm_slope/breadth/7845.sql
breadth,40-75 J,queries/tpch/SQLStorm/8544.sql,68.87213134765625,12.65066,0,3,queries/tpch/sqlstorm_slope/breadth/8544.sql
breadth,40-75 J,queries/tpch/SQLStorm/26034.sql,70.0653076171875,4.94273,4,3,queries/tpch/sqlstorm_slope/breadth/26034.sql
breadth,40-75 J,queries/tpch/SQLStorm/2988.sql,71.47283935546875,6.019651,3,3,queries/tpch/sqlstorm_slope/breadth/2988.sql
breadth,40-75 J,queries/tpch/SQLStorm/2186.sql,72.7135009765625,11.158338,4,3,queries/tpch/sqlstorm_slope/breadth/2186.sql
breadth,40-75 J,queries/tpch/SQLStorm/5015.sql,74.22393798828125,13.154974,0,3,queries/tpch/sqlstorm_slope/breadth/5015.sql
reference,75-120 J,queries/tpch/SQLStorm/5561.sql,82.39306640625,7.306452,4,10,queries/tpch/sqlstorm_slope/reference/5561.sql
reference,75-120 J,queries/tpch/SQLStorm/6127.sql,86.947021484375,7.218288,3,10,queries/tpch/sqlstorm_slope/reference/6127.sql
reference,75-120 J,queries/tpch/SQLStorm/7925.sql,98.796875,6.445472,4,10,queries/tpch/sqlstorm_slope/reference/7925.sql
reference,75-120 J,queries/tpch/SQLStorm/5554.sql,102.4561767578125,7.245862,3,10,queries/tpch/sqlstorm_slope/reference/5554.sql
breadth,75-120 J,queries/tpch/SQLStorm/20901.sql,75.907470703125,4.738292,4,3,queries/tpch/sqlstorm_slope/breadth/20901.sql
breadth,75-120 J,queries/tpch/SQLStorm/22254.sql,76.53924560546875,12.678831,3,3,queries/tpch/sqlstorm_slope/breadth/22254.sql
breadth,75-120 J,queries/tpch/SQLStorm/257.sql,77.56085205078125,11.09863,4,3,queries/tpch/sqlstorm_slope/breadth/257.sql
breadth,75-120 J,queries/tpch/SQLStorm/1028.sql,79.01287841796875,13.325447,3,3,queries/tpch/sqlstorm_slope/breadth/1028.sql
breadth,75-120 J,queries/tpch/SQLStorm/27068.sql,79.35955810546875,9.466105,4,3,queries/tpch/sqlstorm_slope/breadth/27068.sql
breadth,75-120 J,queries/tpch/SQLStorm/26061.sql,80.79156494140625,5.930404,2,3,queries/tpch/sqlstorm_slope/breadth/26061.sql
breadth,75-120 J,queries/tpch/SQLStorm/34917.sql,81.9429931640625,13.480103,4,3,queries/tpch/sqlstorm_slope/breadth/34917.sql
breadth,75-120 J,queries/tpch/SQLStorm/4335.sql,82.43524169921875,9.42761,3,3,queries/tpch/sqlstorm_slope/breadth/4335.sql
breadth,75-120 J,queries/tpch/SQLStorm/13918.sql,83.0196533203125,5.288135,4,3,queries/tpch/sqlstorm_slope/breadth/13918.sql
breadth,75-120 J,queries/tpch/SQLStorm/5940.sql,83.7861328125,12.245286,3,3,queries/tpch/sqlstorm_slope/breadth/5940.sql
breadth,75-120 J,queries/tpch/SQLStorm/30378.sql,84.75994873046875,9.865716,4,3,queries/tpch/sqlstorm_slope/breadth/30378.sql
breadth,75-120 J,queries/tpch/SQLStorm/1552.sql,86.3848876953125,10.512573,2,3,queries/tpch/sqlstorm_slope/breadth/1552.sql
breadth,75-120 J,queries/tpch/SQLStorm/177.sql,87.0880126953125,5.892912,4,3,queries/tpch/sqlstorm_slope/breadth/177.sql
breadth,75-120 J,queries/tpch/SQLStorm/9031.sql,87.87310791015625,6.07489,3,3,queries/tpch/sqlstorm_slope/breadth/9031.sql
breadth,75-120 J,queries/tpch/SQLStorm/3286.sql,89.3037109375,13.211948,4,3,queries/tpch/sqlstorm_slope/breadth/3286.sql
breadth,75-120 J,queries/tpch/SQLStorm/27828.sql,91.07220458984375,7.387958,3,3,queries/tpch/sqlstorm_slope/breadth/27828.sql
breadth,75-120 J,queries/tpch/SQLStorm/14777.sql,91.48828125,5.754283,4,3,queries/tpch/sqlstorm_slope/breadth/14777.sql
breadth,75-120 J,queries/tpch/SQLStorm/20436.sql,91.63671875,7.01684,3,3,queries/tpch/sqlstorm_slope/breadth/20436.sql
breadth,75-120 J,queries/tpch/SQLStorm/14199.sql,91.87738037109375,5.74417,4,3,queries/tpch/sqlstorm_slope/breadth/14199.sql
breadth,75-120 J,queries/tpch/SQLStorm/11720.sql,92.08740234375,9.862934,3,3,queries/tpch/sqlstorm_slope/breadth/11720.sql
breadth,75-120 J,queries/tpch/SQLStorm/11875.sql,92.40081787109375,5.779199,4,3,queries/tpch/sqlstorm_slope/breadth/11875.sql
breadth,75-120 J,queries/tpch/SQLStorm/21378.sql,92.99822998046875,7.464537,3,3,queries/tpch/sqlstorm_slope/breadth/21378.sql
breadth,75-120 J,queries/tpch/SQLStorm/27470.sql,93.76898193359375,9.940471,4,3,queries/tpch/sqlstorm_slope/breadth/27470.sql
breadth,75-120 J,queries/tpch/SQLStorm/28057.sql,95.01336669921875,8.542289,3,3,queries/tpch/sqlstorm_slope/breadth/28057.sql
breadth,75-120 J,queries/tpch/SQLStorm/21201.sql,96.1717529296875,8.585657,4,3,queries/tpch/sqlstorm_slope/breadth/21201.sql
breadth,75-120 J,queries/tpch/SQLStorm/26100.sql,96.4908447265625,13.461812,3,3,queries/tpch/sqlstorm_slope/breadth/26100.sql
breadth,75-120 J,queries/tpch/SQLStorm/6019.sql,100.52252197265625,6.563014,4,3,queries/tpch/sqlstorm_slope/breadth/6019.sql
breadth,75-120 J,queries/tpch/SQLStorm/4496.sql,102.49267578125,6.930084,2,3,queries/tpch/sqlstorm_slope/breadth/4496.sql
breadth,75-120 J,queries/tpch/SQLStorm/12992.sql,103.87451171875,6.462201,4,3,queries/tpch/sqlstorm_slope/breadth/12992.sql
breadth,75-120 J,queries/tpch/SQLStorm/26396.sql,105.42169189453125,9.103462,3,3,queries/tpch/sqlstorm_slope/breadth/26396.sql
breadth,75-120 J,queries/tpch/SQLStorm/25945.sql,106.5792236328125,9.298788,4,3,queries/tpch/sqlstorm_slope/breadth/25945.sql
breadth,75-120 J,queries/tpch/SQLStorm/7075.sql,107.4736328125,9.31252,2,3,queries/tpch/sqlstorm_slope/breadth/7075.sql
breadth,75-120 J,queries/tpch/SQLStorm/10015.sql,111.26904296875,8.107701,4,3,queries/tpch/sqlstorm_slope/breadth/10015.sql
breadth,75-120 J,queries/tpch/SQLStorm/6671.sql,112.17852783203125,9.068977,2,3,queries/tpch/sqlstorm_slope/breadth/6671.sql
breadth,75-120 J,queries/tpch/SQLStorm/26544.sql,115.55126953125,10.277147,4,3,queries/tpch/sqlstorm_slope/breadth/26544.sql
breadth,75-120 J,queries/tpch/SQLStorm/1629.sql,117.49871826171875,10.011321,2,3,queries/tpch/sqlstorm_slope/breadth/1629.sql
reference,>120 J,queries/tpch/SQLStorm/2950.sql,125.14794921875,12.931072,4,10,queries/tpch/sqlstorm_slope/reference/2950.sql
reference,>120 J,queries/tpch/SQLStorm/27574.sql,130.95703125,11.627718,3,10,queries/tpch/sqlstorm_slope/reference/27574.sql
reference,>120 J,queries/tpch/SQLStorm/3396.sql,153.460205078125,13.037381,4,10,queries/tpch/sqlstorm_slope/reference/3396.sql
reference,>120 J,queries/tpch/SQLStorm/8411.sql,161.3331298828125,11.728703,3,10,queries/tpch/sqlstorm_slope/reference/8411.sql
breadth,>120 J,queries/tpch/SQLStorm/27163.sql,120.491455078125,12.275547,4,3,queries/tpch/sqlstorm_slope/breadth/27163.sql
breadth,>120 J,queries/tpch/SQLStorm/29188.sql,120.8338623046875,10.608216,3,3,queries/tpch/sqlstorm_slope/breadth/29188.sql
breadth,>120 J,queries/tpch/SQLStorm/9706.sql,121.572021484375,13.007285,4,3,queries/tpch/sqlstorm_slope/breadth/9706.sql
breadth,>120 J,queries/tpch/SQLStorm/33217.sql,122.08843994140625,8.097375,3,3,queries/tpch/sqlstorm_slope/breadth/33217.sql
breadth,>120 J,queries/tpch/SQLStorm/12066.sql,123.27752685546875,8.018911,4,3,queries/tpch/sqlstorm_slope/breadth/12066.sql
breadth,>120 J,queries/tpch/SQLStorm/13781.sql,123.404541015625,10.177781,4,3,queries/tpch/sqlstorm_slope/breadth/13781.sql
breadth,>120 J,queries/tpch/SQLStorm/12677.sql,123.79571533203125,9.010203,4,3,queries/tpch/sqlstorm_slope/breadth/12677.sql
breadth,>120 J,queries/tpch/SQLStorm/21759.sql,124.18365478515625,9.301588,4,3,queries/tpch/sqlstorm_slope/breadth/21759.sql
breadth,>120 J,queries/tpch/SQLStorm/1576.sql,125.91619873046875,13.06572,4,3,queries/tpch/sqlstorm_slope/breadth/1576.sql
breadth,>120 J,queries/tpch/SQLStorm/14043.sql,127.14569091796875,9.200664,4,3,queries/tpch/sqlstorm_slope/breadth/14043.sql
breadth,>120 J,queries/tpch/SQLStorm/11350.sql,127.81182861328125,9.36317,4,3,queries/tpch/sqlstorm_slope/breadth/11350.sql
breadth,>120 J,queries/tpch/SQLStorm/29627.sql,128.44952392578125,7.893431,3,3,queries/tpch/sqlstorm_slope/breadth/29627.sql
breadth,>120 J,queries/tpch/SQLStorm/10488.sql,128.7633056640625,9.386695,4,3,queries/tpch/sqlstorm_slope/breadth/10488.sql
breadth,>120 J,queries/tpch/SQLStorm/27798.sql,130.88079833984375,12.926443,3,3,queries/tpch/sqlstorm_slope/breadth/27798.sql
breadth,>120 J,queries/tpch/SQLStorm/4663.sql,133.16009521484375,10.332977,4,3,queries/tpch/sqlstorm_slope/breadth/4663.sql
breadth,>120 J,queries/tpch/SQLStorm/5043.sql,135.78369140625,10.070269,3,3,queries/tpch/sqlstorm_slope/breadth/5043.sql
breadth,>120 J,queries/tpch/SQLStorm/27647.sql,136.55889892578125,11.778419,4,3,queries/tpch/sqlstorm_slope/breadth/27647.sql
breadth,>120 J,queries/tpch/SQLStorm/29616.sql,137.54840087890625,12.84178,4,3,queries/tpch/sqlstorm_slope/breadth/29616.sql
breadth,>120 J,queries/tpch/SQLStorm/14002.sql,138.882568359375,12.23027,4,3,queries/tpch/sqlstorm_slope/breadth/14002.sql
breadth,>120 J,queries/tpch/SQLStorm/7428.sql,139.6304931640625,9.028519,3,3,queries/tpch/sqlstorm_slope/breadth/7428.sql
breadth,>120 J,queries/tpch/SQLStorm/8101.sql,140.200439453125,12.461312,4,3,queries/tpch/sqlstorm_slope/breadth/8101.sql
breadth,>120 J,queries/tpch/SQLStorm/8694.sql,142.98858642578125,9.050224,3,3,queries/tpch/sqlstorm_slope/breadth/8694.sql
breadth,>120 J,queries/tpch/SQLStorm/27384.sql,145.77191162109375,12.986582,4,3,queries/tpch/sqlstorm_slope/breadth/27384.sql
breadth,>120 J,queries/tpch/SQLStorm/27386.sql,146.92877197265625,13.308265,3,3,queries/tpch/sqlstorm_slope/breadth/27386.sql
breadth,>120 J,queries/tpch/SQLStorm/14621.sql,147.23724365234375,9.291018,4,3,queries/tpch/sqlstorm_slope/breadth/14621.sql
breadth,>120 J,queries/tpch/SQLStorm/26842.sql,150.26336669921875,12.807744,4,3,queries/tpch/sqlstorm_slope/breadth/26842.sql
breadth,>120 J,queries/tpch/SQLStorm/4439.sql,154.4046630859375,12.951143,4,3,queries/tpch/sqlstorm_slope/breadth/4439.sql
breadth,>120 J,queries/tpch/SQLStorm/12988.sql,154.6187744140625,9.901849,4,3,queries/tpch/sqlstorm_slope/breadth/12988.sql
breadth,>120 J,queries/tpch/SQLStorm/12127.sql,162.38775634765625,10.837402,4,3,queries/tpch/sqlstorm_slope/breadth/12127.sql
breadth,>120 J,queries/tpch/SQLStorm/10459.sql,163.2105712890625,11.041556,4,3,queries/tpch/sqlstorm_slope/breadth/10459.sql
breadth,>120 J,queries/tpch/SQLStorm/13196.sql,166.16619873046875,10.48545,4,3,queries/tpch/sqlstorm_slope/breadth/13196.sql
breadth,>120 J,queries/tpch/SQLStorm/27203.sql,169.41375732421875,13.443786,3,3,queries/tpch/sqlstorm_slope/breadth/27203.sql
breadth,>120 J,queries/tpch/SQLStorm/27948.sql,188.32623291015625,13.234894,4,3,queries/tpch/sqlstorm_slope/breadth/27948.sql
breadth,>120 J,queries/tpch/SQLStorm/10143.sql,189.8358154296875,12.307846,4,3,queries/tpch/sqlstorm_slope/breadth/10143.sql
breadth,>120 J,queries/tpch/SQLStorm/10237.sql,194.2547607421875,12.021217,4,3,queries/tpch/sqlstorm_slope/breadth/10237.sql
breadth,>120 J,queries/tpch/SQLStorm/11626.sql,213.190185546875,13.069574,4,3,queries/tpch/sqlstorm_slope/breadth/11626.sql
