timestamp_utc,run_id,pg_version,query,phase,batch_index,batchnum,runs,warmup,elapsed_sec,avg_copy_elapsed_sec,server_sum_ms,client_overhead_sec,client_user_cpu_sec,client_sys_cpu_sec,client_max_rss_kb,failed,rapl_pkg_j,rapl_core_j,rapl_gpu_j,rapl_dram_j
2026-08-14T09:37:23Z,A41514C5212AFD0E,18.4,queries/tpch/tpch-queries/q01/base.sql,warmup,1,1,3,2,1.571853,1.571853,1530.953,0.040900,0.003551,0.003669,7168,0,56.179626464843750000,54.596618652343750000,,
2026-08-14T09:37:24Z,A41514C5212AFD0E,18.4,queries/tpch/tpch-queries/q01/base.sql,warmup,2,1,3,2,1.372322,1.372322,1331.339,0.040983,0.001981,0.005803,7168,0,49.044006347656250000,47.693298339843750000,,
2026-08-14T09:37:31Z,A41514C5212AFD0E,18.4,queries/tpch/tpch-queries/q01/base.sql,measured,1,5,3,2,6.736872,1.347374,6631.158,0.105714,0.003274,0.005291,7168,0,244.821777343750000000,238.489013671875000000,,
2026-08-14T09:37:38Z,A41514C5212AFD0E,18.4,queries/tpch/tpch-queries/q01/base.sql,measured,2,5,3,2,6.821925,1.364385,6719.006,0.102919,0.003064,0.005099,7168,0,251.715576171875000000,244.774169921875000000,,
2026-08-14T09:37:45Z,A41514C5212AFD0E,18.4,queries/tpch/tpch-queries/q01/base.sql,measured,3,5,3,2,7.195958,1.439192,7103.575,0.092383,0.003665,0.004610,7168,0,236.492858886718750000,229.157104492187500000,,
2026-08-14T09:37:47Z,A41514C5212AFD0E,18.4,queries/tpch/tpch-queries/q01/v1_materialized.sql,warmup,1,1,3,2,1.588058,1.588058,1546.679,0.041379,0.002894,0.005014,7168,0,48.689086914062500000,47.044616699218750000,,
2026-08-14T09:37:48Z,A41514C5212AFD0E,18.4,queries/tpch/tpch-queries/q01/v1_materialized.sql,warmup,2,1,3,2,1.583794,1.583794,1492.052,0.091742,0.004854,0.003932,7168,0,51.111083984375000000,49.417480468750000000,,
2026-08-14T09:37:57Z,A41514C5212AFD0E,18.4,queries/tpch/tpch-queries/q01/v1_materialized.sql,measured,1,5,3,2,8.566714,1.713343,8459.521,0.107193,0.004815,0.003843,7168,0,194.046630859375000000,185.413879394531250000,,
2026-08-14T09:38:05Z,A41514C5212AFD0E,18.4,queries/tpch/tpch-queries/q01/v1_materialized.sql,measured,2,5,3,2,8.508232,1.701646,8388.454,0.119778,0.004607,0.005215,7168,0,186.330993652343750000,177.900268554687500000,,
2026-08-14T09:38:14Z,A41514C5212AFD0E,18.4,queries/tpch/tpch-queries/q01/v1_materialized.sql,measured,3,5,3,2,8.428905,1.685781,8316.793,0.112112,0.004880,0.004880,7168,0,184.844177246093750000,176.703491210937500000,,
2026-08-14T09:39:08Z,A41514C5212AFD0E,18.4,queries/tpch/tpch-queries/q02/base.sql,warmup,1,1,3,2,54.787928,54.787928,54677.027,0.110901,0.000965,0.008878,7168,0,451.952087402343750000,398.170104980468750000,,
2026-08-14T09:40:02Z,A41514C5212AFD0E,18.4,queries/tpch/tpch-queries/q02/base.sql,warmup,2,1,3,2,53.507505,53.507505,53415.479,0.092026,0.004847,0.003833,7168,0,459.519165039062500000,407.180908203125000000,,
2026-08-14T09:44:22Z,A41514C5212AFD0E,18.4,queries/tpch/tpch-queries/q02/base.sql,measured,1,5,3,2,259.722097,51.944419,259619.623,0.102474,0.002384,0.006962,7168,0,2350.282104492187500000,2080.086547851562500000,,
2026-08-14T09:48:46Z,A41514C5212AFD0E,18.4,queries/tpch/tpch-queries/q02/base.sql,measured,2,5,3,2,264.777321,52.955464,264675.625,0.101696,0.004795,0.004795,7168,0,2310.103332519531250000,2050.952514648437500000,,
2026-08-14T09:53:15Z,A41514C5212AFD0E,18.4,queries/tpch/tpch-queries/q02/base.sql,measured,3,5,3,2,268.081599,53.616320,267977.087,0.104512,0.002100,0.007964,7168,0,-259873.721557617187500000,2009.134582519531250000,,
2026-08-14T09:54:08Z,A41514C5212AFD0E,18.4,queries/tpch/tpch-queries/q02/v1_materialized.sql,warmup,1,1,3,2,53.142836,53.142836,53046.650,0.096186,0.002911,0.005938,7168,0,457.438476562500000000,405.530700683593750000,,
2026-08-14T09:55:01Z,A41514C5212AFD0E,18.4,queries/tpch/tpch-queries/q02/v1_materialized.sql,warmup,2,1,3,2,53.745976,53.745976,53702.765,0.043211,0.001092,0.007553,7168,0,450.664123535156250000,398.547607421875000000,,
2026-08-14T09:59:28Z,A41514C5212AFD0E,18.4,queries/tpch/tpch-queries/q02/v1_materialized.sql,measured,1,5,3,2,266.597008,53.319402,266499.726,0.097282,0.003908,0.004807,7168,0,2269.494628906250000000,2010.300354003906250000,,
2026-08-14T10:03:57Z,A41514C5212AFD0E,18.4,queries/tpch/tpch-queries/q02/v1_materialized.sql,measured,2,5,3,2,268.884395,53.776879,268782.585,0.101810,0.004046,0.004978,7168,0,2227.900939941406250000,1966.734008789062500000,,
2026-08-14T10:08:24Z,A41514C5212AFD0E,18.4,queries/tpch/tpch-queries/q02/v1_materialized.sql,measured,3,5,3,2,267.189353,53.437871,267090.734,0.098619,0.002066,0.006167,7168,0,2248.393859863281250000,1988.019958496093750000,,
2026-08-14T10:08:24Z,A41514C5212AFD0E,18.4,queries/tpch/tpch-queries/q02/v2_decorrelate.sql,warmup,1,1,3,2,0.318263,0.318263,220.300,0.097963,0.001032,0.008276,7168,0,4.096618652343750000,3.718383789062500000,,
2026-08-14T10:08:25Z,A41514C5212AFD0E,18.4,queries/tpch/tpch-queries/q02/v2_decorrelate.sql,warmup,2,1,3,2,0.346311,0.346311,245.860,0.100451,0.004897,0.003924,7168,0,4.146667480468750000,3.709899902343750000,,
2026-08-14T10:08:26Z,A41514C5212AFD0E,18.4,queries/tpch/tpch-queries/q02/v2_decorrelate.sql,measured,1,5,3,2,1.134446,0.226889,1086.904,0.047542,0.004396,0.003048,7168,0,17.734680175781250000,16.552368164062500000,,
2026-08-14T10:08:27Z,A41514C5212AFD0E,18.4,queries/tpch/tpch-queries/q02/v2_decorrelate.sql,measured,2,5,3,2,1.205523,0.241105,1099.304,0.106219,0.004767,0.003819,7168,0,17.529479980468750000,16.301818847656250000,,
2026-08-14T10:08:28Z,A41514C5212AFD0E,18.4,queries/tpch/tpch-queries/q02/v2_decorrelate.sql,measured,3,5,3,2,1.210377,0.242075,1105.165,0.105212,0.004631,0.003667,7168,0,17.708435058593750000,16.502807617187500000,,
2026-08-14T10:08:29Z,A41514C5212AFD0E,18.4,queries/tpch/tpch-queries/q03/base.sql,warmup,1,1,3,2,0.444762,0.444762,343.512,0.101250,0.003334,0.005401,7168,0,11.122070312500000000,10.521972656250000000,,
2026-08-14T10:08:29Z,A41514C5212AFD0E,18.4,queries/tpch/tpch-queries/q03/base.sql,warmup,2,1,3,2,0.379768,0.379768,278.013,0.101755,0.001974,0.005768,7168,0,8.272277832031250000,7.715515136718750000,,
2026-08-14T10:08:30Z,A41514C5212AFD0E,18.4,queries/tpch/tpch-queries/q03/base.sql,measured,1,5,3,2,1.323565,0.264713,1218.095,0.105470,0.002011,0.005888,7168,0,38.523803710937500000,36.654968261718750000,,
2026-08-14T10:08:32Z,A41514C5212AFD0E,18.4,queries/tpch/tpch-queries/q03/base.sql,measured,2,5,3,2,1.434517,0.286903,1287.144,0.147373,0.004158,0.003303,7168,0,36.882446289062500000,34.778076171875000000,,
2026-08-14T10:08:33Z,A41514C5212AFD0E,18.4,queries/tpch/tpch-queries/q03/base.sql,measured,3,5,3,2,1.356466,0.271293,1261.084,0.095382,0.002557,0.004877,7168,0,37.914428710937500000,36.027954101562500000,,
2026-08-14T10:08:34Z,A41514C5212AFD0E,18.4,queries/tpch/tpch-queries/q03/v1_materialized.sql,warmup,1,1,3,2,0.369295,0.369295,277.887,0.091408,0.000892,0.006332,7168,0,8.100708007812500000,7.558654785156250000,,
2026-08-14T10:08:34Z,A41514C5212AFD0E,18.4,queries/tpch/tpch-queries/q03/v1_materialized.sql,warmup,2,1,3,2,0.427563,0.427563,326.573,0.100990,0.000994,0.006827,7168,0,7.359985351562500000,6.734436035156250000,,
2026-08-14T10:08:35Z,A41514C5212AFD0E,18.4,queries/tpch/tpch-queries/q03/v1_materialized.sql,measured,1,5,3,2,1.359113,0.271823,1249.564,0.109549,0.000891,0.007077,7168,0,39.395019531250000000,37.411193847656250000,,
2026-08-14T10:08:37Z,A41514C5212AFD0E,18.4,queries/tpch/tpch-queries/q03/v1_materialized.sql,measured,2,5,3,2,1.376842,0.275368,1279.122,0.097720,0.004276,0.003027,7168,0,38.536499023437500000,36.443664550781250000,,
2026-08-14T10:08:38Z,A41514C5212AFD0E,18.4,queries/tpch/tpch-queries/q03/v1_materialized.sql,measured,3,5,3,2,1.358623,0.271725,1262.669,0.095954,0.003582,0.003543,7168,0,38.776245117187500000,36.840026855468750000,,
2026-08-14T10:08:38Z,A41514C5212AFD0E,18.4,queries/tpch/tpch-queries/q04/base.sql,warmup,1,1,3,2,0.198215,0.198215,106.652,0.091563,0.003604,0.003684,7168,0,3.477416992187500000,3.122924804687500000,,
2026-08-14T10:08:39Z,A41514C5212AFD0E,18.4,queries/tpch/tpch-queries/q04/base.sql,warmup,2,1,3,2,0.235860,0.235860,128.024,0.107836,0.004606,0.003734,7168,0,2.908081054687500000,2.524780273437500000,,
2026-08-14T10:08:39Z,A41514C5212AFD0E,18.4,queries/tpch/tpch-queries/q04/base.sql,measured,1,5,3,2,0.597435,0.119487,486.006,0.111429,0.005692,0.002900,7168,0,15.352416992187500000,14.444152832031250000,,
2026-08-14T10:08:40Z,A41514C5212AFD0E,18.4,queries/tpch/tpch-queries/q04/base.sql,measured,2,5,3,2,0.556504,0.111301,459.249,0.097255,0.003397,0.004262,7168,0,16.006591796875000000,15.122741699218750000,,
2026-08-14T10:08:40Z,A41514C5212AFD0E,18.4,queries/tpch/tpch-queries/q04/base.sql,measured,3,5,3,2,0.570175,0.114035,470.777,0.099398,0.004829,0.002780,7168,0,15.851440429687500000,14.965515136718750000,,
2026-08-14T10:08:41Z,A41514C5212AFD0E,18.4,queries/tpch/tpch-queries/q04/v1_materialized.sql,warmup,1,1,3,2,0.200237,0.200237,106.766,0.093471,0.003257,0.004097,7168,0,3.467895507812500000,3.107543945312500000,,
2026-08-14T10:08:41Z,A41514C5212AFD0E,18.4,queries/tpch/tpch-queries/q04/v1_materialized.sql,warmup,2,1,3,2,0.240258,0.240258,131.010,0.109248,0.002829,0.005819,7168,0,2.863342285156250000,2.476928710937500000,,
2026-08-14T10:08:41Z,A41514C5212AFD0E,18.4,queries/tpch/tpch-queries/q04/v1_materialized.sql,measured,1,5,3,2,0.595779,0.119156,484.836,0.110943,0.004712,0.003726,7168,0,15.598815917968750000,14.616271972656250000,,
2026-08-14T10:08:42Z,A41514C5212AFD0E,18.4,queries/tpch/tpch-queries/q04/v1_materialized.sql,measured,2,5,3,2,0.555549,0.111110,459.545,0.096004,0.004729,0.002584,7168,0,16.004272460937500000,15.125366210937500000,,
2026-08-14T10:08:42Z,A41514C5212AFD0E,18.4,queries/tpch/tpch-queries/q04/v1_materialized.sql,measured,3,5,3,2,0.571355,0.114271,468.203,0.103152,0.003439,0.004436,7168,0,16.040100097656250000,15.086303710937500000,,
2026-08-14T10:08:43Z,A41514C5212AFD0E,18.4,queries/tpch/tpch-queries/q04/v2_in.sql,warmup,1,1,3,2,0.199913,0.199913,105.941,0.093972,0.004654,0.002862,7168,0,3.480957031250000000,3.135742187500000000,,
2026-08-14T10:08:43Z,A41514C5212AFD0E,18.4,queries/tpch/tpch-queries/q04/v2_in.sql,warmup,2,1,3,2,0.236217,0.236217,129.411,0.106806,0.003524,0.004493,7168,0,2.855224609375000000,2.479248046875000000,,
2026-08-14T10:08:43Z,A41514C5212AFD0E,18.4,queries/tpch/tpch-queries/q04/v2_in.sql,measured,1,5,3,2,0.579460,0.115892,473.633,0.105827,0.001945,0.006745,7168,0,15.696777343750000000,14.786254882812500000,,
2026-08-14T10:08:44Z,A41514C5212AFD0E,18.4,queries/tpch/tpch-queries/q04/v2_in.sql,measured,2,5,3,2,0.571277,0.114255,472.025,0.099252,0.003749,0.003860,7168,0,15.865722656250000000,14.977844238281250000,,
2026-08-14T10:08:45Z,A41514C5212AFD0E,18.4,queries/tpch/tpch-queries/q04/v2_in.sql,measured,3,5,3,2,0.559193,0.111839,462.983,0.096210,0.002904,0.004730,7168,0,16.119384765625000000,15.248229980468750000,,
2026-08-14T10:08:45Z,A41514C5212AFD0E,18.4,queries/tpch/tpch-queries/q05/base.sql,warmup,1,1,3,2,0.374873,0.374873,279.843,0.095030,0.004044,0.003178,7168,0,4.621276855468750000,4.039001464843750000,,
2026-08-14T10:08:45Z,A41514C5212AFD0E,18.4,queries/tpch/tpch-queries/q05/base.sql,warmup,2,1,3,2,0.383716,0.383716,278.388,0.105328,0.003649,0.004606,7168,0,4.143249511718750000,3.570068359375000000,,
2026-08-14T10:08:47Z,A41514C5212AFD0E,18.4,queries/tpch/tpch-queries/q05/base.sql,measured,1,5,3,2,1.369397,0.273879,1266.004,0.103393,0.002921,0.004940,7168,0,18.196533203125000000,16.081848144531250000,,
2026-08-14T10:08:48Z,A41514C5212AFD0E,18.4,queries/tpch/tpch-queries/q05/base.sql,measured,2,5,3,2,1.364224,0.272845,1256.001,0.108223,0.004849,0.002954,7168,0,18.367431640625000000,16.345275878906250000,,
2026-08-14T10:08:49Z,A41514C5212AFD0E,18.4,queries/tpch/tpch-queries/q05/base.sql,measured,3,5,3,2,1.345571,0.269114,1241.778,0.103793,0.001956,0.006061,7168,0,18.468322753906250000,16.547302246093750000,,
2026-08-14T10:08:50Z,A41514C5212AFD0E,18.4,queries/tpch/tpch-queries/q05/v1_materialized.sql,warmup,1,1,3,2,0.359694,0.359694,262.792,0.096902,0.001849,0.005792,7168,0,4.487670898437500000,3.948669433593750000,,
2026-08-14T10:08:50Z,A41514C5212AFD0E,18.4,queries/tpch/tpch-queries/q05/v1_materialized.sql,warmup,2,1,3,2,0.351425,0.351425,259.031,0.092394,0.004519,0.003644,7168,0,4.740173339843750000,4.204406738281250000,,
2026-08-14T10:08:52Z,A41514C5212AFD0E,18.4,queries/tpch/tpch-queries/q05/v1_materialized.sql,measured,1,5,3,2,1.378385,0.275677,1264.249,0.114136,0.002540,0.005658,7168,0,18.177551269531250000,16.072082519531250000,,
2026-08-14T10:08:53Z,A41514C5212AFD0E,18.4,queries/tpch/tpch-queries/q05/v1_materialized.sql,measured,2,5,3,2,1.356330,0.271266,1247.319,0.109011,0.001001,0.006955,7168,0,18.353332519531250000,16.409545898437500000,,
2026-08-14T10:08:54Z,A41514C5212AFD0E,18.4,queries/tpch/tpch-queries/q05/v1_materialized.sql,measured,3,5,3,2,1.347070,0.269414,1243.086,0.103984,0.003375,0.004904,7168,0,18.414733886718750000,16.423278808593750000,,
2026-08-14T10:08:55Z,A41514C5212AFD0E,18.4,queries/tpch/tpch-queries/q06/base.sql,warmup,1,1,3,2,0.328837,0.328837,239.378,0.089459,0.000905,0.007019,7168,0,8.847229003906250000,8.317321777343750000,,
2026-08-14T10:08:55Z,A41514C5212AFD0E,18.4,queries/tpch/tpch-queries/q06/base.sql,warmup,2,1,3,2,0.376442,0.376442,278.795,0.097647,0.003891,0.004099,7168,0,7.838317871093750000,7.262145996093750000,,
2026-08-14T10:08:56Z,A41514C5212AFD0E,18.4,queries/tpch/tpch-queries/q06/base.sql,measured,1,5,3,2,1.248659,0.249732,1153.125,0.095534,0.002874,0.004719,7168,0,39.161499023437500000,37.226257324218750000,,
2026-08-14T10:08:58Z,A41514C5212AFD0E,18.4,queries/tpch/tpch-queries/q06/base.sql,measured,2,5,3,2,1.297620,0.259524,1191.194,0.106426,0.000897,0.007151,7168,0,39.348327636718750000,37.324951171875000000,,
2026-08-14T10:08:59Z,A41514C5212AFD0E,18.4,queries/tpch/tpch-queries/q06/base.sql,measured,3,5,3,2,1.288599,0.257720,1186.517,0.102082,0.001814,0.006315,7168,0,38.485168457031250000,36.536437988281250000,,
2026-08-14T10:08:59Z,A41514C5212AFD0E,18.4,queries/tpch/tpch-queries/q06/v1_materialized.sql,warmup,1,1,3,2,0.383898,0.383898,286.628,0.097270,0.002550,0.005083,7168,0,7.686889648437500000,7.088806152343750000,,
2026-08-14T10:09:00Z,A41514C5212AFD0E,18.4,queries/tpch/tpch-queries/q06/v1_materialized.sql,warmup,2,1,3,2,0.393321,0.393321,291.623,0.101698,0.002426,0.005718,7168,0,7.961608886718750000,7.291076660156250000,,
2026-08-14T10:09:01Z,A41514C5212AFD0E,18.4,queries/tpch/tpch-queries/q06/v1_materialized.sql,measured,1,5,3,2,1.196200,0.239240,1154.915,0.041285,0.004010,0.003219,7168,0,39.328552246093750000,37.545715332031250000,,
2026-08-14T10:09:02Z,A41514C5212AFD0E,18.4,queries/tpch/tpch-queries/q06/v1_materialized.sql,measured,2,5,3,2,1.323964,0.264793,1226.085,0.097879,0.001881,0.005563,7168,0,37.145385742187500000,35.020446777343750000,,
2026-08-14T10:09:03Z,A41514C5212AFD0E,18.4,queries/tpch/tpch-queries/q06/v1_materialized.sql,measured,3,5,3,2,1.373016,0.274603,1241.118,0.131898,0.011350,0.006179,7168,0,36.984130859375000000,34.954284667968750000,,
2026-08-14T10:09:04Z,A41514C5212AFD0E,18.4,queries/tpch/tpch-queries/q07/base.sql,warmup,1,1,3,2,0.408194,0.408194,311.461,0.096733,0.001922,0.005706,7168,0,5.854736328125000000,5.226623535156250000,,
2026-08-14T10:09:04Z,A41514C5212AFD0E,18.4,queries/tpch/tpch-queries/q07/base.sql,warmup,2,1,3,2,0.412377,0.412377,313.054,0.099323,0.002257,0.005407,7168,0,5.852355957031250000,5.204772949218750000,,
2026-08-14T10:09:06Z,A41514C5212AFD0E,18.4,queries/tpch/tpch-queries/q07/base.sql,measured,1,5,3,2,1.544488,0.308898,1450.748,0.093740,0.002059,0.004933,7168,0,25.715820312500000000,23.399536132812500000,,
2026-08-14T10:09:07Z,A41514C5212AFD0E,18.4,queries/tpch/tpch-queries/q07/base.sql,measured,2,5,3,2,1.537993,0.307599,1441.995,0.095998,0.001715,0.005909,7168,0,26.063903808593750000,23.694885253906250000,,
2026-08-14T10:09:09Z,A41514C5212AFD0E,18.4,queries/tpch/tpch-queries/q07/base.sql,measured,3,5,3,2,1.535851,0.307170,1436.468,0.099383,0.004884,0.002799,7168,0,25.970336914062500000,23.730285644531250000,,
2026-08-14T10:09:09Z,A41514C5212AFD0E,18.4,queries/tpch/tpch-queries/q07/v1_materialized.sql,warmup,1,1,3,2,0.400767,0.400767,303.855,0.096912,0.006231,0.001801,7040,0,6.196594238281250000,5.588867187500000000,,
2026-08-14T10:09:10Z,A41514C5212AFD0E,18.4,queries/tpch/tpch-queries/q07/v1_materialized.sql,warmup,2,1,3,2,0.420223,0.420223,319.343,0.100880,0.002900,0.004667,7168,0,5.662902832031250000,5.030822753906250000,,
2026-08-14T10:09:11Z,A41514C5212AFD0E,18.4,queries/tpch/tpch-queries/q07/v1_materialized.sql,measured,1,5,3,2,1.561033,0.312207,1465.691,0.095342,0.001917,0.005726,7168,0,25.220703125000000000,22.975646972656250000,,
2026-08-14T10:09:13Z,A41514C5212AFD0E,18.4,queries/tpch/tpch-queries/q07/v1_materialized.sql,measured,2,5,3,2,1.531056,0.306211,1440.040,0.091016,0.003058,0.004240,7168,0,25.826477050781250000,23.541625976562500000,,
2026-08-14T10:09:14Z,A41514C5212AFD0E,18.4,queries/tpch/tpch-queries/q07/v1_materialized.sql,measured,3,5,3,2,1.541444,0.308289,1445.212,0.096232,0.002901,0.004720,7168,0,25.825744628906250000,23.575256347656250000,,
2026-08-14T10:09:15Z,A41514C5212AFD0E,18.4,queries/tpch/tpch-queries/q07/v2_union_all.sql,warmup,1,1,3,2,0.416893,0.416893,316.932,0.099961,0.003956,0.003791,7168,0,5.908142089843750000,5.267883300781250000,,
2026-08-14T10:09:15Z,A41514C5212AFD0E,18.4,queries/tpch/tpch-queries/q07/v2_union_all.sql,warmup,2,1,3,2,0.402220,0.402220,310.388,0.091832,0.003872,0.004025,7168,0,6.344665527343750000,5.706359863281250000,,
2026-08-14T10:09:17Z,A41514C5212AFD0E,18.4,queries/tpch/tpch-queries/q07/v2_union_all.sql,measured,1,5,3,2,1.574277,0.314855,1475.297,0.098980,0.003806,0.003914,7168,0,26.102233886718750000,23.743164062500000000,,
2026-08-14T10:09:18Z,A41514C5212AFD0E,18.4,queries/tpch/tpch-queries/q07/v2_union_all.sql,measured,2,5,3,2,1.584434,0.316887,1481.648,0.102786,0.003812,0.003957,7168,0,25.855468750000000000,23.469604492187500000,,
2026-08-14T10:09:20Z,A41514C5212AFD0E,18.4,queries/tpch/tpch-queries/q07/v2_union_all.sql,measured,3,5,3,2,1.581427,0.316285,1479.480,0.101947,0.005008,0.002895,7168,0,25.824645996093750000,23.533813476562500000,,
2026-08-14T10:09:20Z,A41514C5212AFD0E,18.4,queries/tpch/tpch-queries/q08/base.sql,warmup,1,1,3,2,0.526730,0.526730,390.588,0.136142,0.010198,0.008209,7168,0,7.499023437500000000,6.725219726562500000,,
2026-08-14T10:09:21Z,A41514C5212AFD0E,18.4,queries/tpch/tpch-queries/q08/base.sql,warmup,2,1,3,2,0.481622,0.481622,390.700,0.090922,0.001748,0.006032,7168,0,7.586120605468750000,6.860595703125000000,,
2026-08-14T10:09:23Z,A41514C5212AFD0E,18.4,queries/tpch/tpch-queries/q08/base.sql,measured,1,5,3,2,1.898204,0.379641,1796.815,0.101389,0.002197,0.005257,7168,0,32.325317382812500000,29.468444824218750000,,
2026-08-14T10:09:25Z,A41514C5212AFD0E,18.4,queries/tpch/tpch-queries/q08/base.sql,measured,2,5,3,2,1.886963,0.377393,1783.764,0.103199,0.002824,0.004953,7168,0,32.323791503906250000,29.561340332031250000,,
2026-08-14T10:09:27Z,A41514C5212AFD0E,18.4,queries/tpch/tpch-queries/q08/base.sql,measured,3,5,3,2,1.873736,0.374747,1777.863,0.095873,0.002732,0.004536,7168,0,32.674072265625000000,29.986145019531250000,,
2026-08-14T10:09:27Z,A41514C5212AFD0E,18.4,queries/tpch/tpch-queries/q08/v1_materialized.sql,warmup,1,1,3,2,0.441115,0.441115,381.202,0.059913,0.002088,0.004988,7168,0,7.819946289062500000,7.181335449218750000,,
2026-08-14T10:09:28Z,A41514C5212AFD0E,18.4,queries/tpch/tpch-queries/q08/v1_materialized.sql,warmup,2,1,3,2,0.473102,0.473102,382.924,0.090178,0.003784,0.003658,7168,0,7.804504394531250000,7.098205566406250000,,
2026-08-14T10:09:29Z,A41514C5212AFD0E,18.4,queries/tpch/tpch-queries/q08/v1_materialized.sql,measured,1,5,3,2,1.874046,0.374809,1774.726,0.099320,0.002855,0.004717,7168,0,32.705139160156250000,29.864501953125000000,,
2026-08-14T10:09:31Z,A41514C5212AFD0E,18.4,queries/tpch/tpch-queries/q08/v1_materialized.sql,measured,2,5,3,2,1.894901,0.378980,1790.067,0.104834,0.001982,0.005546,7168,0,32.143432617187500000,29.457397460937500000,,
2026-08-14T10:09:33Z,A41514C5212AFD0E,18.4,queries/tpch/tpch-queries/q08/v1_materialized.sql,measured,3,5,3,2,1.878105,0.375621,1776.194,0.101911,0.005597,0.001753,7168,0,32.900024414062500000,30.143493652343750000,,
2026-08-14T10:09:34Z,A41514C5212AFD0E,18.4,queries/tpch/tpch-queries/q08/v2_filter.sql,warmup,1,1,3,2,0.479686,0.479686,384.069,0.095617,0.002366,0.005269,7168,0,7.724487304687500000,6.993286132812500000,,
2026-08-14T10:09:34Z,A41514C5212AFD0E,18.4,queries/tpch/tpch-queries/q08/v2_filter.sql,warmup,2,1,3,2,0.476696,0.476696,386.038,0.090658,0.002172,0.005215,7168,0,7.777526855468750000,7.054443359375000000,,
2026-08-14T10:09:36Z,A41514C5212AFD0E,18.4,queries/tpch/tpch-queries/q08/v2_filter.sql,measured,1,5,3,2,1.885577,0.377115,1788.757,0.096820,0.001115,0.006505,7168,0,32.439697265625000000,29.570312500000000000,,
2026-08-14T10:09:38Z,A41514C5212AFD0E,18.4,queries/tpch/tpch-queries/q08/v2_filter.sql,measured,2,5,3,2,1.885487,0.377097,1782.525,0.102962,0.002735,0.004710,7168,0,32.416503906250000000,29.697814941406250000,,
2026-08-14T10:09:40Z,A41514C5212AFD0E,18.4,queries/tpch/tpch-queries/q08/v2_filter.sql,measured,3,5,3,2,1.880272,0.376054,1780.798,0.099474,0.002864,0.005023,7168,0,32.448425292968750000,29.784240722656250000,,
2026-08-14T10:09:41Z,A41514C5212AFD0E,18.4,queries/tpch/tpch-queries/q09/base.sql,warmup,1,1,3,2,0.996941,0.996941,901.681,0.095260,0.004305,0.003442,7168,0,22.174255371093750000,20.660583496093750000,,
2026-08-14T10:09:42Z,A41514C5212AFD0E,18.4,queries/tpch/tpch-queries/q09/base.sql,warmup,2,1,3,2,1.000867,1.000867,903.769,0.097098,0.001420,0.006593,7168,0,21.903686523437500000,20.392150878906250000,,
2026-08-14T10:09:46Z,A41514C5212AFD0E,18.4,queries/tpch/tpch-queries/q09/base.sql,measured,1,5,3,2,4.603288,0.920658,4503.459,0.099829,0.002867,0.004686,7168,0,107.964599609375000000,101.404479980468750000,,
2026-08-14T10:09:51Z,A41514C5212AFD0E,18.4,queries/tpch/tpch-queries/q09/base.sql,measured,2,5,3,2,4.641245,0.928249,4539.229,0.102016,0.000911,0.006347,7168,0,107.460876464843750000,100.828552246093750000,,
2026-08-14T10:09:56Z,A41514C5212AFD0E,18.4,queries/tpch/tpch-queries/q09/base.sql,measured,3,5,3,2,4.585887,0.917177,4490.784,0.095103,0.001845,0.005223,7168,0,106.395568847656250000,99.800964355468750000,,
2026-08-14T10:09:57Z,A41514C5212AFD0E,18.4,queries/tpch/tpch-queries/q09/v1_materialized.sql,warmup,1,1,3,2,1.017589,1.017589,923.736,0.093853,0.003810,0.003389,7168,0,21.879699707031250000,20.325988769531250000,,
2026-08-14T10:09:58Z,A41514C5212AFD0E,18.4,queries/tpch/tpch-queries/q09/v1_materialized.sql,warmup,2,1,3,2,1.007189,1.007189,909.912,0.097277,0.001020,0.006982,7168,0,21.959594726562500000,20.439453125000000000,,
2026-08-14T10:10:02Z,A41514C5212AFD0E,18.4,queries/tpch/tpch-queries/q09/v1_materialized.sql,measured,1,5,3,2,4.662027,0.932405,4560.892,0.101135,0.000920,0.007293,7168,0,105.450012207031250000,98.797973632812500000,,
2026-08-14T10:10:07Z,A41514C5212AFD0E,18.4,queries/tpch/tpch-queries/q09/v1_materialized.sql,measured,2,5,3,2,4.654518,0.930904,4548.217,0.106301,0.001744,0.006641,7168,0,106.175048828125000000,99.526977539062500000,,
2026-08-14T10:10:12Z,A41514C5212AFD0E,18.4,queries/tpch/tpch-queries/q09/v1_materialized.sql,measured,3,5,3,2,4.632767,0.926553,4537.246,0.095521,0.003222,0.004041,7168,0,106.138122558593750000,99.407104492187500000,,
2026-08-14T10:10:12Z,A41514C5212AFD0E,18.4,queries/tpch/tpch-queries/q10/base.sql,warmup,1,1,3,2,0.425609,0.425609,329.139,0.096470,0.001830,0.005835,7168,0,9.545837402343750000,8.890991210937500000,,
2026-08-14T10:10:12Z,A41514C5212AFD0E,18.4,queries/tpch/tpch-queries/q10/base.sql,warmup,2,1,3,2,0.419288,0.419288,318.020,0.101268,0.002872,0.005638,7168,0,9.434326171875000000,8.786499023437500000,,
2026-08-14T10:10:14Z,A41514C5212AFD0E,18.4,queries/tpch/tpch-queries/q10/base.sql,measured,1,5,3,2,1.744053,0.348811,1646.047,0.098006,0.002779,0.004826,7168,0,40.444702148437500000,37.809387207031250000,,
2026-08-14T10:10:16Z,A41514C5212AFD0E,18.4,queries/tpch/tpch-queries/q10/base.sql,measured,2,5,3,2,1.638402,0.327680,1544.632,0.093770,0.003887,0.003496,7168,0,41.261291503906250000,38.899841308593750000,,
2026-08-14T10:10:17Z,A41514C5212AFD0E,18.4,queries/tpch/tpch-queries/q10/base.sql,measured,3,5,3,2,1.648009,0.329602,1554.840,0.093169,0.000900,0.006269,7168,0,41.058898925781250000,38.651855468750000000,,
2026-08-14T10:10:18Z,A41514C5212AFD0E,18.4,queries/tpch/tpch-queries/q10/v1_materialized.sql,warmup,1,1,3,2,0.439392,0.439392,350.888,0.088504,0.003501,0.003560,7168,0,9.368041992187500000,8.708923339843750000,,
2026-08-14T10:10:18Z,A41514C5212AFD0E,18.4,queries/tpch/tpch-queries/q10/v1_materialized.sql,warmup,2,1,3,2,0.431280,0.431280,338.864,0.092416,0.002885,0.004764,7168,0,9.512390136718750000,8.846069335937500000,,
2026-08-14T10:10:20Z,A41514C5212AFD0E,18.4,queries/tpch/tpch-queries/q10/v1_materialized.sql,measured,1,5,3,2,1.793003,0.358601,1697.550,0.095453,0.001753,0.005913,7168,0,40.846374511718750000,38.253234863281250000,,
2026-08-14T10:10:22Z,A41514C5212AFD0E,18.4,queries/tpch/tpch-queries/q10/v1_materialized.sql,measured,2,5,3,2,1.819089,0.363818,1713.228,0.105861,0.003845,0.003907,7168,0,40.941955566406250000,38.389282226562500000,,
2026-08-14T10:10:24Z,A41514C5212AFD0E,18.4,queries/tpch/tpch-queries/q10/v1_materialized.sql,measured,3,5,3,2,1.809875,0.361975,1682.578,0.127297,0.004859,0.011589,7168,0,42.725524902343750000,39.928283691406250000,,
2026-08-14T10:10:24Z,A41514C5212AFD0E,18.4,queries/tpch/tpch-queries/q11/base.sql,warmup,1,1,3,2,0.170967,0.170967,83.279,0.087688,0.003666,0.003695,7168,0,3.390075683593750000,3.089233398437500000,,
2026-08-14T10:10:24Z,A41514C5212AFD0E,18.4,queries/tpch/tpch-queries/q11/base.sql,warmup,2,1,3,2,0.128143,0.128143,88.344,0.039799,0.001797,0.005350,7168,0,3.117919921875000000,2.904907226562500000,,
2026-08-14T10:10:25Z,A41514C5212AFD0E,18.4,queries/tpch/tpch-queries/q11/base.sql,measured,1,5,3,2,0.544796,0.108959,435.759,0.109037,0.004699,0.003802,7168,0,12.049499511718750000,11.208251953125000000,,
2026-08-14T10:10:25Z,A41514C5212AFD0E,18.4,queries/tpch/tpch-queries/q11/base.sql,measured,2,5,3,2,0.561175,0.112235,450.363,0.110812,0.003636,0.004533,7168,0,11.351806640625000000,10.482177734375000000,,
2026-08-14T10:10:26Z,A41514C5212AFD0E,18.4,queries/tpch/tpch-queries/q11/base.sql,measured,3,5,3,2,0.543548,0.108710,441.955,0.101593,0.002834,0.004966,7168,0,11.395263671875000000,10.486022949218750000,,
2026-08-14T10:10:26Z,A41514C5212AFD0E,18.4,queries/tpch/tpch-queries/q11/v1_materialized.sql,warmup,1,1,3,2,0.127243,0.127243,87.643,0.039600,0.002917,0.004143,7168,0,2.994506835937500000,2.803466796875000000,,
2026-08-14T10:10:26Z,A41514C5212AFD0E,18.4,queries/tpch/tpch-queries/q11/v1_materialized.sql,warmup,2,1,3,2,0.132179,0.132179,90.320,0.041859,0.002775,0.004558,7168,0,2.899597167968750000,2.700317382812500000,,
2026-08-14T10:10:27Z,A41514C5212AFD0E,18.4,queries/tpch/tpch-queries/q11/v1_materialized.sql,measured,1,5,3,2,0.569822,0.113964,442.942,0.126880,0.004847,0.004893,7168,0,12.220947265625000000,11.355834960937500000,,
2026-08-14T10:10:27Z,A41514C5212AFD0E,18.4,queries/tpch/tpch-queries/q11/v1_materialized.sql,measured,2,5,3,2,0.602121,0.120424,493.627,0.108494,0.001733,0.006100,7168,0,11.339782714843750000,10.425781250000000000,,
2026-08-14T10:10:28Z,A41514C5212AFD0E,18.4,queries/tpch/tpch-queries/q11/v1_materialized.sql,measured,3,5,3,2,0.561157,0.112231,451.898,0.109259,0.002941,0.005073,7168,0,11.269592285156250000,10.427368164062500000,,
2026-08-14T10:10:28Z,A41514C5212AFD0E,18.4,queries/tpch/tpch-queries/q11/v2_cte_threshold.sql,warmup,1,1,3,2,0.208722,0.208722,108.742,0.099980,0.002791,0.005458,7168,0,2.338928222656250000,2.006591796875000000,,
2026-08-14T10:10:28Z,A41514C5212AFD0E,18.4,queries/tpch/tpch-queries/q11/v2_cte_threshold.sql,warmup,2,1,3,2,0.162368,0.162368,110.288,0.052080,0.004107,0.005100,7168,0,2.207458496093750000,1.981994628906250000,,
2026-08-14T10:10:29Z,A41514C5212AFD0E,18.4,queries/tpch/tpch-queries/q11/v2_cte_threshold.sql,measured,1,5,3,2,0.528887,0.105777,415.240,0.113647,0.001905,0.007101,7168,0,12.084106445312500000,11.267639160156250000,,
2026-08-14T10:10:29Z,A41514C5212AFD0E,18.4,queries/tpch/tpch-queries/q11/v2_cte_threshold.sql,measured,2,5,3,2,0.537635,0.107527,429.413,0.108222,0.002938,0.005217,7168,0,11.760009765625000000,10.938720703125000000,,
2026-08-14T10:10:30Z,A41514C5212AFD0E,18.4,queries/tpch/tpch-queries/q11/v2_cte_threshold.sql,measured,3,5,3,2,0.546738,0.109348,462.383,0.084355,0.003733,0.003810,7168,0,11.543762207031250000,10.729431152343750000,,
2026-08-14T10:10:30Z,A41514C5212AFD0E,18.4,queries/tpch/tpch-queries/q12/base.sql,warmup,1,1,3,2,0.549653,0.549653,448.752,0.100901,0.004854,0.002993,7168,0,12.943847656250000000,12.133666992187500000,,
2026-08-14T10:10:31Z,A41514C5212AFD0E,18.4,queries/tpch/tpch-queries/q12/base.sql,warmup,2,1,3,2,0.563828,0.563828,465.133,0.098695,0.002112,0.006328,7168,0,12.933654785156250000,12.104309082031250000,,
2026-08-14T10:10:33Z,A41514C5212AFD0E,18.4,queries/tpch/tpch-queries/q12/base.sql,measured,1,5,3,2,2.283352,0.456670,2238.782,0.044570,0.002920,0.004796,7168,0,57.601196289062500000,55.115966796875000000,,
2026-08-14T10:10:36Z,A41514C5212AFD0E,18.4,queries/tpch/tpch-queries/q12/base.sql,measured,2,5,3,2,2.455519,0.491104,2350.056,0.105463,0.004255,0.005247,7168,0,53.625976562500000000,50.917053222656250000,,
2026-08-14T10:10:38Z,A41514C5212AFD0E,18.4,queries/tpch/tpch-queries/q12/base.sql,measured,3,5,3,2,2.450090,0.490018,2348.563,0.101527,0.003433,0.005740,7168,0,53.586975097656250000,50.860961914062500000,,
2026-08-14T10:10:39Z,A41514C5212AFD0E,18.4,queries/tpch/tpch-queries/q12/v1_materialized.sql,warmup,1,1,3,2,0.536996,0.536996,477.726,0.059270,0.002788,0.006701,7168,0,11.695068359375000000,11.110412597656250000,,
2026-08-14T10:10:39Z,A41514C5212AFD0E,18.4,queries/tpch/tpch-queries/q12/v1_materialized.sql,warmup,2,1,3,2,0.581601,0.581601,483.508,0.098093,0.001713,0.007058,7168,0,12.615295410156250000,11.941223144531250000,,
2026-08-14T10:10:42Z,A41514C5212AFD0E,18.4,queries/tpch/tpch-queries/q12/v1_materialized.sql,measured,1,5,3,2,2.488792,0.497758,2363.894,0.124898,0.004860,0.005921,7168,0,54.737304687500000000,52.016967773437500000,,
2026-08-14T10:10:44Z,A41514C5212AFD0E,18.4,queries/tpch/tpch-queries/q12/v1_materialized.sql,measured,2,5,3,2,2.471673,0.494335,2367.724,0.103949,0.004095,0.005023,7168,0,54.133544921875000000,51.242309570312500000,,
2026-08-14T10:10:46Z,A41514C5212AFD0E,18.4,queries/tpch/tpch-queries/q12/v1_materialized.sql,measured,3,5,3,2,2.413561,0.482712,2360.187,0.053374,0.003645,0.005928,7168,0,52.818664550781250000,50.302124023437500000,,
2026-08-14T10:10:47Z,A41514C5212AFD0E,18.4,queries/tpch/tpch-queries/q12/v2_filter.sql,warmup,1,1,3,2,0.580714,0.580714,479.117,0.101597,0.005732,0.003736,7168,0,12.530212402343750000,11.846374511718750000,,
2026-08-14T10:10:48Z,A41514C5212AFD0E,18.4,queries/tpch/tpch-queries/q12/v2_filter.sql,warmup,2,1,3,2,0.538915,0.538915,468.418,0.070497,0.003868,0.004947,7168,0,12.045043945312500000,11.385803222656250000,,
2026-08-14T10:10:50Z,A41514C5212AFD0E,18.4,queries/tpch/tpch-queries/q12/v2_filter.sql,measured,1,5,3,2,2.411508,0.482302,2359.718,0.051790,0.003995,0.004983,7168,0,52.886291503906250000,50.289550781250000000,,
2026-08-14T10:10:52Z,A41514C5212AFD0E,18.4,queries/tpch/tpch-queries/q12/v2_filter.sql,measured,2,5,3,2,2.459207,0.491841,2354.677,0.104530,0.003112,0.005964,7168,0,53.959655761718750000,51.277526855468750000,,
2026-08-14T10:10:55Z,A41514C5212AFD0E,18.4,queries/tpch/tpch-queries/q12/v2_filter.sql,measured,3,5,3,2,2.455170,0.491034,2356.933,0.098237,0.003790,0.004879,7168,0,53.833496093750000000,51.023132324218750000,,
2026-08-14T10:10:56Z,A41514C5212AFD0E,18.4,queries/tpch/tpch-queries/q13/base.sql,warmup,1,1,3,2,0.798368,0.798368,697.339,0.101029,0.000000,0.008887,7168,0,10.462097167968750000,9.437133789062500000,,
2026-08-14T10:10:56Z,A41514C5212AFD0E,18.4,queries/tpch/tpch-queries/q13/base.sql,warmup,2,1,3,2,0.725279,0.725279,624.409,0.100870,0.002102,0.005797,7168,0,11.609497070312500000,10.558593750000000000,,
2026-08-14T10:11:00Z,A41514C5212AFD0E,18.4,queries/tpch/tpch-queries/q13/base.sql,measured,1,5,3,2,3.114800,0.622960,3006.056,0.108744,0.002960,0.005836,7168,0,55.680297851562500000,51.192993164062500000,,
2026-08-14T10:11:03Z,A41514C5212AFD0E,18.4,queries/tpch/tpch-queries/q13/base.sql,measured,2,5,3,2,3.156010,0.631202,3051.283,0.104727,0.002227,0.006566,7168,0,55.074829101562500000,50.608337402343750000,,
2026-08-14T10:11:06Z,A41514C5212AFD0E,18.4,queries/tpch/tpch-queries/q13/base.sql,measured,3,5,3,2,3.114831,0.622966,3006.536,0.108295,0.005312,0.002993,7168,0,55.562927246093750000,51.014648437500000000,,
2026-08-14T10:11:07Z,A41514C5212AFD0E,18.4,queries/tpch/tpch-queries/q13/v1_materialized.sql,warmup,1,1,3,2,0.717967,0.717967,620.190,0.097777,0.004062,0.003956,7168,0,11.729187011718750000,10.692810058593750000,,
2026-08-14T10:11:07Z,A41514C5212AFD0E,18.4,queries/tpch/tpch-queries/q13/v1_materialized.sql,warmup,2,1,3,2,0.717339,0.717339,619.579,0.097760,0.003249,0.004806,7168,0,11.648559570312500000,10.623596191406250000,,
2026-08-14T10:11:10Z,A41514C5212AFD0E,18.4,queries/tpch/tpch-queries/q13/v1_materialized.sql,measured,1,5,3,2,3.106374,0.621275,3005.133,0.101241,0.004250,0.004058,7168,0,55.334838867187500000,50.951232910156250000,,
2026-08-14T10:11:13Z,A41514C5212AFD0E,18.4,queries/tpch/tpch-queries/q13/v1_materialized.sql,measured,2,5,3,2,3.097233,0.619447,2990.659,0.106574,0.002709,0.005468,7168,0,55.901611328125000000,51.528137207031250000,,
2026-08-14T10:11:17Z,A41514C5212AFD0E,18.4,queries/tpch/tpch-queries/q13/v1_materialized.sql,measured,3,5,3,2,3.088063,0.617613,2988.033,0.100030,0.005585,0.002839,7168,0,55.836730957031250000,51.453796386718750000,,
2026-08-14T10:11:19Z,A41514C5212AFD0E,18.4,queries/tpch/tpch-queries/q13/v2_correlated.sql,warmup,1,1,3,2,2.320750,2.320750,2227.044,0.093706,0.006758,0.000978,7168,0,20.617248535156250000,18.201354980468750000,,
2026-08-14T10:11:21Z,A41514C5212AFD0E,18.4,queries/tpch/tpch-queries/q13/v2_correlated.sql,warmup,2,1,3,2,2.319543,2.319543,2278.673,0.040870,0.001826,0.005728,7168,0,21.172058105468750000,18.941772460937500000,,
2026-08-14T10:11:32Z,A41514C5212AFD0E,18.4,queries/tpch/tpch-queries/q13/v2_correlated.sql,measured,1,5,3,2,10.595718,2.119144,10502.785,0.092933,0.004728,0.003812,7168,0,97.656555175781250000,87.684936523437500000,,
2026-08-14T10:11:42Z,A41514C5212AFD0E,18.4,queries/tpch/tpch-queries/q13/v2_correlated.sql,measured,2,5,3,2,10.433325,2.086665,10338.259,0.095066,0.005172,0.003557,7168,0,99.003356933593750000,89.128417968750000000,,
2026-08-14T10:11:53Z,A41514C5212AFD0E,18.4,queries/tpch/tpch-queries/q13/v2_correlated.sql,measured,3,5,3,2,10.481881,2.096376,10379.823,0.102058,0.003756,0.004754,7168,0,96.615844726562500000,86.926086425781250000,,
2026-08-14T10:11:53Z,A41514C5212AFD0E,18.4,queries/tpch/tpch-queries/q14/base.sql,warmup,1,1,3,2,0.302026,0.302026,260.962,0.041064,0.003882,0.003755,7168,0,9.563720703125000000,9.122741699218750000,,
2026-08-14T10:11:53Z,A41514C5212AFD0E,18.4,queries/tpch/tpch-queries/q14/base.sql,warmup,2,1,3,2,0.379475,0.379475,281.612,0.097863,0.005722,0.001957,7168,0,8.179931640625000000,7.610168457031250000,,
2026-08-14T10:11:55Z,A41514C5212AFD0E,18.4,queries/tpch/tpch-queries/q14/base.sql,measured,1,5,3,2,1.332232,0.266446,1228.270,0.103962,0.003034,0.004926,7168,0,42.421997070312500000,40.291809082031250000,,
2026-08-14T10:11:56Z,A41514C5212AFD0E,18.4,queries/tpch/tpch-queries/q14/base.sql,measured,2,5,3,2,1.310921,0.262184,1216.569,0.094352,0.003579,0.003617,7168,0,42.133972167968750000,40.153747558593750000,,
2026-08-14T10:11:57Z,A41514C5212AFD0E,18.4,queries/tpch/tpch-queries/q14/base.sql,measured,3,5,3,2,1.310574,0.262115,1214.762,0.095812,0.003811,0.003970,7168,0,41.825073242187500000,39.846252441406250000,,
2026-08-14T10:11:58Z,A41514C5212AFD0E,18.4,queries/tpch/tpch-queries/q14/v1_materialized.sql,warmup,1,1,3,2,0.383218,0.383218,286.694,0.096524,0.003354,0.004230,7168,0,8.273742675781250000,7.672668457031250000,,
2026-08-14T10:11:58Z,A41514C5212AFD0E,18.4,queries/tpch/tpch-queries/q14/v1_materialized.sql,warmup,2,1,3,2,0.411002,0.411002,309.837,0.101165,0.004252,0.003429,7168,0,8.130737304687500000,7.498840332031250000,,
2026-08-14T10:11:59Z,A41514C5212AFD0E,18.4,queries/tpch/tpch-queries/q14/v1_materialized.sql,measured,1,5,3,2,1.335944,0.267189,1236.782,0.099162,0.001930,0.005694,7168,0,40.762939453125000000,38.673828125000000000,,
2026-08-14T10:12:01Z,A41514C5212AFD0E,18.4,queries/tpch/tpch-queries/q14/v1_materialized.sql,measured,2,5,3,2,1.320919,0.264184,1222.198,0.098721,0.002824,0.004963,7168,0,42.372192382812500000,40.359863281250000000,,
2026-08-14T10:12:02Z,A41514C5212AFD0E,18.4,queries/tpch/tpch-queries/q14/v1_materialized.sql,measured,3,5,3,2,1.320761,0.264152,1222.196,0.098565,0.004765,0.002937,7168,0,41.890808105468750000,39.864379882812500000,,
2026-08-14T10:12:02Z,A41514C5212AFD0E,18.4,queries/tpch/tpch-queries/q14/v2_filter.sql,warmup,1,1,3,2,0.363934,0.363934,273.587,0.090347,0.002677,0.004406,7168,0,8.636840820312500000,8.072509765625000000,,
2026-08-14T10:12:03Z,A41514C5212AFD0E,18.4,queries/tpch/tpch-queries/q14/v2_filter.sql,warmup,2,1,3,2,0.416330,0.416330,314.307,0.102023,0.003095,0.004962,7168,0,8.138916015625000000,7.505249023437500000,,
2026-08-14T10:12:04Z,A41514C5212AFD0E,18.4,queries/tpch/tpch-queries/q14/v2_filter.sql,measured,1,5,3,2,1.373301,0.274660,1268.543,0.104758,0.004568,0.003656,7168,0,41.045410156250000000,38.736633300781250000,,
2026-08-14T10:12:06Z,A41514C5212AFD0E,18.4,queries/tpch/tpch-queries/q14/v2_filter.sql,measured,2,5,3,2,1.336287,0.267257,1240.770,0.095517,0.001762,0.005550,7168,0,40.886230468750000000,38.850402832031250000,,
2026-08-14T10:12:07Z,A41514C5212AFD0E,18.4,queries/tpch/tpch-queries/q14/v2_filter.sql,measured,3,5,3,2,1.397657,0.279531,1301.223,0.096434,0.004463,0.003087,7168,0,38.025085449218750000,35.827331542968750000,,
2026-08-14T10:12:07Z,A41514C5212AFD0E,18.4,queries/tpch/tpch-queries/q15/base.sql,warmup,1,1,3,2,0.429833,0.429833,336.008,0.093825,0.003184,0.004016,7168,0,8.625366210937500000,7.942871093750000000,,
2026-08-14T10:12:08Z,A41514C5212AFD0E,18.4,queries/tpch/tpch-queries/q15/base.sql,warmup,2,1,3,2,0.456280,0.456280,358.943,0.097337,0.004790,0.002930,7168,0,8.602416992187500000,7.904907226562500000,,
2026-08-14T10:12:10Z,A41514C5212AFD0E,18.4,queries/tpch/tpch-queries/q15/base.sql,measured,1,5,3,2,1.594069,0.318814,1491.904,0.102165,0.002885,0.004703,7168,0,41.735290527343750000,39.167236328125000000,,
2026-08-14T10:12:11Z,A41514C5212AFD0E,18.4,queries/tpch/tpch-queries/q15/base.sql,measured,2,5,3,2,1.509341,0.301868,1448.800,0.060541,0.001798,0.005358,7168,0,41.447814941406250000,39.162170410156250000,,
2026-08-14T10:12:13Z,A41514C5212AFD0E,18.4,queries/tpch/tpch-queries/q15/base.sql,measured,3,5,3,2,1.571060,0.314212,1476.923,0.094137,0.003003,0.004277,7168,0,42.120239257812500000,39.709594726562500000,,
2026-08-14T10:12:13Z,A41514C5212AFD0E,18.4,queries/tpch/tpch-queries/q15/v1_materialized.sql,warmup,1,1,3,2,0.456259,0.456259,363.849,0.092410,0.001048,0.006158,7168,0,8.528259277343750000,7.828796386718750000,,
2026-08-14T10:12:13Z,A41514C5212AFD0E,18.4,queries/tpch/tpch-queries/q15/v1_materialized.sql,warmup,2,1,3,2,0.459927,0.459927,359.455,0.100472,0.003200,0.004661,7168,0,8.546447753906250000,7.838684082031250000,,
2026-08-14T10:12:15Z,A41514C5212AFD0E,18.4,queries/tpch/tpch-queries/q15/v1_materialized.sql,measured,1,5,3,2,1.607166,0.321433,1510.892,0.096274,0.002117,0.005060,7168,0,40.927673339843750000,38.293640136718750000,,
2026-08-14T10:12:17Z,A41514C5212AFD0E,18.4,queries/tpch/tpch-queries/q15/v1_materialized.sql,measured,2,5,3,2,1.559186,0.311837,1463.288,0.095898,0.003602,0.003629,7168,0,40.833984375000000000,38.466308593750000000,,
2026-08-14T10:12:18Z,A41514C5212AFD0E,18.4,queries/tpch/tpch-queries/q15/v1_materialized.sql,measured,3,5,3,2,1.620769,0.324154,1525.233,0.095536,0.002640,0.004528,7168,0,40.167724609375000000,37.738159179687500000,,
2026-08-14T10:12:19Z,A41514C5212AFD0E,18.4,queries/tpch/tpch-queries/q16/base.sql,warmup,1,1,3,2,0.345105,0.345105,252.016,0.093089,0.004689,0.002534,7168,0,5.713989257812500000,5.214965820312500000,,
2026-08-14T10:12:19Z,A41514C5212AFD0E,18.4,queries/tpch/tpch-queries/q16/base.sql,warmup,2,1,3,2,0.396789,0.396789,246.028,0.150761,0.001966,0.006140,7168,0,5.931640625000000000,5.327941894531250000,,
2026-08-14T10:12:20Z,A41514C5212AFD0E,18.4,queries/tpch/tpch-queries/q16/base.sql,measured,1,5,3,2,1.203228,0.240646,1144.616,0.058612,0.004779,0.003776,7168,0,28.566894531250000000,26.949035644531250000,,
2026-08-14T10:12:21Z,A41514C5212AFD0E,18.4,queries/tpch/tpch-queries/q16/base.sql,measured,2,5,3,2,1.193606,0.238721,1107.158,0.086448,0.002748,0.004577,7168,0,29.710388183593750000,28.132507324218750000,,
2026-08-14T10:12:23Z,A41514C5212AFD0E,18.4,queries/tpch/tpch-queries/q16/base.sql,measured,3,5,3,2,1.264918,0.252984,1163.411,0.101507,0.004606,0.003741,7168,0,28.052673339843750000,26.396423339843750000,,
2026-08-14T10:12:23Z,A41514C5212AFD0E,18.4,queries/tpch/tpch-queries/q16/v1_materialized.sql,warmup,1,1,3,2,0.324329,0.324329,232.623,0.091706,0.002871,0.004682,7168,0,6.593872070312500000,6.107360839843750000,,
2026-08-14T10:12:23Z,A41514C5212AFD0E,18.4,queries/tpch/tpch-queries/q16/v1_materialized.sql,warmup,2,1,3,2,0.334732,0.334732,228.973,0.105759,0.002770,0.005760,7168,0,6.502807617187500000,6.012512207031250000,,
2026-08-14T10:12:25Z,A41514C5212AFD0E,18.4,queries/tpch/tpch-queries/q16/v1_materialized.sql,measured,1,5,3,2,1.245654,0.249131,1117.132,0.128522,0.002679,0.005492,7168,0,30.347351074218750000,28.571105957031250000,,
2026-08-14T10:12:26Z,A41514C5212AFD0E,18.4,queries/tpch/tpch-queries/q16/v1_materialized.sql,measured,2,5,3,2,1.276599,0.255320,1179.611,0.096988,0.003769,0.003888,7168,0,29.040222167968750000,27.237243652343750000,,
2026-08-14T10:12:27Z,A41514C5212AFD0E,18.4,queries/tpch/tpch-queries/q16/v1_materialized.sql,measured,3,5,3,2,1.270039,0.254008,1168.907,0.101132,0.004149,0.004001,7168,0,28.701660156250000000,27.040527343750000000,,
2026-08-14T10:12:27Z,A41514C5212AFD0E,18.4,queries/tpch/tpch-queries/q16/v2_not_exists.sql,warmup,1,1,3,2,0.311431,0.311431,217.288,0.094143,0.002774,0.004789,7168,0,5.765197753906250000,5.296936035156250000,,
2026-08-14T10:12:28Z,A41514C5212AFD0E,18.4,queries/tpch/tpch-queries/q16/v2_not_exists.sql,warmup,2,1,3,2,0.341369,0.341369,213.802,0.127567,0.007409,0.010475,7168,0,6.054931640625000000,5.571777343750000000,,
2026-08-14T10:12:29Z,A41514C5212AFD0E,18.4,queries/tpch/tpch-queries/q16/v2_not_exists.sql,measured,1,5,3,2,1.146023,0.229205,1038.831,0.107192,0.002978,0.005864,7168,0,27.565734863281250000,26.056396484375000000,,
2026-08-14T10:12:30Z,A41514C5212AFD0E,18.4,queries/tpch/tpch-queries/q16/v2_not_exists.sql,measured,2,5,3,2,1.184906,0.236981,1083.771,0.101135,0.003024,0.004911,7168,0,26.514404296875000000,24.821655273437500000,,
2026-08-14T10:12:31Z,A41514C5212AFD0E,18.4,queries/tpch/tpch-queries/q16/v2_not_exists.sql,measured,3,5,3,2,1.155040,0.231008,1048.032,0.107008,0.001880,0.006535,7168,0,27.650878906250000000,26.051208496093750000,,
2026-08-14T10:12:34Z,A41514C5212AFD0E,18.4,queries/tpch/tpch-queries/q17/v2_decorrelate.sql,warmup,1,1,3,2,2.587256,2.587256,2487.364,0.099892,0.002039,0.005863,7168,0,58.785461425781250000,54.997619628906250000,,
2026-08-14T10:12:36Z,A41514C5212AFD0E,18.4,queries/tpch/tpch-queries/q17/v2_decorrelate.sql,warmup,2,1,3,2,2.617869,2.617869,2521.528,0.096341,0.003810,0.003995,7168,0,57.613098144531250000,53.562072753906250000,,
2026-08-14T10:12:49Z,A41514C5212AFD0E,18.4,queries/tpch/tpch-queries/q17/v2_decorrelate.sql,measured,1,5,3,2,12.612711,2.522542,12508.882,0.103829,0.004537,0.003692,7168,0,276.617187500000000000,257.928161621093750000,,
2026-08-14T10:13:02Z,A41514C5212AFD0E,18.4,queries/tpch/tpch-queries/q17/v2_decorrelate.sql,measured,2,5,3,2,12.623659,2.524732,12521.997,0.101662,0.001916,0.005808,7168,0,278.031372070312500000,259.028503417968750000,,
2026-08-14T10:13:14Z,A41514C5212AFD0E,18.4,queries/tpch/tpch-queries/q17/v2_decorrelate.sql,measured,3,5,3,2,12.707089,2.541418,12604.911,0.102178,0.002059,0.006047,7168,0,277.342834472656250000,258.561828613281250000,,
2026-08-14T10:13:17Z,A41514C5212AFD0E,18.4,queries/tpch/tpch-queries/q18/base.sql,warmup,1,1,3,2,2.662564,2.662564,2621.371,0.041193,0.006335,0.001098,7168,0,64.763977050781250000,62.139465332031250000,,
2026-08-14T10:13:20Z,A41514C5212AFD0E,18.4,queries/tpch/tpch-queries/q18/base.sql,warmup,2,1,3,2,2.836764,2.836764,2732.750,0.104014,0.003165,0.006162,7168,0,61.941894531250000000,59.114074707031250000,,
2026-08-14T10:13:33Z,A41514C5212AFD0E,18.4,queries/tpch/tpch-queries/q18/base.sql,measured,1,5,3,2,13.240126,2.648025,13135.845,0.104281,0.002104,0.006384,7168,0,288.972595214843750000,275.999572753906250000,,
2026-08-14T10:13:46Z,A41514C5212AFD0E,18.4,queries/tpch/tpch-queries/q18/base.sql,measured,2,5,3,2,12.972857,2.594571,12858.712,0.114145,0.003464,0.005636,7168,0,285.434936523437500000,272.596069335937500000,,
2026-08-14T10:13:59Z,A41514C5212AFD0E,18.4,queries/tpch/tpch-queries/q18/base.sql,measured,3,5,3,2,13.098976,2.619795,12974.112,0.124864,0.002888,0.006888,7168,0,286.908813476562500000,274.162719726562500000,,
2026-08-14T10:14:02Z,A41514C5212AFD0E,18.4,queries/tpch/tpch-queries/q18/v1_materialized.sql,warmup,1,1,3,2,2.749325,2.749325,2629.956,0.119369,0.004155,0.005286,7168,0,60.481140136718750000,57.771057128906250000,,
2026-08-14T10:14:05Z,A41514C5212AFD0E,18.4,queries/tpch/tpch-queries/q18/v1_materialized.sql,warmup,2,1,3,2,2.791458,2.791458,2668.928,0.122530,0.005286,0.004233,7168,0,62.111877441406250000,59.341186523437500000,,
2026-08-14T10:14:18Z,A41514C5212AFD0E,18.4,queries/tpch/tpch-queries/q18/v1_materialized.sql,measured,1,5,3,2,13.095560,2.619112,13040.861,0.054699,0.003111,0.006176,7168,0,286.075378417968750000,273.329223632812500000,,
2026-08-14T10:14:31Z,A41514C5212AFD0E,18.4,queries/tpch/tpch-queries/q18/v1_materialized.sql,measured,2,5,3,2,13.172709,2.634542,13067.955,0.104754,0.003943,0.004926,7168,0,289.099548339843750000,276.257446289062500000,,
2026-08-14T10:14:44Z,A41514C5212AFD0E,18.4,queries/tpch/tpch-queries/q18/v1_materialized.sql,measured,3,5,3,2,12.691683,2.538337,12641.780,0.049903,0.005350,0.002649,7168,0,279.070373535156250000,266.676025390625000000,,
2026-08-14T10:14:47Z,A41514C5212AFD0E,18.4,queries/tpch/tpch-queries/q18/v2_join.sql,warmup,1,1,3,2,2.784081,2.784081,2655.374,0.128707,0.003941,0.005752,7168,0,61.678833007812500000,58.960449218750000000,,
2026-08-14T10:14:49Z,A41514C5212AFD0E,18.4,queries/tpch/tpch-queries/q18/v2_join.sql,warmup,2,1,3,2,2.843205,2.843205,2736.222,0.106983,0.005197,0.004207,7168,0,62.265747070312500000,59.468811035156250000,,
2026-08-14T10:15:02Z,A41514C5212AFD0E,18.4,queries/tpch/tpch-queries/q18/v2_join.sql,measured,1,5,3,2,13.027971,2.605594,12925.850,0.102121,0.002988,0.005824,7168,0,284.037719726562500000,271.399902343750000000,,
2026-08-14T10:15:15Z,A41514C5212AFD0E,18.4,queries/tpch/tpch-queries/q18/v2_join.sql,measured,2,5,3,2,13.057352,2.611470,12990.930,0.066422,0.003026,0.006083,7168,0,287.398437500000000000,274.594482421875000000,,
2026-08-14T10:15:29Z,A41514C5212AFD0E,18.4,queries/tpch/tpch-queries/q18/v2_join.sql,measured,3,5,3,2,13.072945,2.614589,13022.938,0.050007,0.000940,0.007501,7168,0,286.807556152343750000,274.092102050781250000,,
2026-08-14T10:15:29Z,A41514C5212AFD0E,18.4,queries/tpch/tpch-queries/q19/base.sql,warmup,1,1,3,2,0.520532,0.520532,412.905,0.107627,0.001918,0.006753,7168,0,12.773315429687500000,12.148742675781250000,,
2026-08-14T10:15:30Z,A41514C5212AFD0E,18.4,queries/tpch/tpch-queries/q19/base.sql,warmup,2,1,3,2,0.598468,0.598468,479.175,0.119293,0.003595,0.006478,7168,0,11.536804199218750000,10.860717773437500000,,
2026-08-14T10:15:32Z,A41514C5212AFD0E,18.4,queries/tpch/tpch-queries/q19/base.sql,measured,1,5,3,2,2.289720,0.457944,2186.813,0.102907,0.003662,0.004619,7168,0,52.314086914062500000,49.851562500000000000,,
2026-08-14T10:15:34Z,A41514C5212AFD0E,18.4,queries/tpch/tpch-queries/q19/base.sql,measured,2,5,3,2,2.345088,0.469018,2227.232,0.117856,0.006062,0.003855,7168,0,51.463989257812500000,48.831237792968750000,,
2026-08-14T10:15:37Z,A41514C5212AFD0E,18.4,queries/tpch/tpch-queries/q19/base.sql,measured,3,5,3,2,2.315996,0.463199,2210.094,0.105902,0.000975,0.008013,7168,0,50.790954589843750000,48.306823730468750000,,
2026-08-14T10:15:37Z,A41514C5212AFD0E,18.4,queries/tpch/tpch-queries/q19/v1_materialized.sql,warmup,1,1,3,2,0.582350,0.582350,474.322,0.108028,0.002108,0.007408,7168,0,11.996948242187500000,11.344299316406250000,,
2026-08-14T10:15:38Z,A41514C5212AFD0E,18.4,queries/tpch/tpch-queries/q19/v1_materialized.sql,warmup,2,1,3,2,0.566324,0.566324,467.776,0.098548,0.005206,0.003155,7168,0,11.446838378906250000,10.749023437500000000,,
2026-08-14T10:15:40Z,A41514C5212AFD0E,18.4,queries/tpch/tpch-queries/q19/v1_materialized.sql,measured,1,5,3,2,2.276480,0.455296,2180.455,0.096025,0.002831,0.004857,7168,0,51.915466308593750000,49.302673339843750000,,
2026-08-14T10:15:42Z,A41514C5212AFD0E,18.4,queries/tpch/tpch-queries/q19/v1_materialized.sql,measured,2,5,3,2,2.352790,0.470558,2192.888,0.159902,0.007652,0.010893,7168,0,51.604309082031250000,49.089538574218750000,,
2026-08-14T10:15:45Z,A41514C5212AFD0E,18.4,queries/tpch/tpch-queries/q19/v1_materialized.sql,measured,3,5,3,2,2.343744,0.468749,2227.010,0.116734,0.007139,0.002751,7168,0,51.447082519531250000,48.816284179687500000,,
2026-08-14T10:15:46Z,A41514C5212AFD0E,18.4,queries/tpch/tpch-queries/q19/v2_union_all.sql,warmup,1,1,3,2,1.410278,1.410278,1296.128,0.114150,0.003712,0.005747,7168,0,30.919738769531250000,29.357849121093750000,,
2026-08-14T10:15:48Z,A41514C5212AFD0E,18.4,queries/tpch/tpch-queries/q19/v2_union_all.sql,warmup,2,1,3,2,1.380507,1.380507,1279.762,0.100745,0.003983,0.004918,7168,0,30.289550781250000000,28.841796875000000000,,
2026-08-14T10:15:54Z,A41514C5212AFD0E,18.4,queries/tpch/tpch-queries/q19/v2_union_all.sql,measured,1,5,3,2,6.434836,1.286967,6329.001,0.105835,0.005644,0.003604,7168,0,140.985351562500000000,134.188415527343750000,,
2026-08-14T10:16:00Z,A41514C5212AFD0E,18.4,queries/tpch/tpch-queries/q19/v2_union_all.sql,measured,2,5,3,2,6.442514,1.288503,6319.531,0.122983,0.002580,0.006241,7168,0,141.309265136718750000,134.513977050781250000,,
2026-08-14T10:16:07Z,A41514C5212AFD0E,18.4,queries/tpch/tpch-queries/q19/v2_union_all.sql,measured,3,5,3,2,6.397022,1.279404,6317.500,0.079522,0.001792,0.007365,7168,0,140.283752441406250000,133.697326660156250000,,
2026-08-14T10:16:07Z,A41514C5212AFD0E,18.4,queries/tpch/tpch-queries/q21/base.sql,warmup,1,1,3,2,0.660057,0.660057,557.449,0.102608,0.002763,0.006070,7168,0,14.042846679687500000,13.264038085937500000,,
2026-08-14T10:16:08Z,A41514C5212AFD0E,18.4,queries/tpch/tpch-queries/q21/base.sql,warmup,2,1,3,2,0.655026,0.655026,544.862,0.110164,0.001014,0.007809,7168,0,14.134399414062500000,13.261962890625000000,,
2026-08-14T10:16:11Z,A41514C5212AFD0E,18.4,queries/tpch/tpch-queries/q21/base.sql,measured,1,5,3,2,2.726271,0.545254,2669.041,0.057230,0.001898,0.006629,7168,0,60.322021484375000000,57.294372558593750000,,
2026-08-14T10:16:14Z,A41514C5212AFD0E,18.4,queries/tpch/tpch-queries/q21/base.sql,measured,2,5,3,2,2.783537,0.556707,2679.838,0.103699,0.004208,0.004258,7168,0,61.258789062500000000,57.998168945312500000,,
2026-08-14T10:16:16Z,A41514C5212AFD0E,18.4,queries/tpch/tpch-queries/q21/base.sql,measured,3,5,3,2,2.787177,0.557435,2680.127,0.107050,0.001893,0.006786,7168,0,61.077758789062500000,57.943115234375000000,,
2026-08-14T10:16:17Z,A41514C5212AFD0E,18.4,queries/tpch/tpch-queries/q21/v1_materialized.sql,warmup,1,1,3,2,0.645955,0.645955,548.894,0.097061,0.001078,0.007353,7168,0,14.104858398437500000,13.343139648437500000,,
2026-08-14T10:16:18Z,A41514C5212AFD0E,18.4,queries/tpch/tpch-queries/q21/v1_materialized.sql,warmup,2,1,3,2,0.643481,0.643481,548.750,0.094731,0.004636,0.003871,7168,0,14.168090820312500000,13.392639160156250000,,
2026-08-14T10:16:20Z,A41514C5212AFD0E,18.4,queries/tpch/tpch-queries/q21/v1_materialized.sql,measured,1,5,3,2,2.792477,0.558495,2688.105,0.104372,0.003954,0.004762,7168,0,61.574768066406250000,58.350524902343750000,,
2026-08-14T10:16:23Z,A41514C5212AFD0E,18.4,queries/tpch/tpch-queries/q21/v1_materialized.sql,measured,2,5,3,2,2.804431,0.560886,2699.675,0.104756,0.002960,0.005675,7168,0,61.448608398437500000,58.193725585937500000,,
2026-08-14T10:16:26Z,A41514C5212AFD0E,18.4,queries/tpch/tpch-queries/q21/v1_materialized.sql,measured,3,5,3,2,2.786181,0.557236,2682.330,0.103851,0.003769,0.004860,7168,0,61.274108886718750000,58.071899414062500000,,
2026-08-14T10:16:26Z,A41514C5212AFD0E,18.4,queries/tpch/tpch-queries/q22/base.sql,warmup,1,1,3,2,0.118675,0.118675,69.076,0.049599,0.004175,0.005158,7168,0,1.876647949218750000,1.729370117187500000,,
2026-08-14T10:16:26Z,A41514C5212AFD0E,18.4,queries/tpch/tpch-queries/q22/base.sql,warmup,2,1,3,2,0.105497,0.105497,59.740,0.045757,0.002776,0.005625,7168,0,1.786193847656250000,1.652770996093750000,,
2026-08-14T10:16:27Z,A41514C5212AFD0E,18.4,queries/tpch/tpch-queries/q22/base.sql,measured,1,5,3,2,0.329841,0.065968,280.569,0.049272,0.004129,0.004263,7168,0,7.498229980468750000,7.138793945312500000,,
2026-08-14T10:16:27Z,A41514C5212AFD0E,18.4,queries/tpch/tpch-queries/q22/base.sql,measured,2,5,3,2,0.431721,0.086344,320.431,0.111290,0.005146,0.003985,7168,0,7.223022460937500000,6.730590820312500000,,
2026-08-14T10:16:27Z,A41514C5212AFD0E,18.4,queries/tpch/tpch-queries/q22/base.sql,measured,3,5,3,2,0.411259,0.082252,301.766,0.109493,0.002832,0.005698,7168,0,7.637390136718750000,7.148864746093750000,,
2026-08-14T10:16:28Z,A41514C5212AFD0E,18.4,queries/tpch/tpch-queries/q22/v1_materialized.sql,warmup,1,1,3,2,0.198616,0.198616,89.264,0.109352,0.003995,0.004923,7168,0,1.478393554687500000,1.212829589843750000,,
2026-08-14T10:16:28Z,A41514C5212AFD0E,18.4,queries/tpch/tpch-queries/q22/v1_materialized.sql,warmup,2,1,3,2,0.167020,0.167020,62.295,0.104725,0.004816,0.003885,7168,0,2.179077148437500000,1.949401855468750000,,
2026-08-14T10:16:28Z,A41514C5212AFD0E,18.4,queries/tpch/tpch-queries/q22/v1_materialized.sql,measured,1,5,3,2,0.392040,0.078408,272.362,0.119678,0.004715,0.005629,7168,0,8.387451171875000000,7.888000488281250000,,
2026-08-14T10:16:29Z,A41514C5212AFD0E,18.4,queries/tpch/tpch-queries/q22/v1_materialized.sql,measured,2,5,3,2,0.396528,0.079306,290.314,0.106214,0.003634,0.004488,7168,0,7.865905761718750000,7.317504882812500000,,
2026-08-14T10:16:29Z,A41514C5212AFD0E,18.4,queries/tpch/tpch-queries/q22/v1_materialized.sql,measured,3,5,3,2,0.329193,0.065839,284.860,0.044333,0.004712,0.002773,7168,0,8.043457031250000000,7.697692871093750000,,
2026-08-14T10:16:29Z,A41514C5212AFD0E,18.4,queries/tpch/tpch-queries/q22/v2_anti_join.sql,warmup,1,1,3,2,0.239683,0.239683,137.105,0.102578,0.001871,0.006537,7168,0,2.738952636718750000,2.430297851562500000,,
2026-08-14T10:16:29Z,A41514C5212AFD0E,18.4,queries/tpch/tpch-queries/q22/v2_anti_join.sql,warmup,2,1,3,2,0.258268,0.258268,150.337,0.107931,0.003774,0.004714,7168,0,2.877807617187500000,2.557983398437500000,,
2026-08-14T10:16:30Z,A41514C5212AFD0E,18.4,queries/tpch/tpch-queries/q22/v2_anti_join.sql,measured,1,5,3,2,0.654051,0.130810,541.510,0.112541,0.002964,0.005890,7168,0,15.179077148437500000,14.397216796875000000,,
2026-08-14T10:16:31Z,A41514C5212AFD0E,18.4,queries/tpch/tpch-queries/q22/v2_anti_join.sql,measured,2,5,3,2,0.649680,0.129936,542.045,0.107635,0.002621,0.005846,7168,0,15.293090820312500000,14.505371093750000000,,
2026-08-14T10:16:31Z,A41514C5212AFD0E,18.4,queries/tpch/tpch-queries/q22/v2_anti_join.sql,measured,3,5,3,2,0.649407,0.129881,544.592,0.104815,0.002701,0.005473,7168,0,15.376831054687500000,14.528503417968750000,,
