timestamp_utc,run_id,pg_version,query,phase,batch_index,copy_index,batchnum,runs,server_planning_ms,server_execution_ms,plan_nodes,scan_nodes,rows_out,rows_processed,rows_estimated,bytes_processed,rows_removed_filter,workers_launched,relations,shared_hit_blks,shared_read_blks,shared_dirtied_blks,shared_written_blks,temp_read_blks,temp_written_blks,failed
2026-08-10T15:13:03Z,F0835FB40824C98A,16.14,queries/warehouse/3Join.sql,warmup,1,1,1,3,0.780,96.590,12,3,11,1126901,15,24028731,796,1,sales;suppliers;items,3261,0,0,0,0,0,0
2026-08-10T15:13:03Z,F0835FB40824C98A,16.14,queries/warehouse/3Join.sql,warmup,2,1,1,3,0.757,98.368,12,3,11,1126902,15,24028790,796,1,sales;suppliers;items,3261,0,0,0,0,0,0
2026-08-10T15:13:03Z,F0835FB40824C98A,16.14,queries/warehouse/3Join.sql,measured,1,1,5,3,0.757,97.278,12,3,11,1126905,15,24028967,796,1,sales;suppliers;items,3261,0,0,0,0,0,0
2026-08-10T15:13:03Z,F0835FB40824C98A,16.14,queries/warehouse/3Join.sql,measured,1,2,5,3,0.258,96.704,12,3,11,1126894,15,24028318,796,1,sales;suppliers;items,3258,0,0,0,0,0,0
2026-08-10T15:13:03Z,F0835FB40824C98A,16.14,queries/warehouse/3Join.sql,measured,1,3,5,3,0.241,96.395,12,3,11,1126901,15,24028731,796,1,sales;suppliers;items,3258,0,0,0,0,0,0
2026-08-10T15:13:03Z,F0835FB40824C98A,16.14,queries/warehouse/3Join.sql,measured,1,4,5,3,0.237,95.442,12,3,11,1126894,15,24028318,796,1,sales;suppliers;items,3258,0,0,0,0,0,0
2026-08-10T15:13:03Z,F0835FB40824C98A,16.14,queries/warehouse/3Join.sql,measured,1,5,5,3,0.254,98.553,12,3,11,1126893,15,24028259,796,1,sales;suppliers;items,3258,0,0,0,0,0,0
2026-08-10T15:13:04Z,F0835FB40824C98A,16.14,queries/warehouse/3Join.sql,measured,2,1,5,3,0.795,97.351,12,3,11,1126910,15,24029262,796,1,sales;suppliers;items,3261,0,0,0,0,0,0
2026-08-10T15:13:04Z,F0835FB40824C98A,16.14,queries/warehouse/3Join.sql,measured,2,2,5,3,0.252,96.064,12,3,11,1126910,15,24029262,796,1,sales;suppliers;items,3258,0,0,0,0,0,0
2026-08-10T15:13:04Z,F0835FB40824C98A,16.14,queries/warehouse/3Join.sql,measured,2,3,5,3,0.245,97.066,12,3,11,1126884,15,24027728,796,1,sales;suppliers;items,3258,0,0,0,0,0,0
2026-08-10T15:13:04Z,F0835FB40824C98A,16.14,queries/warehouse/3Join.sql,measured,2,4,5,3,0.315,95.513,12,3,11,1126908,15,24029144,796,1,sales;suppliers;items,3258,0,0,0,0,0,0
2026-08-10T15:13:04Z,F0835FB40824C98A,16.14,queries/warehouse/3Join.sql,measured,2,5,5,3,0.260,95.052,12,3,11,1126902,15,24028790,796,1,sales;suppliers;items,3258,0,0,0,0,0,0
2026-08-10T15:13:05Z,F0835FB40824C98A,16.14,queries/warehouse/3Join.sql,measured,3,1,5,3,0.758,97.979,12,3,11,1126905,15,24028967,796,1,sales;suppliers;items,3261,0,0,0,0,0,0
2026-08-10T15:13:05Z,F0835FB40824C98A,16.14,queries/warehouse/3Join.sql,measured,3,2,5,3,0.265,97.431,12,3,11,1126908,15,24029144,796,1,sales;suppliers;items,3258,0,0,0,0,0,0
2026-08-10T15:13:05Z,F0835FB40824C98A,16.14,queries/warehouse/3Join.sql,measured,3,3,5,3,0.246,97.211,12,3,11,1126905,15,24028967,796,1,sales;suppliers;items,3258,0,0,0,0,0,0
2026-08-10T15:13:05Z,F0835FB40824C98A,16.14,queries/warehouse/3Join.sql,measured,3,4,5,3,0.251,95.514,12,3,11,1126900,15,24028672,796,1,sales;suppliers;items,3258,0,0,0,0,0,0
2026-08-10T15:13:05Z,F0835FB40824C98A,16.14,queries/warehouse/3Join.sql,measured,3,5,5,3,0.254,95.091,12,3,11,1126869,15,24026843,796,1,sales;suppliers;items,3258,0,0,0,0,0,0
2026-08-10T15:13:05Z,F0835FB40824C98A,16.14,queries/warehouse/Core/01_scan_access/index_scan.sql,warmup,1,1,1,3,0.308,4.941,1,1,30000,30000,30177,120000,0,0,sales,311,0,0,0,0,0,0
2026-08-10T15:13:05Z,F0835FB40824C98A,16.14,queries/warehouse/Core/01_scan_access/index_scan.sql,warmup,2,1,1,3,0.333,4.966,1,1,30000,30000,30177,120000,0,0,sales,311,0,0,0,0,0,0
2026-08-10T15:13:05Z,F0835FB40824C98A,16.14,queries/warehouse/Core/01_scan_access/index_scan.sql,measured,1,1,5,3,0.310,4.943,1,1,30000,30000,30177,120000,0,0,sales,311,0,0,0,0,0,0
2026-08-10T15:13:05Z,F0835FB40824C98A,16.14,queries/warehouse/Core/01_scan_access/index_scan.sql,measured,1,2,5,3,0.042,4.625,1,1,30000,30000,30177,120000,0,0,sales,311,0,0,0,0,0,0
2026-08-10T15:13:05Z,F0835FB40824C98A,16.14,queries/warehouse/Core/01_scan_access/index_scan.sql,measured,1,3,5,3,0.034,4.376,1,1,30000,30000,30177,120000,0,0,sales,311,0,0,0,0,0,0
2026-08-10T15:13:05Z,F0835FB40824C98A,16.14,queries/warehouse/Core/01_scan_access/index_scan.sql,measured,1,4,5,3,0.035,4.710,1,1,30000,30000,30177,120000,0,0,sales,311,0,0,0,0,0,0
2026-08-10T15:13:05Z,F0835FB40824C98A,16.14,queries/warehouse/Core/01_scan_access/index_scan.sql,measured,1,5,5,3,0.051,4.569,1,1,30000,30000,30177,120000,0,0,sales,311,0,0,0,0,0,0
2026-08-10T15:13:05Z,F0835FB40824C98A,16.14,queries/warehouse/Core/01_scan_access/index_scan.sql,measured,2,1,5,3,0.296,4.946,1,1,30000,30000,30177,120000,0,0,sales,311,0,0,0,0,0,0
2026-08-10T15:13:05Z,F0835FB40824C98A,16.14,queries/warehouse/Core/01_scan_access/index_scan.sql,measured,2,2,5,3,0.052,4.614,1,1,30000,30000,30177,120000,0,0,sales,311,0,0,0,0,0,0
2026-08-10T15:13:05Z,F0835FB40824C98A,16.14,queries/warehouse/Core/01_scan_access/index_scan.sql,measured,2,3,5,3,0.035,4.349,1,1,30000,30000,30177,120000,0,0,sales,311,0,0,0,0,0,0
2026-08-10T15:13:05Z,F0835FB40824C98A,16.14,queries/warehouse/Core/01_scan_access/index_scan.sql,measured,2,4,5,3,0.040,4.284,1,1,30000,30000,30177,120000,0,0,sales,311,0,0,0,0,0,0
2026-08-10T15:13:05Z,F0835FB40824C98A,16.14,queries/warehouse/Core/01_scan_access/index_scan.sql,measured,2,5,5,3,0.039,4.456,1,1,30000,30000,30177,120000,0,0,sales,311,0,0,0,0,0,0
2026-08-10T15:13:05Z,F0835FB40824C98A,16.14,queries/warehouse/Core/01_scan_access/index_scan.sql,measured,3,1,5,3,0.302,4.968,1,1,30000,30000,30177,120000,0,0,sales,311,0,0,0,0,0,0
2026-08-10T15:13:05Z,F0835FB40824C98A,16.14,queries/warehouse/Core/01_scan_access/index_scan.sql,measured,3,2,5,3,0.044,4.621,1,1,30000,30000,30177,120000,0,0,sales,311,0,0,0,0,0,0
2026-08-10T15:13:05Z,F0835FB40824C98A,16.14,queries/warehouse/Core/01_scan_access/index_scan.sql,measured,3,3,5,3,0.035,4.355,1,1,30000,30000,30177,120000,0,0,sales,311,0,0,0,0,0,0
2026-08-10T15:13:05Z,F0835FB40824C98A,16.14,queries/warehouse/Core/01_scan_access/index_scan.sql,measured,3,4,5,3,0.040,4.320,1,1,30000,30000,30177,120000,0,0,sales,311,0,0,0,0,0,0
2026-08-10T15:13:05Z,F0835FB40824C98A,16.14,queries/warehouse/Core/01_scan_access/index_scan.sql,measured,3,5,5,3,0.040,4.340,1,1,30000,30000,30177,120000,0,0,sales,311,0,0,0,0,0,0
2026-08-10T15:13:05Z,F0835FB40824C98A,16.14,queries/warehouse/Core/01_scan_access/seq_scan.sql,warmup,1,1,1,3,0.302,20.974,1,1,30000,30000,30177,120000,288847,0,sales,2418,0,0,0,0,0,0
2026-08-10T15:13:05Z,F0835FB40824C98A,16.14,queries/warehouse/Core/01_scan_access/seq_scan.sql,warmup,2,1,1,3,0.299,20.844,1,1,30000,30000,30177,120000,288847,0,sales,2418,0,0,0,0,0,0
2026-08-10T15:13:05Z,F0835FB40824C98A,16.14,queries/warehouse/Core/01_scan_access/seq_scan.sql,measured,1,1,5,3,0.310,20.903,1,1,30000,30000,30177,120000,288847,0,sales,2418,0,0,0,0,0,0
2026-08-10T15:13:05Z,F0835FB40824C98A,16.14,queries/warehouse/Core/01_scan_access/seq_scan.sql,measured,1,2,5,3,0.050,18.270,1,1,30000,30000,30177,120000,288847,0,sales,2418,0,0,0,0,0,0
2026-08-10T15:13:05Z,F0835FB40824C98A,16.14,queries/warehouse/Core/01_scan_access/seq_scan.sql,measured,1,3,5,3,0.081,18.397,1,1,30000,30000,30177,120000,288847,0,sales,2418,0,0,0,0,0,0
2026-08-10T15:13:05Z,F0835FB40824C98A,16.14,queries/warehouse/Core/01_scan_access/seq_scan.sql,measured,1,4,5,3,0.063,18.082,1,1,30000,30000,30177,120000,288847,0,sales,2418,0,0,0,0,0,0
2026-08-10T15:13:05Z,F0835FB40824C98A,16.14,queries/warehouse/Core/01_scan_access/seq_scan.sql,measured,1,5,5,3,0.041,18.128,1,1,30000,30000,30177,120000,288847,0,sales,2418,0,0,0,0,0,0
2026-08-10T15:13:05Z,F0835FB40824C98A,16.14,queries/warehouse/Core/01_scan_access/seq_scan.sql,measured,2,1,5,3,0.309,20.838,1,1,30000,30000,30177,120000,288847,0,sales,2418,0,0,0,0,0,0
2026-08-10T15:13:05Z,F0835FB40824C98A,16.14,queries/warehouse/Core/01_scan_access/seq_scan.sql,measured,2,2,5,3,0.051,18.658,1,1,30000,30000,30177,120000,288847,0,sales,2418,0,0,0,0,0,0
2026-08-10T15:13:05Z,F0835FB40824C98A,16.14,queries/warehouse/Core/01_scan_access/seq_scan.sql,measured,2,3,5,3,0.063,19.691,1,1,30000,30000,30177,120000,288847,0,sales,2418,0,0,0,0,0,0
2026-08-10T15:13:05Z,F0835FB40824C98A,16.14,queries/warehouse/Core/01_scan_access/seq_scan.sql,measured,2,4,5,3,0.064,22.611,1,1,30000,30000,30177,120000,288847,0,sales,2418,0,0,0,0,0,0
2026-08-10T15:13:05Z,F0835FB40824C98A,16.14,queries/warehouse/Core/01_scan_access/seq_scan.sql,measured,2,5,5,3,0.053,18.474,1,1,30000,30000,30177,120000,288847,0,sales,2418,0,0,0,0,0,0
2026-08-10T15:13:06Z,F0835FB40824C98A,16.14,queries/warehouse/Core/01_scan_access/seq_scan.sql,measured,3,1,5,3,0.295,20.995,1,1,30000,30000,30177,120000,288847,0,sales,2418,0,0,0,0,0,0
2026-08-10T15:13:06Z,F0835FB40824C98A,16.14,queries/warehouse/Core/01_scan_access/seq_scan.sql,measured,3,2,5,3,0.051,18.511,1,1,30000,30000,30177,120000,288847,0,sales,2418,0,0,0,0,0,0
2026-08-10T15:13:06Z,F0835FB40824C98A,16.14,queries/warehouse/Core/01_scan_access/seq_scan.sql,measured,3,3,5,3,0.063,18.535,1,1,30000,30000,30177,120000,288847,0,sales,2418,0,0,0,0,0,0
2026-08-10T15:13:06Z,F0835FB40824C98A,16.14,queries/warehouse/Core/01_scan_access/seq_scan.sql,measured,3,4,5,3,0.072,18.275,1,1,30000,30000,30177,120000,288847,0,sales,2418,0,0,0,0,0,0
2026-08-10T15:13:06Z,F0835FB40824C98A,16.14,queries/warehouse/Core/01_scan_access/seq_scan.sql,measured,3,5,5,3,0.041,18.295,1,1,30000,30000,30177,120000,288847,0,sales,2418,0,0,0,0,0,0
2026-08-10T15:13:06Z,F0835FB40824C98A,16.14,queries/warehouse/Core/02_filter_projection/high_selectivity.sql,warmup,1,1,1,3,0.232,14.902,2,1,1,1,14,4,159423,1,sales,2418,0,0,0,0,0,0
2026-08-10T15:13:06Z,F0835FB40824C98A,16.14,queries/warehouse/Core/02_filter_projection/high_selectivity.sql,warmup,2,1,1,3,0.253,15.022,2,1,1,1,14,4,159423,1,sales,2418,0,0,0,0,0,0
2026-08-10T15:13:06Z,F0835FB40824C98A,16.14,queries/warehouse/Core/02_filter_projection/high_selectivity.sql,measured,1,1,5,3,0.229,14.955,2,1,1,1,14,4,159423,1,sales,2418,0,0,0,0,0,0
2026-08-10T15:13:06Z,F0835FB40824C98A,16.14,queries/warehouse/Core/02_filter_projection/high_selectivity.sql,measured,1,2,5,3,0.040,13.732,2,1,1,1,14,4,159423,1,sales,2418,0,0,0,0,0,0
2026-08-10T15:13:06Z,F0835FB40824C98A,16.14,queries/warehouse/Core/02_filter_projection/high_selectivity.sql,measured,1,3,5,3,0.040,13.989,2,1,1,1,14,4,159423,1,sales,2418,0,0,0,0,0,0
2026-08-10T15:13:06Z,F0835FB40824C98A,16.14,queries/warehouse/Core/02_filter_projection/high_selectivity.sql,measured,1,4,5,3,0.042,13.859,2,1,1,1,14,4,159423,1,sales,2418,0,0,0,0,0,0
2026-08-10T15:13:06Z,F0835FB40824C98A,16.14,queries/warehouse/Core/02_filter_projection/high_selectivity.sql,measured,1,5,5,3,0.041,13.792,2,1,1,1,14,4,159423,1,sales,2418,0,0,0,0,0,0
2026-08-10T15:13:06Z,F0835FB40824C98A,16.14,queries/warehouse/Core/02_filter_projection/high_selectivity.sql,measured,2,1,5,3,0.219,15.031,2,1,1,1,14,4,159423,1,sales,2418,0,0,0,0,0,0
2026-08-10T15:13:06Z,F0835FB40824C98A,16.14,queries/warehouse/Core/02_filter_projection/high_selectivity.sql,measured,2,2,5,3,0.041,13.473,2,1,1,1,14,4,159423,1,sales,2418,0,0,0,0,0,0
2026-08-10T15:13:06Z,F0835FB40824C98A,16.14,queries/warehouse/Core/02_filter_projection/high_selectivity.sql,measured,2,3,5,3,0.039,13.678,2,1,1,1,14,4,159423,1,sales,2418,0,0,0,0,0,0
2026-08-10T15:13:06Z,F0835FB40824C98A,16.14,queries/warehouse/Core/02_filter_projection/high_selectivity.sql,measured,2,4,5,3,0.038,13.635,2,1,1,1,14,4,159423,1,sales,2418,0,0,0,0,0,0
2026-08-10T15:13:06Z,F0835FB40824C98A,16.14,queries/warehouse/Core/02_filter_projection/high_selectivity.sql,measured,2,5,5,3,0.038,13.790,2,1,1,1,14,4,159423,1,sales,2418,0,0,0,0,0,0
2026-08-10T15:13:06Z,F0835FB40824C98A,16.14,queries/warehouse/Core/02_filter_projection/high_selectivity.sql,measured,3,1,5,3,0.222,15.932,2,1,1,1,14,4,159423,1,sales,2418,0,0,0,0,0,0
2026-08-10T15:13:06Z,F0835FB40824C98A,16.14,queries/warehouse/Core/02_filter_projection/high_selectivity.sql,measured,3,2,5,3,0.041,13.768,2,1,1,1,14,4,159423,1,sales,2418,0,0,0,0,0,0
2026-08-10T15:13:06Z,F0835FB40824C98A,16.14,queries/warehouse/Core/02_filter_projection/high_selectivity.sql,measured,3,3,5,3,0.039,13.680,2,1,1,1,14,4,159423,1,sales,2418,0,0,0,0,0,0
2026-08-10T15:13:06Z,F0835FB40824C98A,16.14,queries/warehouse/Core/02_filter_projection/high_selectivity.sql,measured,3,4,5,3,0.038,13.755,2,1,1,1,14,4,159423,1,sales,2418,0,0,0,0,0,0
2026-08-10T15:13:06Z,F0835FB40824C98A,16.14,queries/warehouse/Core/02_filter_projection/high_selectivity.sql,measured,3,5,5,3,0.042,13.678,2,1,1,1,14,4,159423,1,sales,2418,0,0,0,0,0,0
2026-08-10T15:13:06Z,F0835FB40824C98A,16.14,queries/warehouse/Core/02_filter_projection/low_selectivity.sql,warmup,1,1,1,3,0.627,8.518,5,2,0,2,8,16,41358,1,sales;items,896,0,0,0,0,0,0
2026-08-10T15:13:06Z,F0835FB40824C98A,16.14,queries/warehouse/Core/02_filter_projection/low_selectivity.sql,warmup,2,1,1,3,0.597,8.474,5,2,0,2,8,16,41358,1,sales;items,896,0,0,0,0,0,0
2026-08-10T15:13:06Z,F0835FB40824C98A,16.14,queries/warehouse/Core/02_filter_projection/low_selectivity.sql,measured,1,1,5,3,0.616,8.773,5,2,0,2,8,16,41358,1,sales;items,896,0,0,0,0,0,0
2026-08-10T15:13:06Z,F0835FB40824C98A,16.14,queries/warehouse/Core/02_filter_projection/low_selectivity.sql,measured,1,2,5,3,0.201,9.460,5,2,0,2,8,16,41358,1,sales;items,896,0,0,0,0,0,0
2026-08-10T15:13:06Z,F0835FB40824C98A,16.14,queries/warehouse/Core/02_filter_projection/low_selectivity.sql,measured,1,3,5,3,0.134,8.177,5,2,0,2,8,16,41358,1,sales;items,896,0,0,0,0,0,0
2026-08-10T15:13:06Z,F0835FB40824C98A,16.14,queries/warehouse/Core/02_filter_projection/low_selectivity.sql,measured,1,4,5,3,0.128,8.214,5,2,0,2,8,16,41358,1,sales;items,896,0,0,0,0,0,0
2026-08-10T15:13:06Z,F0835FB40824C98A,16.14,queries/warehouse/Core/02_filter_projection/low_selectivity.sql,measured,1,5,5,3,0.131,8.194,5,2,0,2,8,16,41358,1,sales;items,896,0,0,0,0,0,0
2026-08-10T15:13:06Z,F0835FB40824C98A,16.14,queries/warehouse/Core/02_filter_projection/low_selectivity.sql,measured,2,1,5,3,0.723,8.743,5,2,0,2,8,16,41358,1,sales;items,896,0,0,0,0,0,0
2026-08-10T15:13:06Z,F0835FB40824C98A,16.14,queries/warehouse/Core/02_filter_projection/low_selectivity.sql,measured,2,2,5,3,0.135,8.819,5,2,0,2,8,16,41358,1,sales;items,896,0,0,0,0,0,0
2026-08-10T15:13:06Z,F0835FB40824C98A,16.14,queries/warehouse/Core/02_filter_projection/low_selectivity.sql,measured,2,3,5,3,0.131,9.425,5,2,0,2,8,16,41358,1,sales;items,896,0,0,0,0,0,0
2026-08-10T15:13:06Z,F0835FB40824C98A,16.14,queries/warehouse/Core/02_filter_projection/low_selectivity.sql,measured,2,4,5,3,0.143,8.340,5,2,0,2,8,16,41358,1,sales;items,896,0,0,0,0,0,0
2026-08-10T15:13:06Z,F0835FB40824C98A,16.14,queries/warehouse/Core/02_filter_projection/low_selectivity.sql,measured,2,5,5,3,0.143,8.267,5,2,0,2,8,16,41358,1,sales;items,896,0,0,0,0,0,0
2026-08-10T15:13:07Z,F0835FB40824C98A,16.14,queries/warehouse/Core/02_filter_projection/low_selectivity.sql,measured,3,1,5,3,0.681,8.701,5,2,0,2,8,16,41358,1,sales;items,896,0,0,0,0,0,0
2026-08-10T15:13:07Z,F0835FB40824C98A,16.14,queries/warehouse/Core/02_filter_projection/low_selectivity.sql,measured,3,2,5,3,0.137,8.797,5,2,0,2,8,16,41358,1,sales;items,896,0,0,0,0,0,0
2026-08-10T15:13:07Z,F0835FB40824C98A,16.14,queries/warehouse/Core/02_filter_projection/low_selectivity.sql,measured,3,3,5,3,0.207,8.486,5,2,0,2,8,16,41358,1,sales;items,896,0,0,0,0,0,0
2026-08-10T15:13:07Z,F0835FB40824C98A,16.14,queries/warehouse/Core/02_filter_projection/low_selectivity.sql,measured,3,4,5,3,0.141,8.380,5,2,0,2,8,16,41358,1,sales;items,896,0,0,0,0,0,0
2026-08-10T15:13:07Z,F0835FB40824C98A,16.14,queries/warehouse/Core/02_filter_projection/low_selectivity.sql,measured,3,5,5,3,0.131,8.304,5,2,0,2,8,16,41358,1,sales;items,896,0,0,0,0,0,0
2026-08-10T15:13:07Z,F0835FB40824C98A,16.14,queries/warehouse/Core/03_join_method/large_hash.sql,warmup,1,1,1,3,0.526,63.897,4,2,318847,720410,318847,2881640,0,0,sales;items,2827,0,0,0,0,0,0
2026-08-10T15:13:07Z,F0835FB40824C98A,16.14,queries/warehouse/Core/03_join_method/large_hash.sql,warmup,2,1,1,3,0.501,62.454,4,2,318847,720410,318847,2881640,0,0,sales;items,2827,0,0,0,0,0,0
2026-08-10T15:13:07Z,F0835FB40824C98A,16.14,queries/warehouse/Core/03_join_method/large_hash.sql,measured,1,1,5,3,0.509,65.506,4,2,318847,720410,318847,2881640,0,0,sales;items,2827,0,0,0,0,0,0
2026-08-10T15:13:07Z,F0835FB40824C98A,16.14,queries/warehouse/Core/03_join_method/large_hash.sql,measured,1,2,5,3,0.079,60.313,4,2,318847,720410,318847,2881640,0,0,sales;items,2827,0,0,0,0,0,0
2026-08-10T15:13:07Z,F0835FB40824C98A,16.14,queries/warehouse/Core/03_join_method/large_hash.sql,measured,1,3,5,3,0.078,58.505,4,2,318847,720410,318847,2881640,0,0,sales;items,2827,0,0,0,0,0,0
2026-08-10T15:13:07Z,F0835FB40824C98A,16.14,queries/warehouse/Core/03_join_method/large_hash.sql,measured,1,4,5,3,0.075,59.734,4,2,318847,720410,318847,2881640,0,0,sales;items,2827,0,0,0,0,0,0
2026-08-10T15:13:07Z,F0835FB40824C98A,16.14,queries/warehouse/Core/03_join_method/large_hash.sql,measured,1,5,5,3,0.096,60.232,4,2,318847,720410,318847,2881640,0,0,sales;items,2827,0,0,0,0,0,0
2026-08-10T15:13:08Z,F0835FB40824C98A,16.14,queries/warehouse/Core/03_join_method/large_hash.sql,measured,2,1,5,3,0.511,63.028,4,2,318847,720410,318847,2881640,0,0,sales;items,2827,0,0,0,0,0,0
2026-08-10T15:13:08Z,F0835FB40824C98A,16.14,queries/warehouse/Core/03_join_method/large_hash.sql,measured,2,2,5,3,0.079,58.565,4,2,318847,720410,318847,2881640,0,0,sales;items,2827,0,0,0,0,0,0
2026-08-10T15:13:08Z,F0835FB40824C98A,16.14,queries/warehouse/Core/03_join_method/large_hash.sql,measured,2,3,5,3,0.076,63.348,4,2,318847,720410,318847,2881640,0,0,sales;items,2827,0,0,0,0,0,0
2026-08-10T15:13:08Z,F0835FB40824C98A,16.14,queries/warehouse/Core/03_join_method/large_hash.sql,measured,2,4,5,3,0.076,58.614,4,2,318847,720410,318847,2881640,0,0,sales;items,2827,0,0,0,0,0,0
2026-08-10T15:13:08Z,F0835FB40824C98A,16.14,queries/warehouse/Core/03_join_method/large_hash.sql,measured,2,5,5,3,0.077,59.718,4,2,318847,720410,318847,2881640,0,0,sales;items,2827,0,0,0,0,0,0
2026-08-10T15:13:08Z,F0835FB40824C98A,16.14,queries/warehouse/Core/03_join_method/large_hash.sql,measured,3,1,5,3,0.494,63.683,4,2,318847,720410,318847,2881640,0,0,sales;items,2827,0,0,0,0,0,0
2026-08-10T15:13:08Z,F0835FB40824C98A,16.14,queries/warehouse/Core/03_join_method/large_hash.sql,measured,3,2,5,3,0.087,62.878,4,2,318847,720410,318847,2881640,0,0,sales;items,2827,0,0,0,0,0,0
2026-08-10T15:13:08Z,F0835FB40824C98A,16.14,queries/warehouse/Core/03_join_method/large_hash.sql,measured,3,3,5,3,0.079,58.304,4,2,318847,720410,318847,2881640,0,0,sales;items,2827,0,0,0,0,0,0
2026-08-10T15:13:08Z,F0835FB40824C98A,16.14,queries/warehouse/Core/03_join_method/large_hash.sql,measured,3,4,5,3,0.073,58.748,4,2,318847,720410,318847,2881640,0,0,sales;items,2827,0,0,0,0,0,0
2026-08-10T15:13:08Z,F0835FB40824C98A,16.14,queries/warehouse/Core/03_join_method/large_hash.sql,measured,3,5,5,3,0.077,58.086,4,2,318847,720410,318847,2881640,0,0,sales;items,2827,0,0,0,0,0,0
2026-08-10T15:13:08Z,F0835FB40824C98A,16.14,queries/warehouse/Core/03_join_method/large_merge.sql,warmup,1,1,1,3,0.575,138.436,5,2,318847,1316746,318847,5266984,0,0,items;sales,2533,0,0,0,469,470,0
2026-08-10T15:13:08Z,F0835FB40824C98A,16.14,queries/warehouse/Core/03_join_method/large_merge.sql,warmup,2,1,1,3,0.594,143.678,5,2,318847,1316746,318847,5266984,0,0,items;sales,2533,0,0,0,469,470,0
2026-08-10T15:13:09Z,F0835FB40824C98A,16.14,queries/warehouse/Core/03_join_method/large_merge.sql,measured,1,1,5,3,0.611,137.309,5,2,318847,1316746,318847,5266984,0,0,items;sales,2533,0,0,0,469,470,0
2026-08-10T15:13:09Z,F0835FB40824C98A,16.14,queries/warehouse/Core/03_join_method/large_merge.sql,measured,1,2,5,3,0.132,130.488,5,2,318847,1316746,318847,5266984,0,0,items;sales,2533,0,0,0,469,470,0
2026-08-10T15:13:09Z,F0835FB40824C98A,16.14,queries/warehouse/Core/03_join_method/large_merge.sql,measured,1,3,5,3,0.134,131.899,5,2,318847,1316746,318847,5266984,0,0,items;sales,2533,0,0,0,469,470,0
2026-08-10T15:13:09Z,F0835FB40824C98A,16.14,queries/warehouse/Core/03_join_method/large_merge.sql,measured,1,4,5,3,0.115,130.667,5,2,318847,1316746,318847,5266984,0,0,items;sales,2533,0,0,0,469,470,0
2026-08-10T15:13:09Z,F0835FB40824C98A,16.14,queries/warehouse/Core/03_join_method/large_merge.sql,measured,1,5,5,3,0.132,130.895,5,2,318847,1316746,318847,5266984,0,0,items;sales,2533,0,0,0,469,470,0
2026-08-10T15:13:10Z,F0835FB40824C98A,16.14,queries/warehouse/Core/03_join_method/large_merge.sql,measured,2,1,5,3,0.607,138.020,5,2,318847,1316746,318847,5266984,0,0,items;sales,2533,0,0,0,469,470,0
2026-08-10T15:13:10Z,F0835FB40824C98A,16.14,queries/warehouse/Core/03_join_method/large_merge.sql,measured,2,2,5,3,0.130,131.132,5,2,318847,1316746,318847,5266984,0,0,items;sales,2533,0,0,0,469,470,0
2026-08-10T15:13:10Z,F0835FB40824C98A,16.14,queries/warehouse/Core/03_join_method/large_merge.sql,measured,2,3,5,3,0.115,130.970,5,2,318847,1316746,318847,5266984,0,0,items;sales,2533,0,0,0,469,470,0
2026-08-10T15:13:10Z,F0835FB40824C98A,16.14,queries/warehouse/Core/03_join_method/large_merge.sql,measured,2,4,5,3,0.122,130.951,5,2,318847,1316746,318847,5266984,0,0,items;sales,2533,0,0,0,469,470,0
2026-08-10T15:13:10Z,F0835FB40824C98A,16.14,queries/warehouse/Core/03_join_method/large_merge.sql,measured,2,5,5,3,0.120,131.645,5,2,318847,1316746,318847,5266984,0,0,items;sales,2533,0,0,0,469,470,0
2026-08-10T15:13:11Z,F0835FB40824C98A,16.14,queries/warehouse/Core/03_join_method/large_merge.sql,measured,3,1,5,3,0.645,137.663,5,2,318847,1316746,318847,5266984,0,0,items;sales,2533,0,0,0,469,470,0
2026-08-10T15:13:11Z,F0835FB40824C98A,16.14,queries/warehouse/Core/03_join_method/large_merge.sql,measured,3,2,5,3,0.146,131.164,5,2,318847,1316746,318847,5266984,0,0,items;sales,2533,0,0,0,469,470,0
2026-08-10T15:13:11Z,F0835FB40824C98A,16.14,queries/warehouse/Core/03_join_method/large_merge.sql,measured,3,3,5,3,0.136,133.923,5,2,318847,1316746,318847,5266984,0,0,items;sales,2533,0,0,0,469,470,0
2026-08-10T15:13:11Z,F0835FB40824C98A,16.14,queries/warehouse/Core/03_join_method/large_merge.sql,measured,3,4,5,3,0.128,130.232,5,2,318847,1316746,318847,5266984,0,0,items;sales,2533,0,0,0,469,470,0
2026-08-10T15:13:11Z,F0835FB40824C98A,16.14,queries/warehouse/Core/03_join_method/large_merge.sql,measured,3,5,5,3,0.116,130.169,5,2,318847,1316746,318847,5266984,0,0,items;sales,2533,0,0,0,469,470,0
2026-08-10T15:13:11Z,F0835FB40824C98A,16.14,queries/warehouse/Core/06_join_chain/three_way.sql,warmup,1,1,1,3,0.714,108.180,7,3,318847,1040319,318847,24047887,0,0,sales;suppliers;items,2831,0,0,0,0,0,0
2026-08-10T15:13:11Z,F0835FB40824C98A,16.14,queries/warehouse/Core/06_join_chain/three_way.sql,warmup,2,1,1,3,0.711,102.335,7,3,318847,1040319,318847,24047887,0,0,sales;suppliers;items,2831,0,0,0,0,0,0
2026-08-10T15:13:12Z,F0835FB40824C98A,16.14,queries/warehouse/Core/06_join_chain/three_way.sql,measured,1,1,5,3,0.718,106.903,7,3,318847,1040319,318847,24047887,0,0,sales;suppliers;items,2831,0,0,0,0,0,0
2026-08-10T15:13:12Z,F0835FB40824C98A,16.14,queries/warehouse/Core/06_join_chain/three_way.sql,measured,1,2,5,3,0.195,105.396,7,3,318847,1040319,318847,24047887,0,0,sales;suppliers;items,2831,0,0,0,0,0,0
2026-08-10T15:13:12Z,F0835FB40824C98A,16.14,queries/warehouse/Core/06_join_chain/three_way.sql,measured,1,3,5,3,0.187,106.550,7,3,318847,1040319,318847,24047887,0,0,sales;suppliers;items,2831,0,0,0,0,0,0
2026-08-10T15:13:12Z,F0835FB40824C98A,16.14,queries/warehouse/Core/06_join_chain/three_way.sql,measured,1,4,5,3,0.178,101.112,7,3,318847,1040319,318847,24047887,0,0,sales;suppliers;items,2831,0,0,0,0,0,0
2026-08-10T15:13:12Z,F0835FB40824C98A,16.14,queries/warehouse/Core/06_join_chain/three_way.sql,measured,1,5,5,3,0.179,99.534,7,3,318847,1040319,318847,24047887,0,0,sales;suppliers;items,2831,0,0,0,0,0,0
2026-08-10T15:13:12Z,F0835FB40824C98A,16.14,queries/warehouse/Core/06_join_chain/three_way.sql,measured,2,1,5,3,0.737,109.516,7,3,318847,1040319,318847,24047887,0,0,sales;suppliers;items,2831,0,0,0,0,0,0
2026-08-10T15:13:12Z,F0835FB40824C98A,16.14,queries/warehouse/Core/06_join_chain/three_way.sql,measured,2,2,5,3,0.185,102.061,7,3,318847,1040319,318847,24047887,0,0,sales;suppliers;items,2831,0,0,0,0,0,0
2026-08-10T15:13:12Z,F0835FB40824C98A,16.14,queries/warehouse/Core/06_join_chain/three_way.sql,measured,2,3,5,3,0.173,99.740,7,3,318847,1040319,318847,24047887,0,0,sales;suppliers;items,2831,0,0,0,0,0,0
2026-08-10T15:13:12Z,F0835FB40824C98A,16.14,queries/warehouse/Core/06_join_chain/three_way.sql,measured,2,4,5,3,0.196,100.615,7,3,318847,1040319,318847,24047887,0,0,sales;suppliers;items,2831,0,0,0,0,0,0
2026-08-10T15:13:12Z,F0835FB40824C98A,16.14,queries/warehouse/Core/06_join_chain/three_way.sql,measured,2,5,5,3,0.190,99.633,7,3,318847,1040319,318847,24047887,0,0,sales;suppliers;items,2831,0,0,0,0,0,0
2026-08-10T15:13:13Z,F0835FB40824C98A,16.14,queries/warehouse/Core/06_join_chain/three_way.sql,measured,3,1,5,3,0.744,105.821,7,3,318847,1040319,318847,24047887,0,0,sales;suppliers;items,2831,0,0,0,0,0,0
2026-08-10T15:13:13Z,F0835FB40824C98A,16.14,queries/warehouse/Core/06_join_chain/three_way.sql,measured,3,2,5,3,0.187,99.053,7,3,318847,1040319,318847,24047887,0,0,sales;suppliers;items,2831,0,0,0,0,0,0
2026-08-10T15:13:13Z,F0835FB40824C98A,16.14,queries/warehouse/Core/06_join_chain/three_way.sql,measured,3,3,5,3,0.176,101.014,7,3,318847,1040319,318847,24047887,0,0,sales;suppliers;items,2831,0,0,0,0,0,0
2026-08-10T15:13:13Z,F0835FB40824C98A,16.14,queries/warehouse/Core/06_join_chain/three_way.sql,measured,3,4,5,3,0.171,100.198,7,3,318847,1040319,318847,24047887,0,0,sales;suppliers;items,2831,0,0,0,0,0,0
2026-08-10T15:13:13Z,F0835FB40824C98A,16.14,queries/warehouse/Core/06_join_chain/three_way.sql,measured,3,5,5,3,0.178,104.918,7,3,318847,1040319,318847,24047887,0,0,sales;suppliers;items,2831,0,0,0,0,0,0
2026-08-10T15:13:13Z,F0835FB40824C98A,16.14,queries/warehouse/Core/07_grouping_distinct/count_per_group.sql,warmup,1,1,1,3,0.588,60.898,8,2,9,803186,8,4359274,0,1,sales;items,3258,0,0,0,0,0,0
2026-08-10T15:13:13Z,F0835FB40824C98A,16.14,queries/warehouse/Core/07_grouping_distinct/count_per_group.sql,warmup,2,1,1,3,0.554,58.151,8,2,9,803186,8,4359274,0,1,sales;items,3258,0,0,0,0,0,0
2026-08-10T15:13:14Z,F0835FB40824C98A,16.14,queries/warehouse/Core/07_grouping_distinct/count_per_group.sql,measured,1,1,5,3,0.586,59.977,8,2,9,803186,8,4359274,0,1,sales;items,3258,0,0,0,0,0,0
2026-08-10T15:13:14Z,F0835FB40824C98A,16.14,queries/warehouse/Core/07_grouping_distinct/count_per_group.sql,measured,1,2,5,3,0.143,58.121,8,2,9,803186,8,4359274,0,1,sales;items,3258,0,0,0,0,0,0
2026-08-10T15:13:14Z,F0835FB40824C98A,16.14,queries/warehouse/Core/07_grouping_distinct/count_per_group.sql,measured,1,3,5,3,0.138,58.365,8,2,9,803186,8,4359274,0,1,sales;items,3258,0,0,0,0,0,0
2026-08-10T15:13:14Z,F0835FB40824C98A,16.14,queries/warehouse/Core/07_grouping_distinct/count_per_group.sql,measured,1,4,5,3,0.156,57.489,8,2,9,803186,8,4359274,0,1,sales;items,3258,0,0,0,0,0,0
2026-08-10T15:13:14Z,F0835FB40824C98A,16.14,queries/warehouse/Core/07_grouping_distinct/count_per_group.sql,measured,1,5,5,3,0.156,57.970,8,2,9,803186,8,4359274,0,1,sales;items,3258,0,0,0,0,0,0
2026-08-10T15:13:14Z,F0835FB40824C98A,16.14,queries/warehouse/Core/07_grouping_distinct/count_per_group.sql,measured,2,1,5,3,0.552,59.147,8,2,9,803186,8,4359274,0,1,sales;items,3258,0,0,0,0,0,0
2026-08-10T15:13:14Z,F0835FB40824C98A,16.14,queries/warehouse/Core/07_grouping_distinct/count_per_group.sql,measured,2,2,5,3,0.143,58.305,8,2,9,803186,8,4359274,0,1,sales;items,3258,0,0,0,0,0,0
2026-08-10T15:13:14Z,F0835FB40824C98A,16.14,queries/warehouse/Core/07_grouping_distinct/count_per_group.sql,measured,2,3,5,3,0.137,57.020,8,2,9,803186,8,4359274,0,1,sales;items,3258,0,0,0,0,0,0
2026-08-10T15:13:14Z,F0835FB40824C98A,16.14,queries/warehouse/Core/07_grouping_distinct/count_per_group.sql,measured,2,4,5,3,0.157,57.041,8,2,9,803186,8,4359274,0,1,sales;items,3258,0,0,0,0,0,0
2026-08-10T15:13:14Z,F0835FB40824C98A,16.14,queries/warehouse/Core/07_grouping_distinct/count_per_group.sql,measured,2,5,5,3,0.141,57.200,8,2,9,803186,8,4359274,0,1,sales;items,3258,0,0,0,0,0,0
2026-08-10T15:13:14Z,F0835FB40824C98A,16.14,queries/warehouse/Core/07_grouping_distinct/count_per_group.sql,measured,3,1,5,3,0.562,59.585,8,2,9,803186,8,4359274,0,1,sales;items,3258,0,0,0,0,0,0
2026-08-10T15:13:14Z,F0835FB40824C98A,16.14,queries/warehouse/Core/07_grouping_distinct/count_per_group.sql,measured,3,2,5,3,0.142,58.933,8,2,9,803186,8,4359274,0,1,sales;items,3258,0,0,0,0,0,0
2026-08-10T15:13:14Z,F0835FB40824C98A,16.14,queries/warehouse/Core/07_grouping_distinct/count_per_group.sql,measured,3,3,5,3,0.139,57.936,8,2,9,803186,8,4359274,0,1,sales;items,3258,0,0,0,0,0,0
2026-08-10T15:13:14Z,F0835FB40824C98A,16.14,queries/warehouse/Core/07_grouping_distinct/count_per_group.sql,measured,3,4,5,3,0.141,57.130,8,2,9,803186,8,4359274,0,1,sales;items,3258,0,0,0,0,0,0
2026-08-10T15:13:14Z,F0835FB40824C98A,16.14,queries/warehouse/Core/07_grouping_distinct/count_per_group.sql,measured,3,5,5,3,0.140,57.707,8,2,9,803186,8,4359274,0,1,sales;items,3258,0,0,0,0,0,0
2026-08-10T15:13:14Z,F0835FB40824C98A,16.14,queries/warehouse/Core/07_grouping_distinct/distinct_high_card.sql,warmup,1,1,1,3,0.233,56.239,2,1,41334,360181,22847,1440724,0,0,sales,2418,0,0,0,0,0,0
2026-08-10T15:13:14Z,F0835FB40824C98A,16.14,queries/warehouse/Core/07_grouping_distinct/distinct_high_card.sql,warmup,2,1,1,3,0.220,54.893,2,1,41334,360181,22847,1440724,0,0,sales,2418,0,0,0,0,0,0
2026-08-10T15:13:15Z,F0835FB40824C98A,16.14,queries/warehouse/Core/07_grouping_distinct/distinct_high_card.sql,measured,1,1,5,3,0.295,56.391,2,1,41334,360181,22847,1440724,0,0,sales,2418,0,0,0,0,0,0
2026-08-10T15:13:15Z,F0835FB40824C98A,16.14,queries/warehouse/Core/07_grouping_distinct/distinct_high_card.sql,measured,1,2,5,3,0.042,53.229,2,1,41334,360181,22847,1440724,0,0,sales,2418,0,0,0,0,0,0
2026-08-10T15:13:15Z,F0835FB40824C98A,16.14,queries/warehouse/Core/07_grouping_distinct/distinct_high_card.sql,measured,1,3,5,3,0.041,51.308,2,1,41334,360181,22847,1440724,0,0,sales,2418,0,0,0,0,0,0
2026-08-10T15:13:15Z,F0835FB40824C98A,16.14,queries/warehouse/Core/07_grouping_distinct/distinct_high_card.sql,measured,1,4,5,3,0.041,50.368,2,1,41334,360181,22847,1440724,0,0,sales,2418,0,0,0,0,0,0
2026-08-10T15:13:15Z,F0835FB40824C98A,16.14,queries/warehouse/Core/07_grouping_distinct/distinct_high_card.sql,measured,1,5,5,3,0.039,51.418,2,1,41334,360181,22847,1440724,0,0,sales,2418,0,0,0,0,0,0
2026-08-10T15:13:15Z,F0835FB40824C98A,16.14,queries/warehouse/Core/07_grouping_distinct/distinct_high_card.sql,measured,2,1,5,3,0.238,55.089,2,1,41334,360181,22847,1440724,0,0,sales,2418,0,0,0,0,0,0
2026-08-10T15:13:15Z,F0835FB40824C98A,16.14,queries/warehouse/Core/07_grouping_distinct/distinct_high_card.sql,measured,2,2,5,3,0.041,53.360,2,1,41334,360181,22847,1440724,0,0,sales,2418,0,0,0,0,0,0
2026-08-10T15:13:15Z,F0835FB40824C98A,16.14,queries/warehouse/Core/07_grouping_distinct/distinct_high_card.sql,measured,2,3,5,3,0.042,50.614,2,1,41334,360181,22847,1440724,0,0,sales,2418,0,0,0,0,0,0
2026-08-10T15:13:15Z,F0835FB40824C98A,16.14,queries/warehouse/Core/07_grouping_distinct/distinct_high_card.sql,measured,2,4,5,3,0.039,50.508,2,1,41334,360181,22847,1440724,0,0,sales,2418,0,0,0,0,0,0
2026-08-10T15:13:15Z,F0835FB40824C98A,16.14,queries/warehouse/Core/07_grouping_distinct/distinct_high_card.sql,measured,2,5,5,3,0.047,51.031,2,1,41334,360181,22847,1440724,0,0,sales,2418,0,0,0,0,0,0
2026-08-10T15:13:16Z,F0835FB40824C98A,16.14,queries/warehouse/Core/07_grouping_distinct/distinct_high_card.sql,measured,3,1,5,3,0.218,56.222,2,1,41334,360181,22847,1440724,0,0,sales,2418,0,0,0,0,0,0
2026-08-10T15:13:16Z,F0835FB40824C98A,16.14,queries/warehouse/Core/07_grouping_distinct/distinct_high_card.sql,measured,3,2,5,3,0.065,51.899,2,1,41334,360181,22847,1440724,0,0,sales,2418,0,0,0,0,0,0
2026-08-10T15:13:16Z,F0835FB40824C98A,16.14,queries/warehouse/Core/07_grouping_distinct/distinct_high_card.sql,measured,3,3,5,3,0.057,51.808,2,1,41334,360181,22847,1440724,0,0,sales,2418,0,0,0,0,0,0
2026-08-10T15:13:16Z,F0835FB40824C98A,16.14,queries/warehouse/Core/07_grouping_distinct/distinct_high_card.sql,measured,3,4,5,3,0.041,51.295,2,1,41334,360181,22847,1440724,0,0,sales,2418,0,0,0,0,0,0
2026-08-10T15:13:16Z,F0835FB40824C98A,16.14,queries/warehouse/Core/07_grouping_distinct/distinct_high_card.sql,measured,3,5,5,3,0.041,50.428,2,1,41334,360181,22847,1440724,0,0,sales,2418,0,0,0,0,0,0
2026-08-10T15:13:16Z,F0835FB40824C98A,16.14,queries/warehouse/Core/08_sorting/sort_numeric.sql,warmup,1,1,1,3,0.242,118.605,2,1,318847,637694,318847,2550776,0,0,sales,2421,0,0,0,330,333,0
2026-08-10T15:13:16Z,F0835FB40824C98A,16.14,queries/warehouse/Core/08_sorting/sort_numeric.sql,warmup,2,1,1,3,0.237,119.523,2,1,318847,637694,318847,2550776,0,0,sales,2421,0,0,0,330,333,0
2026-08-10T15:13:17Z,F0835FB40824C98A,16.14,queries/warehouse/Core/08_sorting/sort_numeric.sql,measured,1,1,5,3,0.261,119.771,2,1,318847,637694,318847,2550776,0,0,sales,2421,0,0,0,330,333,0
2026-08-10T15:13:17Z,F0835FB40824C98A,16.14,queries/warehouse/Core/08_sorting/sort_numeric.sql,measured,1,2,5,3,0.037,114.161,2,1,318847,637694,318847,2550776,0,0,sales,2418,0,0,0,330,333,0
2026-08-10T15:13:17Z,F0835FB40824C98A,16.14,queries/warehouse/Core/08_sorting/sort_numeric.sql,measured,1,3,5,3,0.039,116.423,2,1,318847,637694,318847,2550776,0,0,sales,2418,0,0,0,330,333,0
2026-08-10T15:13:17Z,F0835FB40824C98A,16.14,queries/warehouse/Core/08_sorting/sort_numeric.sql,measured,1,4,5,3,0.039,118.230,2,1,318847,637694,318847,2550776,0,0,sales,2418,0,0,0,330,333,0
2026-08-10T15:13:17Z,F0835FB40824C98A,16.14,queries/warehouse/Core/08_sorting/sort_numeric.sql,measured,1,5,5,3,0.038,114.299,2,1,318847,637694,318847,2550776,0,0,sales,2418,0,0,0,330,333,0
2026-08-10T15:13:17Z,F0835FB40824C98A,16.14,queries/warehouse/Core/08_sorting/sort_numeric.sql,measured,2,1,5,3,0.232,123.323,2,1,318847,637694,318847,2550776,0,0,sales,2421,0,0,0,330,333,0
2026-08-10T15:13:17Z,F0835FB40824C98A,16.14,queries/warehouse/Core/08_sorting/sort_numeric.sql,measured,2,2,5,3,0.037,113.947,2,1,318847,637694,318847,2550776,0,0,sales,2418,0,0,0,330,333,0
2026-08-10T15:13:17Z,F0835FB40824C98A,16.14,queries/warehouse/Core/08_sorting/sort_numeric.sql,measured,2,3,5,3,0.054,115.139,2,1,318847,637694,318847,2550776,0,0,sales,2418,0,0,0,330,333,0
2026-08-10T15:13:17Z,F0835FB40824C98A,16.14,queries/warehouse/Core/08_sorting/sort_numeric.sql,measured,2,4,5,3,0.037,113.636,2,1,318847,637694,318847,2550776,0,0,sales,2418,0,0,0,330,333,0
2026-08-10T15:13:17Z,F0835FB40824C98A,16.14,queries/warehouse/Core/08_sorting/sort_numeric.sql,measured,2,5,5,3,0.056,113.835,2,1,318847,637694,318847,2550776,0,0,sales,2418,0,0,0,330,333,0
2026-08-10T15:13:18Z,F0835FB40824C98A,16.14,queries/warehouse/Core/08_sorting/sort_numeric.sql,measured,3,1,5,3,0.229,121.391,2,1,318847,637694,318847,2550776,0,0,sales,2421,0,0,0,330,333,0
2026-08-10T15:13:18Z,F0835FB40824C98A,16.14,queries/warehouse/Core/08_sorting/sort_numeric.sql,measured,3,2,5,3,0.039,114.489,2,1,318847,637694,318847,2550776,0,0,sales,2418,0,0,0,330,333,0
2026-08-10T15:13:18Z,F0835FB40824C98A,16.14,queries/warehouse/Core/08_sorting/sort_numeric.sql,measured,3,3,5,3,0.038,114.835,2,1,318847,637694,318847,2550776,0,0,sales,2418,0,0,0,330,333,0
2026-08-10T15:13:18Z,F0835FB40824C98A,16.14,queries/warehouse/Core/08_sorting/sort_numeric.sql,measured,3,4,5,3,0.039,116.638,2,1,318847,637694,318847,2550776,0,0,sales,2418,0,0,0,330,333,0
2026-08-10T15:13:18Z,F0835FB40824C98A,16.14,queries/warehouse/Core/08_sorting/sort_numeric.sql,measured,3,5,5,3,0.037,114.671,2,1,318847,637694,318847,2550776,0,0,sales,2418,0,0,0,330,333,0
2026-08-10T15:13:18Z,F0835FB40824C98A,16.14,queries/warehouse/Core/08_sorting/sort_topn.sql,warmup,1,1,1,3,0.259,30.756,4,1,100,319214,100,1276856,0,1,sales,2454,0,0,0,0,0,0
2026-08-10T15:13:18Z,F0835FB40824C98A,16.14,queries/warehouse/Core/08_sorting/sort_topn.sql,warmup,2,1,1,3,0.253,29.795,4,1,100,319192,100,1276768,0,1,sales,2454,0,0,0,0,0,0
2026-08-10T15:13:18Z,F0835FB40824C98A,16.14,queries/warehouse/Core/08_sorting/sort_topn.sql,measured,1,1,5,3,0.263,30.304,4,1,100,319184,100,1276736,0,1,sales,2454,0,0,0,0,0,0
2026-08-10T15:13:18Z,F0835FB40824C98A,16.14,queries/warehouse/Core/08_sorting/sort_topn.sql,measured,1,2,5,3,0.051,29.374,4,1,100,319204,100,1276816,0,1,sales,2454,0,0,0,0,0,0
2026-08-10T15:13:18Z,F0835FB40824C98A,16.14,queries/warehouse/Core/08_sorting/sort_topn.sql,measured,1,3,5,3,0.045,28.863,4,1,100,319180,100,1276720,0,1,sales,2454,0,0,0,0,0,0
2026-08-10T15:13:18Z,F0835FB40824C98A,16.14,queries/warehouse/Core/08_sorting/sort_topn.sql,measured,1,4,5,3,0.042,29.513,4,1,100,319180,100,1276720,0,1,sales,2454,0,0,0,0,0,0
2026-08-10T15:13:18Z,F0835FB40824C98A,16.14,queries/warehouse/Core/08_sorting/sort_topn.sql,measured,1,5,5,3,0.044,28.820,4,1,100,319184,100,1276736,0,1,sales,2454,0,0,0,0,0,0
2026-08-10T15:13:19Z,F0835FB40824C98A,16.14,queries/warehouse/Core/08_sorting/sort_topn.sql,measured,2,1,5,3,0.248,30.360,4,1,100,319216,100,1276864,0,1,sales,2454,0,0,0,0,0,0
2026-08-10T15:13:19Z,F0835FB40824C98A,16.14,queries/warehouse/Core/08_sorting/sort_topn.sql,measured,2,2,5,3,0.044,29.462,4,1,100,319192,100,1276768,0,1,sales,2454,0,0,0,0,0,0
2026-08-10T15:13:19Z,F0835FB40824C98A,16.14,queries/warehouse/Core/08_sorting/sort_topn.sql,measured,2,3,5,3,0.051,29.581,4,1,100,319178,100,1276712,0,1,sales,2454,0,0,0,0,0,0
2026-08-10T15:13:19Z,F0835FB40824C98A,16.14,queries/warehouse/Core/08_sorting/sort_topn.sql,measured,2,4,5,3,0.045,28.733,4,1,100,319198,100,1276792,0,1,sales,2454,0,0,0,0,0,0
2026-08-10T15:13:19Z,F0835FB40824C98A,16.14,queries/warehouse/Core/08_sorting/sort_topn.sql,measured,2,5,5,3,0.043,28.842,4,1,100,319204,100,1276816,0,1,sales,2454,0,0,0,0,0,0
2026-08-10T15:13:19Z,F0835FB40824C98A,16.14,queries/warehouse/Core/08_sorting/sort_topn.sql,measured,3,1,5,3,0.244,30.721,4,1,100,319214,100,1276856,0,1,sales,2454,0,0,0,0,0,0
2026-08-10T15:13:19Z,F0835FB40824C98A,16.14,queries/warehouse/Core/08_sorting/sort_topn.sql,measured,3,2,5,3,0.045,29.240,4,1,100,319218,100,1276872,0,1,sales,2454,0,0,0,0,0,0
2026-08-10T15:13:19Z,F0835FB40824C98A,16.14,queries/warehouse/Core/08_sorting/sort_topn.sql,measured,3,3,5,3,0.043,29.831,4,1,100,319212,100,1276848,0,1,sales,2454,0,0,0,0,0,0
2026-08-10T15:13:19Z,F0835FB40824C98A,16.14,queries/warehouse/Core/08_sorting/sort_topn.sql,measured,3,4,5,3,0.044,30.071,4,1,100,319184,100,1276736,0,1,sales,2454,0,0,0,0,0,0
2026-08-10T15:13:19Z,F0835FB40824C98A,16.14,queries/warehouse/Core/08_sorting/sort_topn.sql,measured,3,5,5,3,0.044,28.760,4,1,100,319222,100,1276888,0,1,sales,2454,0,0,0,0,0,0
2026-08-10T15:13:19Z,F0835FB40824C98A,16.14,queries/warehouse/FullTableScan.sql,warmup,1,1,1,3,0.274,154.584,3,1,41334,401515,22847,5526824,0,0,sales,2421,0,0,0,592,1323,0
2026-08-10T15:13:19Z,F0835FB40824C98A,16.14,queries/warehouse/FullTableScan.sql,warmup,2,1,1,3,0.282,153.306,3,1,41334,401515,22847,5526824,0,0,sales,2421,0,0,0,592,1323,0
2026-08-10T15:13:20Z,F0835FB40824C98A,16.14,queries/warehouse/FullTableScan.sql,measured,1,1,5,3,0.282,151.561,3,1,41334,401515,22847,5526824,0,0,sales,2421,0,0,0,592,1323,0
2026-08-10T15:13:20Z,F0835FB40824C98A,16.14,queries/warehouse/FullTableScan.sql,measured,1,2,5,3,0.062,143.026,3,1,41334,401515,22847,5526824,0,0,sales,2418,0,0,0,592,1323,0
2026-08-10T15:13:20Z,F0835FB40824C98A,16.14,queries/warehouse/FullTableScan.sql,measured,1,3,5,3,0.071,144.867,3,1,41334,401515,22847,5526824,0,0,sales,2418,0,0,0,592,1323,0
2026-08-10T15:13:20Z,F0835FB40824C98A,16.14,queries/warehouse/FullTableScan.sql,measured,1,4,5,3,0.071,145.404,3,1,41334,401515,22847,5526824,0,0,sales,2418,0,0,0,592,1323,0
2026-08-10T15:13:20Z,F0835FB40824C98A,16.14,queries/warehouse/FullTableScan.sql,measured,1,5,5,3,0.071,144.909,3,1,41334,401515,22847,5526824,0,0,sales,2418,0,0,0,592,1323,0
2026-08-10T15:13:21Z,F0835FB40824C98A,16.14,queries/warehouse/FullTableScan.sql,measured,2,1,5,3,0.363,151.076,3,1,41334,401515,22847,5526824,0,0,sales,2421,0,0,0,592,1323,0
2026-08-10T15:13:21Z,F0835FB40824C98A,16.14,queries/warehouse/FullTableScan.sql,measured,2,2,5,3,0.054,144.274,3,1,41334,401515,22847,5526824,0,0,sales,2418,0,0,0,592,1323,0
2026-08-10T15:13:21Z,F0835FB40824C98A,16.14,queries/warehouse/FullTableScan.sql,measured,2,3,5,3,0.061,144.988,3,1,41334,401515,22847,5526824,0,0,sales,2418,0,0,0,592,1323,0
2026-08-10T15:13:21Z,F0835FB40824C98A,16.14,queries/warehouse/FullTableScan.sql,measured,2,4,5,3,0.072,144.503,3,1,41334,401515,22847,5526824,0,0,sales,2418,0,0,0,592,1323,0
2026-08-10T15:13:21Z,F0835FB40824C98A,16.14,queries/warehouse/FullTableScan.sql,measured,2,5,5,3,0.054,147.709,3,1,41334,401515,22847,5526824,0,0,sales,2418,0,0,0,592,1323,0
2026-08-10T15:13:22Z,F0835FB40824C98A,16.14,queries/warehouse/FullTableScan.sql,measured,3,1,5,3,0.288,150.761,3,1,41334,401515,22847,5526824,0,0,sales,2421,0,0,0,592,1323,0
2026-08-10T15:13:22Z,F0835FB40824C98A,16.14,queries/warehouse/FullTableScan.sql,measured,3,2,5,3,0.055,144.989,3,1,41334,401515,22847,5526824,0,0,sales,2418,0,0,0,592,1323,0
2026-08-10T15:13:22Z,F0835FB40824C98A,16.14,queries/warehouse/FullTableScan.sql,measured,3,3,5,3,0.063,145.275,3,1,41334,401515,22847,5526824,0,0,sales,2418,0,0,0,592,1323,0
2026-08-10T15:13:22Z,F0835FB40824C98A,16.14,queries/warehouse/FullTableScan.sql,measured,3,4,5,3,0.055,144.769,3,1,41334,401515,22847,5526824,0,0,sales,2418,0,0,0,592,1323,0
2026-08-10T15:13:22Z,F0835FB40824C98A,16.14,queries/warehouse/FullTableScan.sql,measured,3,5,5,3,0.055,146.061,3,1,41334,401515,22847,5526824,0,0,sales,2418,0,0,0,592,1323,0
2026-08-10T15:13:22Z,F0835FB40824C98A,16.14,queries/warehouse/JoinHeavy.sql,warmup,1,1,1,3,0.638,60.639,10,2,20,643163,20,11076578,0,1,sales;suppliers,2451,0,0,0,0,0,0
2026-08-10T15:13:22Z,F0835FB40824C98A,16.14,queries/warehouse/JoinHeavy.sql,warmup,2,1,1,3,0.581,60.250,10,2,20,643186,20,11077820,0,1,sales;suppliers,2451,0,0,0,0,0,0
2026-08-10T15:13:23Z,F0835FB40824C98A,16.14,queries/warehouse/JoinHeavy.sql,measured,1,1,5,3,0.590,60.692,10,2,20,643175,20,11077226,0,1,sales;suppliers,2451,0,0,0,0,0,0
2026-08-10T15:13:23Z,F0835FB40824C98A,16.14,queries/warehouse/JoinHeavy.sql,measured,1,2,5,3,0.151,59.184,10,2,20,643163,20,11076578,0,1,sales;suppliers,2448,0,0,0,0,0,0
2026-08-10T15:13:23Z,F0835FB40824C98A,16.14,queries/warehouse/JoinHeavy.sql,measured,1,3,5,3,0.147,60.213,10,2,20,643163,20,11076578,0,1,sales;suppliers,2448,0,0,0,0,0,0
2026-08-10T15:13:23Z,F0835FB40824C98A,16.14,queries/warehouse/JoinHeavy.sql,measured,1,4,5,3,0.165,59.768,10,2,20,643164,20,11076632,0,1,sales;suppliers,2448,0,0,0,0,0,0
2026-08-10T15:13:23Z,F0835FB40824C98A,16.14,queries/warehouse/JoinHeavy.sql,measured,1,5,5,3,0.147,61.463,10,2,20,643164,20,11076632,0,1,sales;suppliers,2448,0,0,0,0,0,0
2026-08-10T15:13:23Z,F0835FB40824C98A,16.14,queries/warehouse/JoinHeavy.sql,measured,2,1,5,3,0.582,60.983,10,2,20,643174,20,11077172,0,1,sales;suppliers,2451,0,0,0,0,0,0
2026-08-10T15:13:23Z,F0835FB40824C98A,16.14,queries/warehouse/JoinHeavy.sql,measured,2,2,5,3,0.156,60.615,10,2,20,643174,20,11077172,0,1,sales;suppliers,2448,0,0,0,0,0,0
2026-08-10T15:13:23Z,F0835FB40824C98A,16.14,queries/warehouse/JoinHeavy.sql,measured,2,3,5,3,0.162,59.293,10,2,20,643174,20,11077172,0,1,sales;suppliers,2448,0,0,0,0,0,0
2026-08-10T15:13:23Z,F0835FB40824C98A,16.14,queries/warehouse/JoinHeavy.sql,measured,2,4,5,3,0.161,59.159,10,2,20,643187,20,11077874,0,1,sales;suppliers,2448,0,0,0,0,0,0
2026-08-10T15:13:23Z,F0835FB40824C98A,16.14,queries/warehouse/JoinHeavy.sql,measured,2,5,5,3,0.144,63.706,10,2,20,643151,20,11075930,0,1,sales;suppliers,2448,0,0,0,0,0,0
2026-08-10T15:13:23Z,F0835FB40824C98A,16.14,queries/warehouse/JoinHeavy.sql,measured,3,1,5,3,0.638,60.705,10,2,20,643176,20,11077280,0,1,sales;suppliers,2451,0,0,0,0,0,0
2026-08-10T15:13:23Z,F0835FB40824C98A,16.14,queries/warehouse/JoinHeavy.sql,measured,3,2,5,3,0.153,60.291,10,2,20,643163,20,11076578,0,1,sales;suppliers,2448,0,0,0,0,0,0
2026-08-10T15:13:23Z,F0835FB40824C98A,16.14,queries/warehouse/JoinHeavy.sql,measured,3,3,5,3,0.146,60.371,10,2,20,643164,20,11076632,0,1,sales;suppliers,2448,0,0,0,0,0,0
2026-08-10T15:13:23Z,F0835FB40824C98A,16.14,queries/warehouse/JoinHeavy.sql,measured,3,4,5,3,0.146,59.211,10,2,20,643181,20,11077550,0,1,sales;suppliers,2448,0,0,0,0,0,0
2026-08-10T15:13:23Z,F0835FB40824C98A,16.14,queries/warehouse/JoinHeavy.sql,measured,3,5,5,3,0.145,59.197,10,2,20,643187,20,11077874,0,1,sales;suppliers,2448,0,0,0,0,0,0
2026-08-10T15:13:23Z,F0835FB40824C98A,16.14,queries/warehouse/PointLookup.sql,warmup,1,1,1,3,0.283,0.066,1,1,1,1,1,27,0,0,sales,4,0,0,0,0,0,0
2026-08-10T15:13:23Z,F0835FB40824C98A,16.14,queries/warehouse/PointLookup.sql,warmup,2,1,1,3,0.287,0.067,1,1,1,1,1,27,0,0,sales,4,0,0,0,0,0,0
2026-08-10T15:13:24Z,F0835FB40824C98A,16.14,queries/warehouse/PointLookup.sql,measured,1,1,5,3,0.268,0.078,1,1,1,1,1,27,0,0,sales,4,0,0,0,0,0,0
2026-08-10T15:13:24Z,F0835FB40824C98A,16.14,queries/warehouse/PointLookup.sql,measured,1,2,5,3,0.022,0.012,1,1,1,1,1,27,0,0,sales,4,0,0,0,0,0,0
2026-08-10T15:13:24Z,F0835FB40824C98A,16.14,queries/warehouse/PointLookup.sql,measured,1,3,5,3,0.022,0.010,1,1,1,1,1,27,0,0,sales,4,0,0,0,0,0,0
2026-08-10T15:13:24Z,F0835FB40824C98A,16.14,queries/warehouse/PointLookup.sql,measured,1,4,5,3,0.018,0.008,1,1,1,1,1,27,0,0,sales,4,0,0,0,0,0,0
2026-08-10T15:13:24Z,F0835FB40824C98A,16.14,queries/warehouse/PointLookup.sql,measured,1,5,5,3,0.022,0.010,1,1,1,1,1,27,0,0,sales,4,0,0,0,0,0,0
2026-08-10T15:13:24Z,F0835FB40824C98A,16.14,queries/warehouse/PointLookup.sql,measured,2,1,5,3,0.263,0.066,1,1,1,1,1,27,0,0,sales,4,0,0,0,0,0,0
2026-08-10T15:13:24Z,F0835FB40824C98A,16.14,queries/warehouse/PointLookup.sql,measured,2,2,5,3,0.022,0.011,1,1,1,1,1,27,0,0,sales,4,0,0,0,0,0,0
2026-08-10T15:13:24Z,F0835FB40824C98A,16.14,queries/warehouse/PointLookup.sql,measured,2,3,5,3,0.018,0.009,1,1,1,1,1,27,0,0,sales,4,0,0,0,0,0,0
2026-08-10T15:13:24Z,F0835FB40824C98A,16.14,queries/warehouse/PointLookup.sql,measured,2,4,5,3,0.016,0.008,1,1,1,1,1,27,0,0,sales,4,0,0,0,0,0,0
2026-08-10T15:13:24Z,F0835FB40824C98A,16.14,queries/warehouse/PointLookup.sql,measured,2,5,5,3,0.022,0.010,1,1,1,1,1,27,0,0,sales,4,0,0,0,0,0,0
2026-08-10T15:13:24Z,F0835FB40824C98A,16.14,queries/warehouse/PointLookup.sql,measured,3,1,5,3,0.288,0.067,1,1,1,1,1,27,0,0,sales,4,0,0,0,0,0,0
2026-08-10T15:13:24Z,F0835FB40824C98A,16.14,queries/warehouse/PointLookup.sql,measured,3,2,5,3,0.023,0.012,1,1,1,1,1,27,0,0,sales,4,0,0,0,0,0,0
2026-08-10T15:13:24Z,F0835FB40824C98A,16.14,queries/warehouse/PointLookup.sql,measured,3,3,5,3,0.022,0.011,1,1,1,1,1,27,0,0,sales,4,0,0,0,0,0,0
2026-08-10T15:13:24Z,F0835FB40824C98A,16.14,queries/warehouse/PointLookup.sql,measured,3,4,5,3,0.018,0.010,1,1,1,1,1,27,0,0,sales,4,0,0,0,0,0,0
2026-08-10T15:13:24Z,F0835FB40824C98A,16.14,queries/warehouse/PointLookup.sql,measured,3,5,5,3,0.022,0.010,1,1,1,1,1,27,0,0,sales,4,0,0,0,0,0,0
2026-08-10T15:13:24Z,F0835FB40824C98A,16.14,queries/warehouse/SelectiveFilter.sql,warmup,1,1,1,3,0.701,20.422,5,2,1213,51455,2599,807588,179195,1,sales;items,3312,0,0,0,0,0,0
2026-08-10T15:13:24Z,F0835FB40824C98A,16.14,queries/warehouse/SelectiveFilter.sql,warmup,2,1,1,3,0.672,20.374,5,2,1213,51455,2599,807588,179195,1,sales;items,3312,0,0,0,0,0,0
2026-08-10T15:13:24Z,F0835FB40824C98A,16.14,queries/warehouse/SelectiveFilter.sql,measured,1,1,5,3,0.674,20.334,5,2,1213,51455,2599,807588,179195,1,sales;items,3312,0,0,0,0,0,0
2026-08-10T15:13:24Z,F0835FB40824C98A,16.14,queries/warehouse/SelectiveFilter.sql,measured,1,2,5,3,0.134,19.171,5,2,1213,51455,2599,807588,179195,1,sales;items,3312,0,0,0,0,0,0
2026-08-10T15:13:24Z,F0835FB40824C98A,16.14,queries/warehouse/SelectiveFilter.sql,measured,1,3,5,3,0.136,19.266,5,2,1213,51455,2599,807588,179195,1,sales;items,3312,0,0,0,0,0,0
2026-08-10T15:13:24Z,F0835FB40824C98A,16.14,queries/warehouse/SelectiveFilter.sql,measured,1,4,5,3,0.157,19.074,5,2,1213,51455,2599,807588,179195,1,sales;items,3312,0,0,0,0,0,0
2026-08-10T15:13:24Z,F0835FB40824C98A,16.14,queries/warehouse/SelectiveFilter.sql,measured,1,5,5,3,0.135,19.371,5,2,1213,51455,2599,807588,179195,1,sales;items,3312,0,0,0,0,0,0
2026-08-10T15:13:24Z,F0835FB40824C98A,16.14,queries/warehouse/SelectiveFilter.sql,measured,2,1,5,3,0.671,20.687,5,2,1213,51455,2599,807588,179195,1,sales;items,3312,0,0,0,0,0,0
2026-08-10T15:13:24Z,F0835FB40824C98A,16.14,queries/warehouse/SelectiveFilter.sql,measured,2,2,5,3,0.132,19.978,5,2,1213,51455,2599,807588,179195,1,sales;items,3312,0,0,0,0,0,0
2026-08-10T15:13:24Z,F0835FB40824C98A,16.14,queries/warehouse/SelectiveFilter.sql,measured,2,3,5,3,0.138,20.262,5,2,1213,51455,2599,807588,179195,1,sales;items,3312,0,0,0,0,0,0
2026-08-10T15:13:24Z,F0835FB40824C98A,16.14,queries/warehouse/SelectiveFilter.sql,measured,2,4,5,3,0.155,18.996,5,2,1213,51455,2599,807588,179195,1,sales;items,3312,0,0,0,0,0,0
2026-08-10T15:13:24Z,F0835FB40824C98A,16.14,queries/warehouse/SelectiveFilter.sql,measured,2,5,5,3,0.139,19.380,5,2,1213,51455,2599,807588,179195,1,sales;items,3312,0,0,0,0,0,0
2026-08-10T15:13:24Z,F0835FB40824C98A,16.14,queries/warehouse/SelectiveFilter.sql,measured,3,1,5,3,0.665,21.004,5,2,1213,51455,2599,807588,179195,1,sales;items,3312,0,0,0,0,0,0
2026-08-10T15:13:24Z,F0835FB40824C98A,16.14,queries/warehouse/SelectiveFilter.sql,measured,3,2,5,3,0.136,19.520,5,2,1213,51455,2599,807588,179195,1,sales;items,3312,0,0,0,0,0,0
2026-08-10T15:13:24Z,F0835FB40824C98A,16.14,queries/warehouse/SelectiveFilter.sql,measured,3,3,5,3,0.221,19.598,5,2,1213,51455,2599,807588,179195,1,sales;items,3312,0,0,0,0,0,0
2026-08-10T15:13:24Z,F0835FB40824C98A,16.14,queries/warehouse/SelectiveFilter.sql,measured,3,4,5,3,0.137,20.192,5,2,1213,51455,2599,807588,179195,1,sales;items,3312,0,0,0,0,0,0
2026-08-10T15:13:24Z,F0835FB40824C98A,16.14,queries/warehouse/SelectiveFilter.sql,measured,3,5,5,3,0.173,19.001,5,2,1213,51455,2599,807588,179195,1,sales;items,3312,0,0,0,0,0,0
2026-08-10T15:13:25Z,F0835FB40824C98A,16.14,queries/warehouse/WindowFunction.sql,warmup,1,1,1,3,0.327,499.419,4,1,214904,963559,31885,34564454,0,0,sales,2424,0,0,0,2379,3497,0
2026-08-10T15:13:26Z,F0835FB40824C98A,16.14,queries/warehouse/WindowFunction.sql,warmup,2,1,1,3,0.339,502.823,4,1,214904,963559,31885,34564454,0,0,sales,2424,0,0,0,2379,3497,0
2026-08-10T15:13:28Z,F0835FB40824C98A,16.14,queries/warehouse/WindowFunction.sql,measured,1,1,5,3,0.298,525.578,4,1,214904,963559,31885,34564454,0,0,sales,2424,0,0,0,2379,3497,0
2026-08-10T15:13:28Z,F0835FB40824C98A,16.14,queries/warehouse/WindowFunction.sql,measured,1,2,5,3,0.094,494.351,4,1,214904,963559,31885,34564454,0,0,sales,2418,0,0,0,2379,3497,0
2026-08-10T15:13:28Z,F0835FB40824C98A,16.14,queries/warehouse/WindowFunction.sql,measured,1,3,5,3,0.084,505.851,4,1,214904,963559,31885,34564454,0,0,sales,2418,0,0,0,2379,3497,0
2026-08-10T15:13:28Z,F0835FB40824C98A,16.14,queries/warehouse/WindowFunction.sql,measured,1,4,5,3,0.077,481.555,4,1,214904,963559,31885,34564454,0,0,sales,2418,0,0,0,2379,3497,0
2026-08-10T15:13:28Z,F0835FB40824C98A,16.14,queries/warehouse/WindowFunction.sql,measured,1,5,5,3,0.079,483.166,4,1,214904,963559,31885,34564454,0,0,sales,2418,0,0,0,2379,3497,0
2026-08-10T15:13:31Z,F0835FB40824C98A,16.14,queries/warehouse/WindowFunction.sql,measured,2,1,5,3,0.322,498.903,4,1,214904,963559,31885,34564454,0,0,sales,2424,0,0,0,2379,3497,0
2026-08-10T15:13:31Z,F0835FB40824C98A,16.14,queries/warehouse/WindowFunction.sql,measured,2,2,5,3,0.089,481.762,4,1,214904,963559,31885,34564454,0,0,sales,2418,0,0,0,2379,3497,0
2026-08-10T15:13:31Z,F0835FB40824C98A,16.14,queries/warehouse/WindowFunction.sql,measured,2,3,5,3,0.095,482.792,4,1,214904,963559,31885,34564454,0,0,sales,2418,0,0,0,2379,3497,0
2026-08-10T15:13:31Z,F0835FB40824C98A,16.14,queries/warehouse/WindowFunction.sql,measured,2,4,5,3,0.080,485.296,4,1,214904,963559,31885,34564454,0,0,sales,2418,0,0,0,2379,3497,0
2026-08-10T15:13:31Z,F0835FB40824C98A,16.14,queries/warehouse/WindowFunction.sql,measured,2,5,5,3,0.082,485.272,4,1,214904,963559,31885,34564454,0,0,sales,2418,0,0,0,2379,3497,0
2026-08-10T15:13:33Z,F0835FB40824C98A,16.14,queries/warehouse/WindowFunction.sql,measured,3,1,5,3,0.541,520.776,4,1,214904,963559,31885,34564454,0,0,sales,2424,0,0,0,2379,3497,0
2026-08-10T15:13:33Z,F0835FB40824C98A,16.14,queries/warehouse/WindowFunction.sql,measured,3,2,5,3,0.076,524.321,4,1,214904,963559,31885,34564454,0,0,sales,2418,0,0,0,2379,3497,0
2026-08-10T15:13:33Z,F0835FB40824C98A,16.14,queries/warehouse/WindowFunction.sql,measured,3,3,5,3,0.119,503.798,4,1,214904,963559,31885,34564454,0,0,sales,2418,0,0,0,2379,3497,0
2026-08-10T15:13:33Z,F0835FB40824C98A,16.14,queries/warehouse/WindowFunction.sql,measured,3,4,5,3,0.086,558.234,4,1,214904,963559,31885,34564454,0,0,sales,2418,0,0,0,2379,3497,0
2026-08-10T15:13:33Z,F0835FB40824C98A,16.14,queries/warehouse/WindowFunction.sql,measured,3,5,5,3,0.077,494.651,4,1,214904,963559,31885,34564454,0,0,sales,2418,0,0,0,2379,3497,0
