timestamp_utc,run_id,pg_version,host,cpu_model,packages,microcode,bios_vendor,bios_version,bios_date,product,freq_driver,governor,turbo,scaling_max_khz,kernel,rapl
2026-10-02T11:18:12Z,C6B7AFA45AB0A218,18.6,"user01","Intel(R) Core(TM) i5-8350U CPU @ 1.70GHz","1","0xec","Dell Inc.","1.24.1","01/24/2022","Latitude 7490","intel_pstate","performance","no_turbo=0","2500000","6.8.0-139-generic","powercap, 1 package, domains: pkg core gpu/uncore dram"
2026-10-02T11:18:34Z,7CB0B5A165BA356A,18.6,"user01","Intel(R) Core(TM) i5-8350U CPU @ 1.70GHz","1","0xec","Dell Inc.","1.24.1","01/24/2022","Latitude 7490","intel_pstate","performance","no_turbo=0","2500000","6.8.0-139-generic","powercap, 1 package, domains: pkg core gpu/uncore dram"
2026-10-02T11:19:03Z,54417DD151942975,18.6,"user01","Intel(R) Core(TM) i5-8350U CPU @ 1.70GHz","1","0xec","Dell Inc.","1.24.1","01/24/2022","Latitude 7490","intel_pstate","performance","no_turbo=0","2500000","6.8.0-139-generic","powercap, 1 package, domains: pkg core gpu/uncore dram"
2026-10-02T11:19:14Z,38733FB00FBCE38A,18.6,"user01","Intel(R) Core(TM) i5-8350U CPU @ 1.70GHz","1","0xec","Dell Inc.","1.24.1","01/24/2022","Latitude 7490","intel_pstate","performance","no_turbo=0","2500000","6.8.0-139-generic","powercap, 1 package, domains: pkg core gpu/uncore dram"
2026-10-02T11:19:38Z,B2CBE2B1D37E5187,18.6,"user01","Intel(R) Core(TM) i5-8350U CPU @ 1.70GHz","1","0xec","Dell Inc.","1.24.1","01/24/2022","Latitude 7490","intel_pstate","performance","no_turbo=0","2500000","6.8.0-139-generic","powercap, 1 package, domains: pkg core gpu/uncore dram"
2026-10-02T11:20:04Z,C40966258B5BEE19,18.6,"user01","Intel(R) Core(TM) i5-8350U CPU @ 1.70GHz","1","0xec","Dell Inc.","1.24.1","01/24/2022","Latitude 7490","intel_pstate","performance","no_turbo=0","2500000","6.8.0-139-generic","powercap, 1 package, domains: pkg core gpu/uncore dram"
2026-10-02T11:20:42Z,016259B0A38AEA68,18.6,"user01","Intel(R) Core(TM) i5-8350U CPU @ 1.70GHz","1","0xec","Dell Inc.","1.24.1","01/24/2022","Latitude 7490","intel_pstate","performance","no_turbo=0","2500000","6.8.0-139-generic","powercap, 1 package, domains: pkg core gpu/uncore dram"
2026-10-02T11:21:38Z,65E8A0F531FD7914,18.6,"user01","Intel(R) Core(TM) i5-8350U CPU @ 1.70GHz","1","0xec","Dell Inc.","1.24.1","01/24/2022","Latitude 7490","intel_pstate","performance","no_turbo=0","2500000","6.8.0-139-generic","powercap, 1 package, domains: pkg core gpu/uncore dram"
2026-10-02T11:22:00Z,81F61E5C8C822B90,18.6,"user01","Intel(R) Core(TM) i5-8350U CPU @ 1.70GHz","1","0xec","Dell Inc.","1.24.1","01/24/2022","Latitude 7490","intel_pstate","performance","no_turbo=0","2500000","6.8.0-139-generic","powercap, 1 package, domains: pkg core gpu/uncore dram"
2026-10-02T11:22:14Z,988C8B8E4B322423,18.6,"user01","Intel(R) Core(TM) i5-8350U CPU @ 1.70GHz","1","0xec","Dell Inc.","1.24.1","01/24/2022","Latitude 7490","intel_pstate","performance","no_turbo=0","2500000","6.8.0-139-generic","powercap, 1 package, domains: pkg core gpu/uncore dram"
2026-10-02T11:22:31Z,02A4CA97F3C17A9D,18.6,"user01","Intel(R) Core(TM) i5-8350U CPU @ 1.70GHz","1","0xec","Dell Inc.","1.24.1","01/24/2022","Latitude 7490","intel_pstate","performance","no_turbo=0","2500000","6.8.0-139-generic","powercap, 1 package, domains: pkg core gpu/uncore dram"
2026-10-02T11:23:22Z,715770A420EBB2BD,18.6,"user01","Intel(R) Core(TM) i5-8350U CPU @ 1.70GHz","1","0xec","Dell Inc.","1.24.1","01/24/2022","Latitude 7490","intel_pstate","performance","no_turbo=0","2500000","6.8.0-139-generic","powercap, 1 package, domains: pkg core gpu/uncore dram"
2026-10-02T11:24:21Z,2C8B65AE82FA8BDD,18.6,"user01","Intel(R) Core(TM) i5-8350U CPU @ 1.70GHz","1","0xec","Dell Inc.","1.24.1","01/24/2022","Latitude 7490","intel_pstate","performance","no_turbo=0","2500000","6.8.0-139-generic","powercap, 1 package, domains: pkg core gpu/uncore dram"
2026-10-02T11:25:02Z,FD2D7ABD52B3CDAD,18.6,"user01","Intel(R) Core(TM) i5-8350U CPU @ 1.70GHz","1","0xec","Dell Inc.","1.24.1","01/24/2022","Latitude 7490","intel_pstate","performance","no_turbo=0","2500000","6.8.0-139-generic","powercap, 1 package, domains: pkg core gpu/uncore dram"
2026-10-02T11:25:42Z,B4D68F490B00B5B8,18.6,"user01","Intel(R) Core(TM) i5-8350U CPU @ 1.70GHz","1","0xec","Dell Inc.","1.24.1","01/24/2022","Latitude 7490","intel_pstate","performance","no_turbo=0","2500000","6.8.0-139-generic","powercap, 1 package, domains: pkg core gpu/uncore dram"
2026-10-02T11:25:57Z,101CD6EAFD1E521B,18.6,"user01","Intel(R) Core(TM) i5-8350U CPU @ 1.70GHz","1","0xec","Dell Inc.","1.24.1","01/24/2022","Latitude 7490","intel_pstate","performance","no_turbo=0","2500000","6.8.0-139-generic","powercap, 1 package, domains: pkg core gpu/uncore dram"
2026-10-02T11:26:14Z,EF319096FE7F5CF2,18.6,"user01","Intel(R) Core(TM) i5-8350U CPU @ 1.70GHz","1","0xec","Dell Inc.","1.24.1","01/24/2022","Latitude 7490","intel_pstate","performance","no_turbo=0","2500000","6.8.0-139-generic","powercap, 1 package, domains: pkg core gpu/uncore dram"
2026-10-02T11:26:39Z,64DD92F146ABAAC7,18.6,"user01","Intel(R) Core(TM) i5-8350U CPU @ 1.70GHz","1","0xec","Dell Inc.","1.24.1","01/24/2022","Latitude 7490","intel_pstate","performance","no_turbo=0","2500000","6.8.0-139-generic","powercap, 1 package, domains: pkg core gpu/uncore dram"
2026-10-02T11:26:51Z,6CEBB91016B211C6,18.6,"user01","Intel(R) Core(TM) i5-8350U CPU @ 1.70GHz","1","0xec","Dell Inc.","1.24.1","01/24/2022","Latitude 7490","intel_pstate","performance","no_turbo=0","2500000","6.8.0-139-generic","powercap, 1 package, domains: pkg core gpu/uncore dram"
2026-10-02T11:27:02Z,01897220A40B35AB,18.6,"user01","Intel(R) Core(TM) i5-8350U CPU @ 1.70GHz","1","0xec","Dell Inc.","1.24.1","01/24/2022","Latitude 7490","intel_pstate","performance","no_turbo=0","2500000","6.8.0-139-generic","powercap, 1 package, domains: pkg core gpu/uncore dram"
2026-10-02T11:27:34Z,CB9466176F5D788A,18.6,"user01","Intel(R) Core(TM) i5-8350U CPU @ 1.70GHz","1","0xec","Dell Inc.","1.24.1","01/24/2022","Latitude 7490","intel_pstate","performance","no_turbo=0","2500000","6.8.0-139-generic","powercap, 1 package, domains: pkg core gpu/uncore dram"
2026-10-02T11:28:03Z,79F27D6A59C9AF80,18.6,"user01","Intel(R) Core(TM) i5-8350U CPU @ 1.70GHz","1","0xec","Dell Inc.","1.24.1","01/24/2022","Latitude 7490","intel_pstate","performance","no_turbo=0","2500000","6.8.0-139-generic","powercap, 1 package, domains: pkg core gpu/uncore dram"
2026-10-02T11:29:05Z,278CFD40BD840D5F,18.6,"user01","Intel(R) Core(TM) i5-8350U CPU @ 1.70GHz","1","0xec","Dell Inc.","1.24.1","01/24/2022","Latitude 7490","intel_pstate","performance","no_turbo=0","2500000","6.8.0-139-generic","powercap, 1 package, domains: pkg core gpu/uncore dram"
2026-10-02T11:30:39Z,8A536B1BDCE15B64,18.6,"user01","Intel(R) Core(TM) i5-8350U CPU @ 1.70GHz","1","0xec","Dell Inc.","1.24.1","01/24/2022","Latitude 7490","intel_pstate","performance","no_turbo=0","2500000","6.8.0-139-generic","powercap, 1 package, domains: pkg core gpu/uncore dram"
2026-10-02T11:31:26Z,D439F6CCE25AE79C,18.6,"user01","Intel(R) Core(TM) i5-8350U CPU @ 1.70GHz","1","0xec","Dell Inc.","1.24.1","01/24/2022","Latitude 7490","intel_pstate","performance","no_turbo=0","2500000","6.8.0-139-generic","powercap, 1 package, domains: pkg core gpu/uncore dram"
2026-10-02T11:32:03Z,6C9C692EFD4AEE57,18.6,"user01","Intel(R) Core(TM) i5-8350U CPU @ 1.70GHz","1","0xec","Dell Inc.","1.24.1","01/24/2022","Latitude 7490","intel_pstate","performance","no_turbo=0","2500000","6.8.0-139-generic","powercap, 1 package, domains: pkg core gpu/uncore dram"
2026-10-02T11:32:30Z,5EF9C85EA11F7971,18.6,"user01","Intel(R) Core(TM) i5-8350U CPU @ 1.70GHz","1","0xec","Dell Inc.","1.24.1","01/24/2022","Latitude 7490","intel_pstate","performance","no_turbo=0","2500000","6.8.0-139-generic","powercap, 1 package, domains: pkg core gpu/uncore dram"
2026-10-02T11:32:45Z,8E21FC7C5A312102,18.6,"user01","Intel(R) Core(TM) i5-8350U CPU @ 1.70GHz","1","0xec","Dell Inc.","1.24.1","01/24/2022","Latitude 7490","intel_pstate","performance","no_turbo=0","2500000","6.8.0-139-generic","powercap, 1 package, domains: pkg core gpu/uncore dram"
2026-10-02T11:34:21Z,07EF3AB1FA5F216F,18.6,"user01","Intel(R) Core(TM) i5-8350U CPU @ 1.70GHz","1","0xec","Dell Inc.","1.24.1","01/24/2022","Latitude 7490","intel_pstate","performance","no_turbo=0","2500000","6.8.0-139-generic","powercap, 1 package, domains: pkg core gpu/uncore dram"
2026-10-02T11:35:00Z,E35B38A1DCE22181,18.6,"user01","Intel(R) Core(TM) i5-8350U CPU @ 1.70GHz","1","0xec","Dell Inc.","1.24.1","01/24/2022","Latitude 7490","intel_pstate","performance","no_turbo=0","2500000","6.8.0-139-generic","powercap, 1 package, domains: pkg core gpu/uncore dram"
2026-10-02T11:36:15Z,F607F245F39C8FBE,18.6,"user01","Intel(R) Core(TM) i5-8350U CPU @ 1.70GHz","1","0xec","Dell Inc.","1.24.1","01/24/2022","Latitude 7490","intel_pstate","performance","no_turbo=0","2500000","6.8.0-139-generic","powercap, 1 package, domains: pkg core gpu/uncore dram"
2026-10-02T11:36:27Z,748104C2D470C6FE,18.6,"user01","Intel(R) Core(TM) i5-8350U CPU @ 1.70GHz","1","0xec","Dell Inc.","1.24.1","01/24/2022","Latitude 7490","intel_pstate","performance","no_turbo=0","2500000","6.8.0-139-generic","powercap, 1 package, domains: pkg core gpu/uncore dram"
2026-10-02T11:36:42Z,3B4BC51FAD42A571,18.6,"user01","Intel(R) Core(TM) i5-8350U CPU @ 1.70GHz","1","0xec","Dell Inc.","1.24.1","01/24/2022","Latitude 7490","intel_pstate","performance","no_turbo=0","2500000","6.8.0-139-generic","powercap, 1 package, domains: pkg core gpu/uncore dram"
2026-10-02T11:36:53Z,1F49A1E599B59EC5,18.6,"user01","Intel(R) Core(TM) i5-8350U CPU @ 1.70GHz","1","0xec","Dell Inc.","1.24.1","01/24/2022","Latitude 7490","intel_pstate","performance","no_turbo=0","2500000","6.8.0-139-generic","powercap, 1 package, domains: pkg core gpu/uncore dram"
2026-10-02T11:38:07Z,6992DD355AE6349B,18.6,"user01","Intel(R) Core(TM) i5-8350U CPU @ 1.70GHz","1","0xec","Dell Inc.","1.24.1","01/24/2022","Latitude 7490","intel_pstate","performance","no_turbo=0","2500000","6.8.0-139-generic","powercap, 1 package, domains: pkg core gpu/uncore dram"
2026-10-02T11:38:24Z,7264E4FC4683C1BE,18.6,"user01","Intel(R) Core(TM) i5-8350U CPU @ 1.70GHz","1","0xec","Dell Inc.","1.24.1","01/24/2022","Latitude 7490","intel_pstate","performance","no_turbo=0","2500000","6.8.0-139-generic","powercap, 1 package, domains: pkg core gpu/uncore dram"
2026-10-02T11:38:42Z,DDADE99C78F24D70,18.6,"user01","Intel(R) Core(TM) i5-8350U CPU @ 1.70GHz","1","0xec","Dell Inc.","1.24.1","01/24/2022","Latitude 7490","intel_pstate","performance","no_turbo=0","2500000","6.8.0-139-generic","powercap, 1 package, domains: pkg core gpu/uncore dram"
2026-10-02T11:39:19Z,F640838B1318D3C7,18.6,"user01","Intel(R) Core(TM) i5-8350U CPU @ 1.70GHz","1","0xec","Dell Inc.","1.24.1","01/24/2022","Latitude 7490","intel_pstate","performance","no_turbo=0","2500000","6.8.0-139-generic","powercap, 1 package, domains: pkg core gpu/uncore dram"
2026-10-02T11:39:32Z,B0FD1221C44E7E6D,18.6,"user01","Intel(R) Core(TM) i5-8350U CPU @ 1.70GHz","1","0xec","Dell Inc.","1.24.1","01/24/2022","Latitude 7490","intel_pstate","performance","no_turbo=0","2500000","6.8.0-139-generic","powercap, 1 package, domains: pkg core gpu/uncore dram"
2026-10-02T11:40:45Z,F1A511DCA88B4CDC,18.6,"user01","Intel(R) Core(TM) i5-8350U CPU @ 1.70GHz","1","0xec","Dell Inc.","1.24.1","01/24/2022","Latitude 7490","intel_pstate","performance","no_turbo=0","2500000","6.8.0-139-generic","powercap, 1 package, domains: pkg core gpu/uncore dram"
2026-10-02T11:42:43Z,6403903FCD2A6430,18.6,"user01","Intel(R) Core(TM) i5-8350U CPU @ 1.70GHz","1","0xec","Dell Inc.","1.24.1","01/24/2022","Latitude 7490","intel_pstate","performance","no_turbo=0","2500000","6.8.0-139-generic","powercap, 1 package, domains: pkg core gpu/uncore dram"
2026-10-02T11:43:36Z,BA235158F14F20E3,18.6,"user01","Intel(R) Core(TM) i5-8350U CPU @ 1.70GHz","1","0xec","Dell Inc.","1.24.1","01/24/2022","Latitude 7490","intel_pstate","performance","no_turbo=0","2500000","6.8.0-139-generic","powercap, 1 package, domains: pkg core gpu/uncore dram"
2026-10-02T11:44:56Z,8242805CD37B1C4A,18.6,"user01","Intel(R) Core(TM) i5-8350U CPU @ 1.70GHz","1","0xec","Dell Inc.","1.24.1","01/24/2022","Latitude 7490","intel_pstate","performance","no_turbo=0","2500000","6.8.0-139-generic","powercap, 1 package, domains: pkg core gpu/uncore dram"
2026-10-02T11:45:13Z,2AFE44D6FDEAA96F,18.6,"user01","Intel(R) Core(TM) i5-8350U CPU @ 1.70GHz","1","0xec","Dell Inc.","1.24.1","01/24/2022","Latitude 7490","intel_pstate","performance","no_turbo=0","2500000","6.8.0-139-generic","powercap, 1 package, domains: pkg core gpu/uncore dram"
2026-10-02T11:46:06Z,3753F581C8C9CE15,18.6,"user01","Intel(R) Core(TM) i5-8350U CPU @ 1.70GHz","1","0xec","Dell Inc.","1.24.1","01/24/2022","Latitude 7490","intel_pstate","performance","no_turbo=0","2500000","6.8.0-139-generic","powercap, 1 package, domains: pkg core gpu/uncore dram"
2026-10-02T11:46:17Z,D8FC4275EE14B512,18.6,"user01","Intel(R) Core(TM) i5-8350U CPU @ 1.70GHz","1","0xec","Dell Inc.","1.24.1","01/24/2022","Latitude 7490","intel_pstate","performance","no_turbo=0","2500000","6.8.0-139-generic","powercap, 1 package, domains: pkg core gpu/uncore dram"
2026-10-02T11:46:50Z,EFE2E4D2F493BE26,18.6,"user01","Intel(R) Core(TM) i5-8350U CPU @ 1.70GHz","1","0xec","Dell Inc.","1.24.1","01/24/2022","Latitude 7490","intel_pstate","performance","no_turbo=0","2500000","6.8.0-139-generic","powercap, 1 package, domains: pkg core gpu/uncore dram"
2026-10-02T11:47:33Z,DA0943C2555EF516,18.6,"user01","Intel(R) Core(TM) i5-8350U CPU @ 1.70GHz","1","0xec","Dell Inc.","1.24.1","01/24/2022","Latitude 7490","intel_pstate","performance","no_turbo=0","2500000","6.8.0-139-generic","powercap, 1 package, domains: pkg core gpu/uncore dram"
2026-10-02T11:47:44Z,135EB34BBFDA43F6,18.6,"user01","Intel(R) Core(TM) i5-8350U CPU @ 1.70GHz","1","0xec","Dell Inc.","1.24.1","01/24/2022","Latitude 7490","intel_pstate","performance","no_turbo=0","2500000","6.8.0-139-generic","powercap, 1 package, domains: pkg core gpu/uncore dram"
2026-10-02T11:48:03Z,7E52DE48F70FFDFC,18.6,"user01","Intel(R) Core(TM) i5-8350U CPU @ 1.70GHz","1","0xec","Dell Inc.","1.24.1","01/24/2022","Latitude 7490","intel_pstate","performance","no_turbo=0","2500000","6.8.0-139-generic","powercap, 1 package, domains: pkg core gpu/uncore dram"
2026-10-02T11:48:44Z,DEF9F862158738DD,18.6,"user01","Intel(R) Core(TM) i5-8350U CPU @ 1.70GHz","1","0xec","Dell Inc.","1.24.1","01/24/2022","Latitude 7490","intel_pstate","performance","no_turbo=0","2500000","6.8.0-139-generic","powercap, 1 package, domains: pkg core gpu/uncore dram"
2026-10-02T11:50:07Z,96671C58A9C3DA7A,18.6,"user01","Intel(R) Core(TM) i5-8350U CPU @ 1.70GHz","1","0xec","Dell Inc.","1.24.1","01/24/2022","Latitude 7490","intel_pstate","performance","no_turbo=0","2500000","6.8.0-139-generic","powercap, 1 package, domains: pkg core gpu/uncore dram"
2026-10-02T11:51:13Z,47A663DACFE97EB6,18.6,"user01","Intel(R) Core(TM) i5-8350U CPU @ 1.70GHz","1","0xec","Dell Inc.","1.24.1","01/24/2022","Latitude 7490","intel_pstate","performance","no_turbo=0","2500000","6.8.0-139-generic","powercap, 1 package, domains: pkg core gpu/uncore dram"
2026-10-02T11:51:27Z,FBD6889EB6F0CDD3,18.6,"user01","Intel(R) Core(TM) i5-8350U CPU @ 1.70GHz","1","0xec","Dell Inc.","1.24.1","01/24/2022","Latitude 7490","intel_pstate","performance","no_turbo=0","2500000","6.8.0-139-generic","powercap, 1 package, domains: pkg core gpu/uncore dram"
2026-10-02T11:52:46Z,1227EEF0DDE5653B,18.6,"user01","Intel(R) Core(TM) i5-8350U CPU @ 1.70GHz","1","0xec","Dell Inc.","1.24.1","01/24/2022","Latitude 7490","intel_pstate","performance","no_turbo=0","2500000","6.8.0-139-generic","powercap, 1 package, domains: pkg core gpu/uncore dram"
2026-10-02T11:52:59Z,4B8C54DAD154C86B,18.6,"user01","Intel(R) Core(TM) i5-8350U CPU @ 1.70GHz","1","0xec","Dell Inc.","1.24.1","01/24/2022","Latitude 7490","intel_pstate","performance","no_turbo=0","2500000","6.8.0-139-generic","powercap, 1 package, domains: pkg core gpu/uncore dram"
2026-10-02T11:53:52Z,14041194952EF257,18.6,"user01","Intel(R) Core(TM) i5-8350U CPU @ 1.70GHz","1","0xec","Dell Inc.","1.24.1","01/24/2022","Latitude 7490","intel_pstate","performance","no_turbo=0","2500000","6.8.0-139-generic","powercap, 1 package, domains: pkg core gpu/uncore dram"
2026-10-02T11:54:04Z,8F9898000F38AA7C,18.6,"user01","Intel(R) Core(TM) i5-8350U CPU @ 1.70GHz","1","0xec","Dell Inc.","1.24.1","01/24/2022","Latitude 7490","intel_pstate","performance","no_turbo=0","2500000","6.8.0-139-generic","powercap, 1 package, domains: pkg core gpu/uncore dram"
2026-10-02T11:54:25Z,A1E5FCFCA163123A,18.6,"user01","Intel(R) Core(TM) i5-8350U CPU @ 1.70GHz","1","0xec","Dell Inc.","1.24.1","01/24/2022","Latitude 7490","intel_pstate","performance","no_turbo=0","2500000","6.8.0-139-generic","powercap, 1 package, domains: pkg core gpu/uncore dram"
2026-10-02T11:54:36Z,A7E75BB5F44DDCE9,18.6,"user01","Intel(R) Core(TM) i5-8350U CPU @ 1.70GHz","1","0xec","Dell Inc.","1.24.1","01/24/2022","Latitude 7490","intel_pstate","performance","no_turbo=0","2500000","6.8.0-139-generic","powercap, 1 package, domains: pkg core gpu/uncore dram"
2026-10-02T11:55:48Z,3D0B7DB7E55C0F7A,18.6,"user01","Intel(R) Core(TM) i5-8350U CPU @ 1.70GHz","1","0xec","Dell Inc.","1.24.1","01/24/2022","Latitude 7490","intel_pstate","performance","no_turbo=0","2500000","6.8.0-139-generic","powercap, 1 package, domains: pkg core gpu/uncore dram"
2026-10-02T11:56:18Z,6035117739CD4917,18.6,"user01","Intel(R) Core(TM) i5-8350U CPU @ 1.70GHz","1","0xec","Dell Inc.","1.24.1","01/24/2022","Latitude 7490","intel_pstate","performance","no_turbo=0","2500000","6.8.0-139-generic","powercap, 1 package, domains: pkg core gpu/uncore dram"
2026-10-02T11:56:30Z,09CD253E3B936851,18.6,"user01","Intel(R) Core(TM) i5-8350U CPU @ 1.70GHz","1","0xec","Dell Inc.","1.24.1","01/24/2022","Latitude 7490","intel_pstate","performance","no_turbo=0","2500000","6.8.0-139-generic","powercap, 1 package, domains: pkg core gpu/uncore dram"
2026-10-02T11:57:09Z,A269D0559E2E0F68,18.6,"user01","Intel(R) Core(TM) i5-8350U CPU @ 1.70GHz","1","0xec","Dell Inc.","1.24.1","01/24/2022","Latitude 7490","intel_pstate","performance","no_turbo=0","2500000","6.8.0-139-generic","powercap, 1 package, domains: pkg core gpu/uncore dram"
2026-10-02T11:57:38Z,B530B58D017B0C62,18.6,"user01","Intel(R) Core(TM) i5-8350U CPU @ 1.70GHz","1","0xec","Dell Inc.","1.24.1","01/24/2022","Latitude 7490","intel_pstate","performance","no_turbo=0","2500000","6.8.0-139-generic","powercap, 1 package, domains: pkg core gpu/uncore dram"
2026-10-02T11:58:09Z,569E4D9C2E40B81A,18.6,"user01","Intel(R) Core(TM) i5-8350U CPU @ 1.70GHz","1","0xec","Dell Inc.","1.24.1","01/24/2022","Latitude 7490","intel_pstate","performance","no_turbo=0","2500000","6.8.0-139-generic","powercap, 1 package, domains: pkg core gpu/uncore dram"
2026-10-02T11:58:52Z,87EC9A1D4C44453F,18.6,"user01","Intel(R) Core(TM) i5-8350U CPU @ 1.70GHz","1","0xec","Dell Inc.","1.24.1","01/24/2022","Latitude 7490","intel_pstate","performance","no_turbo=0","2500000","6.8.0-139-generic","powercap, 1 package, domains: pkg core gpu/uncore dram"
2026-10-02T11:59:11Z,531A503FD029B4FA,18.6,"user01","Intel(R) Core(TM) i5-8350U CPU @ 1.70GHz","1","0xec","Dell Inc.","1.24.1","01/24/2022","Latitude 7490","intel_pstate","performance","no_turbo=0","2500000","6.8.0-139-generic","powercap, 1 package, domains: pkg core gpu/uncore dram"
2026-10-02T11:59:21Z,F67F7C4BEEDAF3B3,18.6,"user01","Intel(R) Core(TM) i5-8350U CPU @ 1.70GHz","1","0xec","Dell Inc.","1.24.1","01/24/2022","Latitude 7490","intel_pstate","performance","no_turbo=0","2500000","6.8.0-139-generic","powercap, 1 package, domains: pkg core gpu/uncore dram"
2026-10-02T11:59:39Z,21C765D55C750632,18.6,"user01","Intel(R) Core(TM) i5-8350U CPU @ 1.70GHz","1","0xec","Dell Inc.","1.24.1","01/24/2022","Latitude 7490","intel_pstate","performance","no_turbo=0","2500000","6.8.0-139-generic","powercap, 1 package, domains: pkg core gpu/uncore dram"
2026-10-02T12:00:16Z,2EC6D2F8C9C67F30,18.6,"user01","Intel(R) Core(TM) i5-8350U CPU @ 1.70GHz","1","0xec","Dell Inc.","1.24.1","01/24/2022","Latitude 7490","intel_pstate","performance","no_turbo=0","2500000","6.8.0-139-generic","powercap, 1 package, domains: pkg core gpu/uncore dram"
2026-10-02T12:01:09Z,CA89295E2CD8D4AD,18.6,"user01","Intel(R) Core(TM) i5-8350U CPU @ 1.70GHz","1","0xec","Dell Inc.","1.24.1","01/24/2022","Latitude 7490","intel_pstate","performance","no_turbo=0","2500000","6.8.0-139-generic","powercap, 1 package, domains: pkg core gpu/uncore dram"
2026-10-02T12:01:24Z,5E3FC8B16D79386B,18.6,"user01","Intel(R) Core(TM) i5-8350U CPU @ 1.70GHz","1","0xec","Dell Inc.","1.24.1","01/24/2022","Latitude 7490","intel_pstate","performance","no_turbo=0","2500000","6.8.0-139-generic","powercap, 1 package, domains: pkg core gpu/uncore dram"
2026-10-02T12:01:42Z,9A20F576652653A2,18.6,"user01","Intel(R) Core(TM) i5-8350U CPU @ 1.70GHz","1","0xec","Dell Inc.","1.24.1","01/24/2022","Latitude 7490","intel_pstate","performance","no_turbo=0","2500000","6.8.0-139-generic","powercap, 1 package, domains: pkg core gpu/uncore dram"
2026-10-02T12:03:00Z,6908DB88C80EA44F,18.6,"user01","Intel(R) Core(TM) i5-8350U CPU @ 1.70GHz","1","0xec","Dell Inc.","1.24.1","01/24/2022","Latitude 7490","intel_pstate","performance","no_turbo=0","2500000","6.8.0-139-generic","powercap, 1 package, domains: pkg core gpu/uncore dram"
2026-10-02T12:03:59Z,8D2E1D9CF5E9DEC4,18.6,"user01","Intel(R) Core(TM) i5-8350U CPU @ 1.70GHz","1","0xec","Dell Inc.","1.24.1","01/24/2022","Latitude 7490","intel_pstate","performance","no_turbo=0","2500000","6.8.0-139-generic","powercap, 1 package, domains: pkg core gpu/uncore dram"
2026-10-02T12:05:05Z,B722FDD4870CA6AC,18.6,"user01","Intel(R) Core(TM) i5-8350U CPU @ 1.70GHz","1","0xec","Dell Inc.","1.24.1","01/24/2022","Latitude 7490","intel_pstate","performance","no_turbo=0","2500000","6.8.0-139-generic","powercap, 1 package, domains: pkg core gpu/uncore dram"
2026-10-02T12:05:30Z,A6257793EBDCCCE6,18.6,"user01","Intel(R) Core(TM) i5-8350U CPU @ 1.70GHz","1","0xec","Dell Inc.","1.24.1","01/24/2022","Latitude 7490","intel_pstate","performance","no_turbo=0","2500000","6.8.0-139-generic","powercap, 1 package, domains: pkg core gpu/uncore dram"
2026-10-02T12:07:02Z,063199D3C0C2C128,18.6,"user01","Intel(R) Core(TM) i5-8350U CPU @ 1.70GHz","1","0xec","Dell Inc.","1.24.1","01/24/2022","Latitude 7490","intel_pstate","performance","no_turbo=0","2500000","6.8.0-139-generic","powercap, 1 package, domains: pkg core gpu/uncore dram"
2026-10-02T12:08:25Z,7FB5738FE48B7205,18.6,"user01","Intel(R) Core(TM) i5-8350U CPU @ 1.70GHz","1","0xec","Dell Inc.","1.24.1","01/24/2022","Latitude 7490","intel_pstate","performance","no_turbo=0","2500000","6.8.0-139-generic","powercap, 1 package, domains: pkg core gpu/uncore dram"
2026-10-02T12:08:42Z,FF0C3032E959430C,18.6,"user01","Intel(R) Core(TM) i5-8350U CPU @ 1.70GHz","1","0xec","Dell Inc.","1.24.1","01/24/2022","Latitude 7490","intel_pstate","performance","no_turbo=0","2500000","6.8.0-139-generic","powercap, 1 package, domains: pkg core gpu/uncore dram"
2026-10-02T12:09:37Z,E7E41740681A8BA5,18.6,"user01","Intel(R) Core(TM) i5-8350U CPU @ 1.70GHz","1","0xec","Dell Inc.","1.24.1","01/24/2022","Latitude 7490","intel_pstate","performance","no_turbo=0","2500000","6.8.0-139-generic","powercap, 1 package, domains: pkg core gpu/uncore dram"
2026-10-02T12:11:35Z,C27BBABF4657AF6D,18.6,"user01","Intel(R) Core(TM) i5-8350U CPU @ 1.70GHz","1","0xec","Dell Inc.","1.24.1","01/24/2022","Latitude 7490","intel_pstate","performance","no_turbo=0","2500000","6.8.0-139-generic","powercap, 1 package, domains: pkg core gpu/uncore dram"
2026-10-02T12:11:46Z,BD76C03A90178C6B,18.6,"user01","Intel(R) Core(TM) i5-8350U CPU @ 1.70GHz","1","0xec","Dell Inc.","1.24.1","01/24/2022","Latitude 7490","intel_pstate","performance","no_turbo=0","2500000","6.8.0-139-generic","powercap, 1 package, domains: pkg core gpu/uncore dram"
2026-10-02T12:13:06Z,0254C25B813DDCAD,18.6,"user01","Intel(R) Core(TM) i5-8350U CPU @ 1.70GHz","1","0xec","Dell Inc.","1.24.1","01/24/2022","Latitude 7490","intel_pstate","performance","no_turbo=0","2500000","6.8.0-139-generic","powercap, 1 package, domains: pkg core gpu/uncore dram"
2026-10-02T12:13:45Z,F1AF66F37A73BD24,18.6,"user01","Intel(R) Core(TM) i5-8350U CPU @ 1.70GHz","1","0xec","Dell Inc.","1.24.1","01/24/2022","Latitude 7490","intel_pstate","performance","no_turbo=0","2500000","6.8.0-139-generic","powercap, 1 package, domains: pkg core gpu/uncore dram"
2026-10-02T12:13:59Z,6616F450B9DBDF9E,18.6,"user01","Intel(R) Core(TM) i5-8350U CPU @ 1.70GHz","1","0xec","Dell Inc.","1.24.1","01/24/2022","Latitude 7490","intel_pstate","performance","no_turbo=0","2500000","6.8.0-139-generic","powercap, 1 package, domains: pkg core gpu/uncore dram"
2026-10-02T12:14:16Z,BD7DB3E9A17ECCC6,18.6,"user01","Intel(R) Core(TM) i5-8350U CPU @ 1.70GHz","1","0xec","Dell Inc.","1.24.1","01/24/2022","Latitude 7490","intel_pstate","performance","no_turbo=0","2500000","6.8.0-139-generic","powercap, 1 package, domains: pkg core gpu/uncore dram"
2026-10-02T12:14:41Z,471F6BEF029E4C16,18.6,"user01","Intel(R) Core(TM) i5-8350U CPU @ 1.70GHz","1","0xec","Dell Inc.","1.24.1","01/24/2022","Latitude 7490","intel_pstate","performance","no_turbo=0","2500000","6.8.0-139-generic","powercap, 1 package, domains: pkg core gpu/uncore dram"
2026-10-02T12:15:05Z,5F6D417B8067358F,18.6,"user01","Intel(R) Core(TM) i5-8350U CPU @ 1.70GHz","1","0xec","Dell Inc.","1.24.1","01/24/2022","Latitude 7490","intel_pstate","performance","no_turbo=0","2500000","6.8.0-139-generic","powercap, 1 package, domains: pkg core gpu/uncore dram"
2026-10-02T12:15:47Z,B61A84AE7206D93F,18.6,"user01","Intel(R) Core(TM) i5-8350U CPU @ 1.70GHz","1","0xec","Dell Inc.","1.24.1","01/24/2022","Latitude 7490","intel_pstate","performance","no_turbo=0","2500000","6.8.0-139-generic","powercap, 1 package, domains: pkg core gpu/uncore dram"
2026-10-02T12:16:02Z,1A8A10923102DAC6,18.6,"user01","Intel(R) Core(TM) i5-8350U CPU @ 1.70GHz","1","0xec","Dell Inc.","1.24.1","01/24/2022","Latitude 7490","intel_pstate","performance","no_turbo=0","2500000","6.8.0-139-generic","powercap, 1 package, domains: pkg core gpu/uncore dram"
2026-10-02T12:17:16Z,515BBE19F024011A,18.6,"user01","Intel(R) Core(TM) i5-8350U CPU @ 1.70GHz","1","0xec","Dell Inc.","1.24.1","01/24/2022","Latitude 7490","intel_pstate","performance","no_turbo=0","2500000","6.8.0-139-generic","powercap, 1 package, domains: pkg core gpu/uncore dram"
2026-10-02T12:18:31Z,33A4F9E55BC08255,18.6,"user01","Intel(R) Core(TM) i5-8350U CPU @ 1.70GHz","1","0xec","Dell Inc.","1.24.1","01/24/2022","Latitude 7490","intel_pstate","performance","no_turbo=0","2500000","6.8.0-139-generic","powercap, 1 package, domains: pkg core gpu/uncore dram"
2026-10-02T12:18:53Z,B6D55A1F19A850BE,18.6,"user01","Intel(R) Core(TM) i5-8350U CPU @ 1.70GHz","1","0xec","Dell Inc.","1.24.1","01/24/2022","Latitude 7490","intel_pstate","performance","no_turbo=0","2500000","6.8.0-139-generic","powercap, 1 package, domains: pkg core gpu/uncore dram"
2026-10-02T12:19:45Z,1654E9A87A79AA2C,18.6,"user01","Intel(R) Core(TM) i5-8350U CPU @ 1.70GHz","1","0xec","Dell Inc.","1.24.1","01/24/2022","Latitude 7490","intel_pstate","performance","no_turbo=0","2500000","6.8.0-139-generic","powercap, 1 package, domains: pkg core gpu/uncore dram"
2026-10-02T12:20:22Z,59A4EEFD44433713,18.6,"user01","Intel(R) Core(TM) i5-8350U CPU @ 1.70GHz","1","0xec","Dell Inc.","1.24.1","01/24/2022","Latitude 7490","intel_pstate","performance","no_turbo=0","2500000","6.8.0-139-generic","powercap, 1 package, domains: pkg core gpu/uncore dram"
2026-10-02T12:20:36Z,B9451BC613C3676B,18.6,"user01","Intel(R) Core(TM) i5-8350U CPU @ 1.70GHz","1","0xec","Dell Inc.","1.24.1","01/24/2022","Latitude 7490","intel_pstate","performance","no_turbo=0","2500000","6.8.0-139-generic","powercap, 1 package, domains: pkg core gpu/uncore dram"
2026-10-02T12:21:15Z,785F76D32FC51BB8,18.6,"user01","Intel(R) Core(TM) i5-8350U CPU @ 1.70GHz","1","0xec","Dell Inc.","1.24.1","01/24/2022","Latitude 7490","intel_pstate","performance","no_turbo=0","2500000","6.8.0-139-generic","powercap, 1 package, domains: pkg core gpu/uncore dram"
2026-10-02T12:21:27Z,588F4E021D126FAC,18.6,"user01","Intel(R) Core(TM) i5-8350U CPU @ 1.70GHz","1","0xec","Dell Inc.","1.24.1","01/24/2022","Latitude 7490","intel_pstate","performance","no_turbo=0","2500000","6.8.0-139-generic","powercap, 1 package, domains: pkg core gpu/uncore dram"
2026-10-02T12:21:39Z,B8B23225F2E1B72D,18.6,"user01","Intel(R) Core(TM) i5-8350U CPU @ 1.70GHz","1","0xec","Dell Inc.","1.24.1","01/24/2022","Latitude 7490","intel_pstate","performance","no_turbo=0","2500000","6.8.0-139-generic","powercap, 1 package, domains: pkg core gpu/uncore dram"
2026-10-02T12:22:13Z,C070DE6491406AD1,18.6,"user01","Intel(R) Core(TM) i5-8350U CPU @ 1.70GHz","1","0xec","Dell Inc.","1.24.1","01/24/2022","Latitude 7490","intel_pstate","performance","no_turbo=0","2500000","6.8.0-139-generic","powercap, 1 package, domains: pkg core gpu/uncore dram"
2026-10-02T12:22:41Z,5E64F73CE9985C26,18.6,"user01","Intel(R) Core(TM) i5-8350U CPU @ 1.70GHz","1","0xec","Dell Inc.","1.24.1","01/24/2022","Latitude 7490","intel_pstate","performance","no_turbo=0","2500000","6.8.0-139-generic","powercap, 1 package, domains: pkg core gpu/uncore dram"
2026-10-02T12:23:22Z,D4E9A99C777CAF2F,18.6,"user01","Intel(R) Core(TM) i5-8350U CPU @ 1.70GHz","1","0xec","Dell Inc.","1.24.1","01/24/2022","Latitude 7490","intel_pstate","performance","no_turbo=0","2500000","6.8.0-139-generic","powercap, 1 package, domains: pkg core gpu/uncore dram"
2026-10-02T12:23:34Z,DE19B6AC849945E4,18.6,"user01","Intel(R) Core(TM) i5-8350U CPU @ 1.70GHz","1","0xec","Dell Inc.","1.24.1","01/24/2022","Latitude 7490","intel_pstate","performance","no_turbo=0","2500000","6.8.0-139-generic","powercap, 1 package, domains: pkg core gpu/uncore dram"
2026-10-02T12:24:20Z,64147E1B18B2949A,18.6,"user01","Intel(R) Core(TM) i5-8350U CPU @ 1.70GHz","1","0xec","Dell Inc.","1.24.1","01/24/2022","Latitude 7490","intel_pstate","performance","no_turbo=0","2500000","6.8.0-139-generic","powercap, 1 package, domains: pkg core gpu/uncore dram"
2026-10-02T12:25:23Z,E38AE4B74456DADB,18.6,"user01","Intel(R) Core(TM) i5-8350U CPU @ 1.70GHz","1","0xec","Dell Inc.","1.24.1","01/24/2022","Latitude 7490","intel_pstate","performance","no_turbo=0","2500000","6.8.0-139-generic","powercap, 1 package, domains: pkg core gpu/uncore dram"
2026-10-02T12:25:42Z,E3F3DC5B2088A065,18.6,"user01","Intel(R) Core(TM) i5-8350U CPU @ 1.70GHz","1","0xec","Dell Inc.","1.24.1","01/24/2022","Latitude 7490","intel_pstate","performance","no_turbo=0","2500000","6.8.0-139-generic","powercap, 1 package, domains: pkg core gpu/uncore dram"
2026-10-02T12:27:18Z,6D82A694F0DC56F2,18.6,"user01","Intel(R) Core(TM) i5-8350U CPU @ 1.70GHz","1","0xec","Dell Inc.","1.24.1","01/24/2022","Latitude 7490","intel_pstate","performance","no_turbo=0","2500000","6.8.0-139-generic","powercap, 1 package, domains: pkg core gpu/uncore dram"
2026-10-02T12:27:35Z,93EE5DFC7951E7A9,18.6,"user01","Intel(R) Core(TM) i5-8350U CPU @ 1.70GHz","1","0xec","Dell Inc.","1.24.1","01/24/2022","Latitude 7490","intel_pstate","performance","no_turbo=0","2500000","6.8.0-139-generic","powercap, 1 package, domains: pkg core gpu/uncore dram"
2026-10-02T12:28:18Z,5ED164AA4DB428E7,18.6,"user01","Intel(R) Core(TM) i5-8350U CPU @ 1.70GHz","1","0xec","Dell Inc.","1.24.1","01/24/2022","Latitude 7490","intel_pstate","performance","no_turbo=0","2500000","6.8.0-139-generic","powercap, 1 package, domains: pkg core gpu/uncore dram"
2026-10-02T12:28:47Z,40B72E5C05078E5C,18.6,"user01","Intel(R) Core(TM) i5-8350U CPU @ 1.70GHz","1","0xec","Dell Inc.","1.24.1","01/24/2022","Latitude 7490","intel_pstate","performance","no_turbo=0","2500000","6.8.0-139-generic","powercap, 1 package, domains: pkg core gpu/uncore dram"
2026-10-02T12:29:09Z,29DA77652C076305,18.6,"user01","Intel(R) Core(TM) i5-8350U CPU @ 1.70GHz","1","0xec","Dell Inc.","1.24.1","01/24/2022","Latitude 7490","intel_pstate","performance","no_turbo=0","2500000","6.8.0-139-generic","powercap, 1 package, domains: pkg core gpu/uncore dram"
2026-10-02T12:30:05Z,4F68C74BA30C189B,18.6,"user01","Intel(R) Core(TM) i5-8350U CPU @ 1.70GHz","1","0xec","Dell Inc.","1.24.1","01/24/2022","Latitude 7490","intel_pstate","performance","no_turbo=0","2500000","6.8.0-139-generic","powercap, 1 package, domains: pkg core gpu/uncore dram"
2026-10-02T12:30:16Z,FD5E38D96D4D6903,18.6,"user01","Intel(R) Core(TM) i5-8350U CPU @ 1.70GHz","1","0xec","Dell Inc.","1.24.1","01/24/2022","Latitude 7490","intel_pstate","performance","no_turbo=0","2500000","6.8.0-139-generic","powercap, 1 package, domains: pkg core gpu/uncore dram"
2026-10-02T12:31:35Z,50758701CCE69D57,18.6,"user01","Intel(R) Core(TM) i5-8350U CPU @ 1.70GHz","1","0xec","Dell Inc.","1.24.1","01/24/2022","Latitude 7490","intel_pstate","performance","no_turbo=0","2500000","6.8.0-139-generic","powercap, 1 package, domains: pkg core gpu/uncore dram"
2026-10-02T12:31:53Z,233014BB643E2CE8,18.6,"user01","Intel(R) Core(TM) i5-8350U CPU @ 1.70GHz","1","0xec","Dell Inc.","1.24.1","01/24/2022","Latitude 7490","intel_pstate","performance","no_turbo=0","2500000","6.8.0-139-generic","powercap, 1 package, domains: pkg core gpu/uncore dram"
2026-10-02T12:32:48Z,4014E645CF8D69F2,18.6,"user01","Intel(R) Core(TM) i5-8350U CPU @ 1.70GHz","1","0xec","Dell Inc.","1.24.1","01/24/2022","Latitude 7490","intel_pstate","performance","no_turbo=0","2500000","6.8.0-139-generic","powercap, 1 package, domains: pkg core gpu/uncore dram"
2026-10-02T12:33:29Z,A22FAABC87727A8C,18.6,"user01","Intel(R) Core(TM) i5-8350U CPU @ 1.70GHz","1","0xec","Dell Inc.","1.24.1","01/24/2022","Latitude 7490","intel_pstate","performance","no_turbo=0","2500000","6.8.0-139-generic","powercap, 1 package, domains: pkg core gpu/uncore dram"
2026-10-02T12:33:40Z,D590D1D71E2DA9D6,18.6,"user01","Intel(R) Core(TM) i5-8350U CPU @ 1.70GHz","1","0xec","Dell Inc.","1.24.1","01/24/2022","Latitude 7490","intel_pstate","performance","no_turbo=0","2500000","6.8.0-139-generic","powercap, 1 package, domains: pkg core gpu/uncore dram"
2026-10-02T12:33:51Z,49AD4D924E39ED22,18.6,"user01","Intel(R) Core(TM) i5-8350U CPU @ 1.70GHz","1","0xec","Dell Inc.","1.24.1","01/24/2022","Latitude 7490","intel_pstate","performance","no_turbo=0","2500000","6.8.0-139-generic","powercap, 1 package, domains: pkg core gpu/uncore dram"
2026-10-02T12:35:28Z,68090A986C2D462B,18.6,"user01","Intel(R) Core(TM) i5-8350U CPU @ 1.70GHz","1","0xec","Dell Inc.","1.24.1","01/24/2022","Latitude 7490","intel_pstate","performance","no_turbo=0","2500000","6.8.0-139-generic","powercap, 1 package, domains: pkg core gpu/uncore dram"
2026-10-02T12:36:06Z,7F2BA9DDCF15C53F,18.6,"user01","Intel(R) Core(TM) i5-8350U CPU @ 1.70GHz","1","0xec","Dell Inc.","1.24.1","01/24/2022","Latitude 7490","intel_pstate","performance","no_turbo=0","2500000","6.8.0-139-generic","powercap, 1 package, domains: pkg core gpu/uncore dram"
2026-10-02T12:36:44Z,1745ECDDFE5183E9,18.6,"user01","Intel(R) Core(TM) i5-8350U CPU @ 1.70GHz","1","0xec","Dell Inc.","1.24.1","01/24/2022","Latitude 7490","intel_pstate","performance","no_turbo=0","2500000","6.8.0-139-generic","powercap, 1 package, domains: pkg core gpu/uncore dram"
2026-10-02T12:37:36Z,F25B9FD2E2D43566,18.6,"user01","Intel(R) Core(TM) i5-8350U CPU @ 1.70GHz","1","0xec","Dell Inc.","1.24.1","01/24/2022","Latitude 7490","intel_pstate","performance","no_turbo=0","2500000","6.8.0-139-generic","powercap, 1 package, domains: pkg core gpu/uncore dram"
2026-10-02T12:37:47Z,04146714D7209803,18.6,"user01","Intel(R) Core(TM) i5-8350U CPU @ 1.70GHz","1","0xec","Dell Inc.","1.24.1","01/24/2022","Latitude 7490","intel_pstate","performance","no_turbo=0","2500000","6.8.0-139-generic","powercap, 1 package, domains: pkg core gpu/uncore dram"
2026-10-02T12:37:59Z,D4885CF124927E8B,18.6,"user01","Intel(R) Core(TM) i5-8350U CPU @ 1.70GHz","1","0xec","Dell Inc.","1.24.1","01/24/2022","Latitude 7490","intel_pstate","performance","no_turbo=0","2500000","6.8.0-139-generic","powercap, 1 package, domains: pkg core gpu/uncore dram"
2026-10-02T12:38:24Z,9E20C8A1B065EF04,18.6,"user01","Intel(R) Core(TM) i5-8350U CPU @ 1.70GHz","1","0xec","Dell Inc.","1.24.1","01/24/2022","Latitude 7490","intel_pstate","performance","no_turbo=0","2500000","6.8.0-139-generic","powercap, 1 package, domains: pkg core gpu/uncore dram"
2026-10-02T12:39:01Z,8B51EE3C9B7947B2,18.6,"user01","Intel(R) Core(TM) i5-8350U CPU @ 1.70GHz","1","0xec","Dell Inc.","1.24.1","01/24/2022","Latitude 7490","intel_pstate","performance","no_turbo=0","2500000","6.8.0-139-generic","powercap, 1 package, domains: pkg core gpu/uncore dram"
2026-10-02T12:40:14Z,D8F4A486E7988834,18.6,"user01","Intel(R) Core(TM) i5-8350U CPU @ 1.70GHz","1","0xec","Dell Inc.","1.24.1","01/24/2022","Latitude 7490","intel_pstate","performance","no_turbo=0","2500000","6.8.0-139-generic","powercap, 1 package, domains: pkg core gpu/uncore dram"
2026-10-02T12:40:46Z,546A7A194EE21A55,18.6,"user01","Intel(R) Core(TM) i5-8350U CPU @ 1.70GHz","1","0xec","Dell Inc.","1.24.1","01/24/2022","Latitude 7490","intel_pstate","performance","no_turbo=0","2500000","6.8.0-139-generic","powercap, 1 package, domains: pkg core gpu/uncore dram"
2026-10-02T12:41:01Z,B92D10B95DC467C0,18.6,"user01","Intel(R) Core(TM) i5-8350U CPU @ 1.70GHz","1","0xec","Dell Inc.","1.24.1","01/24/2022","Latitude 7490","intel_pstate","performance","no_turbo=0","2500000","6.8.0-139-generic","powercap, 1 package, domains: pkg core gpu/uncore dram"
2026-10-02T12:41:15Z,A4EE2DC0F388EBDE,18.6,"user01","Intel(R) Core(TM) i5-8350U CPU @ 1.70GHz","1","0xec","Dell Inc.","1.24.1","01/24/2022","Latitude 7490","intel_pstate","performance","no_turbo=0","2500000","6.8.0-139-generic","powercap, 1 package, domains: pkg core gpu/uncore dram"
2026-10-02T12:41:34Z,CAA54A296D2412E9,18.6,"user01","Intel(R) Core(TM) i5-8350U CPU @ 1.70GHz","1","0xec","Dell Inc.","1.24.1","01/24/2022","Latitude 7490","intel_pstate","performance","no_turbo=0","2500000","6.8.0-139-generic","powercap, 1 package, domains: pkg core gpu/uncore dram"
2026-10-02T12:41:46Z,E606F5F10BBDEAB7,18.6,"user01","Intel(R) Core(TM) i5-8350U CPU @ 1.70GHz","1","0xec","Dell Inc.","1.24.1","01/24/2022","Latitude 7490","intel_pstate","performance","no_turbo=0","2500000","6.8.0-139-generic","powercap, 1 package, domains: pkg core gpu/uncore dram"
2026-10-02T12:42:40Z,A721A40B7EC2B9E3,18.6,"user01","Intel(R) Core(TM) i5-8350U CPU @ 1.70GHz","1","0xec","Dell Inc.","1.24.1","01/24/2022","Latitude 7490","intel_pstate","performance","no_turbo=0","2500000","6.8.0-139-generic","powercap, 1 package, domains: pkg core gpu/uncore dram"
2026-10-02T12:43:55Z,91B53AE067F6D481,18.6,"user01","Intel(R) Core(TM) i5-8350U CPU @ 1.70GHz","1","0xec","Dell Inc.","1.24.1","01/24/2022","Latitude 7490","intel_pstate","performance","no_turbo=0","2500000","6.8.0-139-generic","powercap, 1 package, domains: pkg core gpu/uncore dram"
2026-10-02T12:44:12Z,EA6BB91C49DC410C,18.6,"user01","Intel(R) Core(TM) i5-8350U CPU @ 1.70GHz","1","0xec","Dell Inc.","1.24.1","01/24/2022","Latitude 7490","intel_pstate","performance","no_turbo=0","2500000","6.8.0-139-generic","powercap, 1 package, domains: pkg core gpu/uncore dram"
2026-10-02T12:44:40Z,59D5D60770135FBE,18.6,"user01","Intel(R) Core(TM) i5-8350U CPU @ 1.70GHz","1","0xec","Dell Inc.","1.24.1","01/24/2022","Latitude 7490","intel_pstate","performance","no_turbo=0","2500000","6.8.0-139-generic","powercap, 1 package, domains: pkg core gpu/uncore dram"
2026-10-02T12:45:54Z,1CFD79D4E4B49C6C,18.6,"user01","Intel(R) Core(TM) i5-8350U CPU @ 1.70GHz","1","0xec","Dell Inc.","1.24.1","01/24/2022","Latitude 7490","intel_pstate","performance","no_turbo=0","2500000","6.8.0-139-generic","powercap, 1 package, domains: pkg core gpu/uncore dram"
2026-10-02T12:46:07Z,F4696422E2D85B69,18.6,"user01","Intel(R) Core(TM) i5-8350U CPU @ 1.70GHz","1","0xec","Dell Inc.","1.24.1","01/24/2022","Latitude 7490","intel_pstate","performance","no_turbo=0","2500000","6.8.0-139-generic","powercap, 1 package, domains: pkg core gpu/uncore dram"
2026-10-02T12:46:41Z,2EFF0832243661C2,18.6,"user01","Intel(R) Core(TM) i5-8350U CPU @ 1.70GHz","1","0xec","Dell Inc.","1.24.1","01/24/2022","Latitude 7490","intel_pstate","performance","no_turbo=0","2500000","6.8.0-139-generic","powercap, 1 package, domains: pkg core gpu/uncore dram"
2026-10-02T12:47:40Z,2DB22475172D26E1,18.6,"user01","Intel(R) Core(TM) i5-8350U CPU @ 1.70GHz","1","0xec","Dell Inc.","1.24.1","01/24/2022","Latitude 7490","intel_pstate","performance","no_turbo=0","2500000","6.8.0-139-generic","powercap, 1 package, domains: pkg core gpu/uncore dram"
2026-10-02T12:49:03Z,B16C238F49EC8769,18.6,"user01","Intel(R) Core(TM) i5-8350U CPU @ 1.70GHz","1","0xec","Dell Inc.","1.24.1","01/24/2022","Latitude 7490","intel_pstate","performance","no_turbo=0","2500000","6.8.0-139-generic","powercap, 1 package, domains: pkg core gpu/uncore dram"
2026-10-02T12:49:13Z,FD89F33F207B444F,18.6,"user01","Intel(R) Core(TM) i5-8350U CPU @ 1.70GHz","1","0xec","Dell Inc.","1.24.1","01/24/2022","Latitude 7490","intel_pstate","performance","no_turbo=0","2500000","6.8.0-139-generic","powercap, 1 package, domains: pkg core gpu/uncore dram"
2026-10-02T12:50:44Z,CAF4B09581457867,18.6,"user01","Intel(R) Core(TM) i5-8350U CPU @ 1.70GHz","1","0xec","Dell Inc.","1.24.1","01/24/2022","Latitude 7490","intel_pstate","performance","no_turbo=0","2500000","6.8.0-139-generic","powercap, 1 package, domains: pkg core gpu/uncore dram"
2026-10-02T12:51:01Z,C854A4AF70E2A50C,18.6,"user01","Intel(R) Core(TM) i5-8350U CPU @ 1.70GHz","1","0xec","Dell Inc.","1.24.1","01/24/2022","Latitude 7490","intel_pstate","performance","no_turbo=0","2500000","6.8.0-139-generic","powercap, 1 package, domains: pkg core gpu/uncore dram"
2026-10-02T12:51:26Z,44D83585B8D31E1A,18.6,"user01","Intel(R) Core(TM) i5-8350U CPU @ 1.70GHz","1","0xec","Dell Inc.","1.24.1","01/24/2022","Latitude 7490","intel_pstate","performance","no_turbo=0","2500000","6.8.0-139-generic","powercap, 1 package, domains: pkg core gpu/uncore dram"
2026-10-02T12:51:41Z,F68F7EB241A0230B,18.6,"user01","Intel(R) Core(TM) i5-8350U CPU @ 1.70GHz","1","0xec","Dell Inc.","1.24.1","01/24/2022","Latitude 7490","intel_pstate","performance","no_turbo=0","2500000","6.8.0-139-generic","powercap, 1 package, domains: pkg core gpu/uncore dram"
2026-10-02T12:52:11Z,F90EA6FB8ED79C23,18.6,"user01","Intel(R) Core(TM) i5-8350U CPU @ 1.70GHz","1","0xec","Dell Inc.","1.24.1","01/24/2022","Latitude 7490","intel_pstate","performance","no_turbo=0","2500000","6.8.0-139-generic","powercap, 1 package, domains: pkg core gpu/uncore dram"
2026-10-02T12:53:17Z,776E5F94346FA6A4,18.6,"user01","Intel(R) Core(TM) i5-8350U CPU @ 1.70GHz","1","0xec","Dell Inc.","1.24.1","01/24/2022","Latitude 7490","intel_pstate","performance","no_turbo=0","2500000","6.8.0-139-generic","powercap, 1 package, domains: pkg core gpu/uncore dram"
2026-10-02T12:54:19Z,3884C2FC7085B204,18.6,"user01","Intel(R) Core(TM) i5-8350U CPU @ 1.70GHz","1","0xec","Dell Inc.","1.24.1","01/24/2022","Latitude 7490","intel_pstate","performance","no_turbo=0","2500000","6.8.0-139-generic","powercap, 1 package, domains: pkg core gpu/uncore dram"
2026-10-02T12:55:40Z,C5A881A6740728DD,18.6,"user01","Intel(R) Core(TM) i5-8350U CPU @ 1.70GHz","1","0xec","Dell Inc.","1.24.1","01/24/2022","Latitude 7490","intel_pstate","performance","no_turbo=0","2500000","6.8.0-139-generic","powercap, 1 package, domains: pkg core gpu/uncore dram"
2026-10-02T12:55:58Z,80CC78EFC8634863,18.6,"user01","Intel(R) Core(TM) i5-8350U CPU @ 1.70GHz","1","0xec","Dell Inc.","1.24.1","01/24/2022","Latitude 7490","intel_pstate","performance","no_turbo=0","2500000","6.8.0-139-generic","powercap, 1 package, domains: pkg core gpu/uncore dram"
2026-10-02T12:56:37Z,60C09D289736D354,18.6,"user01","Intel(R) Core(TM) i5-8350U CPU @ 1.70GHz","1","0xec","Dell Inc.","1.24.1","01/24/2022","Latitude 7490","intel_pstate","performance","no_turbo=0","2500000","6.8.0-139-generic","powercap, 1 package, domains: pkg core gpu/uncore dram"
2026-10-02T12:56:59Z,38B384BC5A316B29,18.6,"user01","Intel(R) Core(TM) i5-8350U CPU @ 1.70GHz","1","0xec","Dell Inc.","1.24.1","01/24/2022","Latitude 7490","intel_pstate","performance","no_turbo=0","2500000","6.8.0-139-generic","powercap, 1 package, domains: pkg core gpu/uncore dram"
2026-10-02T12:57:25Z,272071DA986AE7BB,18.6,"user01","Intel(R) Core(TM) i5-8350U CPU @ 1.70GHz","1","0xec","Dell Inc.","1.24.1","01/24/2022","Latitude 7490","intel_pstate","performance","no_turbo=0","2500000","6.8.0-139-generic","powercap, 1 package, domains: pkg core gpu/uncore dram"
2026-10-02T12:59:22Z,02007838D88D2769,18.6,"user01","Intel(R) Core(TM) i5-8350U CPU @ 1.70GHz","1","0xec","Dell Inc.","1.24.1","01/24/2022","Latitude 7490","intel_pstate","performance","no_turbo=0","2500000","6.8.0-139-generic","powercap, 1 package, domains: pkg core gpu/uncore dram"
2026-10-02T13:00:04Z,A9BBE68CCCE0E255,18.6,"user01","Intel(R) Core(TM) i5-8350U CPU @ 1.70GHz","1","0xec","Dell Inc.","1.24.1","01/24/2022","Latitude 7490","intel_pstate","performance","no_turbo=0","2500000","6.8.0-139-generic","powercap, 1 package, domains: pkg core gpu/uncore dram"
2026-10-02T13:00:16Z,CE15EE3614449896,18.6,"user01","Intel(R) Core(TM) i5-8350U CPU @ 1.70GHz","1","0xec","Dell Inc.","1.24.1","01/24/2022","Latitude 7490","intel_pstate","performance","no_turbo=0","2500000","6.8.0-139-generic","powercap, 1 package, domains: pkg core gpu/uncore dram"
2026-10-02T13:00:55Z,955311F3D06939AD,18.6,"user01","Intel(R) Core(TM) i5-8350U CPU @ 1.70GHz","1","0xec","Dell Inc.","1.24.1","01/24/2022","Latitude 7490","intel_pstate","performance","no_turbo=0","2500000","6.8.0-139-generic","powercap, 1 package, domains: pkg core gpu/uncore dram"
2026-10-02T13:01:42Z,09C3C0FFC10C0D55,18.6,"user01","Intel(R) Core(TM) i5-8350U CPU @ 1.70GHz","1","0xec","Dell Inc.","1.24.1","01/24/2022","Latitude 7490","intel_pstate","performance","no_turbo=0","2500000","6.8.0-139-generic","powercap, 1 package, domains: pkg core gpu/uncore dram"
2026-10-02T13:01:56Z,1D89BE147B83DE46,18.6,"user01","Intel(R) Core(TM) i5-8350U CPU @ 1.70GHz","1","0xec","Dell Inc.","1.24.1","01/24/2022","Latitude 7490","intel_pstate","performance","no_turbo=0","2500000","6.8.0-139-generic","powercap, 1 package, domains: pkg core gpu/uncore dram"
2026-10-02T13:02:21Z,F4D19AEBC9906F54,18.6,"user01","Intel(R) Core(TM) i5-8350U CPU @ 1.70GHz","1","0xec","Dell Inc.","1.24.1","01/24/2022","Latitude 7490","intel_pstate","performance","no_turbo=0","2500000","6.8.0-139-generic","powercap, 1 package, domains: pkg core gpu/uncore dram"
2026-10-02T13:02:34Z,EB5B0A5F5A1EA996,18.6,"user01","Intel(R) Core(TM) i5-8350U CPU @ 1.70GHz","1","0xec","Dell Inc.","1.24.1","01/24/2022","Latitude 7490","intel_pstate","performance","no_turbo=0","2500000","6.8.0-139-generic","powercap, 1 package, domains: pkg core gpu/uncore dram"
2026-10-02T13:03:37Z,CA988F3D8E7CA075,18.6,"user01","Intel(R) Core(TM) i5-8350U CPU @ 1.70GHz","1","0xec","Dell Inc.","1.24.1","01/24/2022","Latitude 7490","intel_pstate","performance","no_turbo=0","2500000","6.8.0-139-generic","powercap, 1 package, domains: pkg core gpu/uncore dram"
2026-10-02T13:04:31Z,3D93906999BA3D9A,18.6,"user01","Intel(R) Core(TM) i5-8350U CPU @ 1.70GHz","1","0xec","Dell Inc.","1.24.1","01/24/2022","Latitude 7490","intel_pstate","performance","no_turbo=0","2500000","6.8.0-139-generic","powercap, 1 package, domains: pkg core gpu/uncore dram"
2026-10-02T13:04:42Z,FD378F92AC6B9302,18.6,"user01","Intel(R) Core(TM) i5-8350U CPU @ 1.70GHz","1","0xec","Dell Inc.","1.24.1","01/24/2022","Latitude 7490","intel_pstate","performance","no_turbo=0","2500000","6.8.0-139-generic","powercap, 1 package, domains: pkg core gpu/uncore dram"
2026-10-02T13:05:04Z,86F8AE6697887CFE,18.6,"user01","Intel(R) Core(TM) i5-8350U CPU @ 1.70GHz","1","0xec","Dell Inc.","1.24.1","01/24/2022","Latitude 7490","intel_pstate","performance","no_turbo=0","2500000","6.8.0-139-generic","powercap, 1 package, domains: pkg core gpu/uncore dram"
2026-10-02T13:05:46Z,32C71A571E0079C6,18.6,"user01","Intel(R) Core(TM) i5-8350U CPU @ 1.70GHz","1","0xec","Dell Inc.","1.24.1","01/24/2022","Latitude 7490","intel_pstate","performance","no_turbo=0","2500000","6.8.0-139-generic","powercap, 1 package, domains: pkg core gpu/uncore dram"
2026-10-02T13:06:01Z,B738DFFD8FDBF8C8,18.6,"user01","Intel(R) Core(TM) i5-8350U CPU @ 1.70GHz","1","0xec","Dell Inc.","1.24.1","01/24/2022","Latitude 7490","intel_pstate","performance","no_turbo=0","2500000","6.8.0-139-generic","powercap, 1 package, domains: pkg core gpu/uncore dram"
2026-10-02T13:06:26Z,4938349E2D854538,18.6,"user01","Intel(R) Core(TM) i5-8350U CPU @ 1.70GHz","1","0xec","Dell Inc.","1.24.1","01/24/2022","Latitude 7490","intel_pstate","performance","no_turbo=0","2500000","6.8.0-139-generic","powercap, 1 package, domains: pkg core gpu/uncore dram"
2026-10-02T13:07:46Z,C4DCEBF05A06E2EE,18.6,"user01","Intel(R) Core(TM) i5-8350U CPU @ 1.70GHz","1","0xec","Dell Inc.","1.24.1","01/24/2022","Latitude 7490","intel_pstate","performance","no_turbo=0","2500000","6.8.0-139-generic","powercap, 1 package, domains: pkg core gpu/uncore dram"
2026-10-02T13:08:39Z,D792EECBF936DB91,18.6,"user01","Intel(R) Core(TM) i5-8350U CPU @ 1.70GHz","1","0xec","Dell Inc.","1.24.1","01/24/2022","Latitude 7490","intel_pstate","performance","no_turbo=0","2500000","6.8.0-139-generic","powercap, 1 package, domains: pkg core gpu/uncore dram"
2026-10-02T13:10:11Z,5240463FF82A25F0,18.6,"user01","Intel(R) Core(TM) i5-8350U CPU @ 1.70GHz","1","0xec","Dell Inc.","1.24.1","01/24/2022","Latitude 7490","intel_pstate","performance","no_turbo=0","2500000","6.8.0-139-generic","powercap, 1 package, domains: pkg core gpu/uncore dram"
2026-10-02T13:10:28Z,5188DFF7FDB84512,18.6,"user01","Intel(R) Core(TM) i5-8350U CPU @ 1.70GHz","1","0xec","Dell Inc.","1.24.1","01/24/2022","Latitude 7490","intel_pstate","performance","no_turbo=0","2500000","6.8.0-139-generic","powercap, 1 package, domains: pkg core gpu/uncore dram"
2026-10-02T13:12:26Z,B4C63529E3048C2D,18.6,"user01","Intel(R) Core(TM) i5-8350U CPU @ 1.70GHz","1","0xec","Dell Inc.","1.24.1","01/24/2022","Latitude 7490","intel_pstate","performance","no_turbo=0","2500000","6.8.0-139-generic","powercap, 1 package, domains: pkg core gpu/uncore dram"
2026-10-02T13:13:13Z,1758174EFFD82D1C,18.6,"user01","Intel(R) Core(TM) i5-8350U CPU @ 1.70GHz","1","0xec","Dell Inc.","1.24.1","01/24/2022","Latitude 7490","intel_pstate","performance","no_turbo=0","2500000","6.8.0-139-generic","powercap, 1 package, domains: pkg core gpu/uncore dram"
2026-10-02T13:13:30Z,8D1E2E68C972E7B8,18.6,"user01","Intel(R) Core(TM) i5-8350U CPU @ 1.70GHz","1","0xec","Dell Inc.","1.24.1","01/24/2022","Latitude 7490","intel_pstate","performance","no_turbo=0","2500000","6.8.0-139-generic","powercap, 1 package, domains: pkg core gpu/uncore dram"
2026-10-02T13:14:48Z,E7F18E798F01FB6E,18.6,"user01","Intel(R) Core(TM) i5-8350U CPU @ 1.70GHz","1","0xec","Dell Inc.","1.24.1","01/24/2022","Latitude 7490","intel_pstate","performance","no_turbo=0","2500000","6.8.0-139-generic","powercap, 1 package, domains: pkg core gpu/uncore dram"
2026-10-02T13:15:42Z,2266FD0427BCA559,18.6,"user01","Intel(R) Core(TM) i5-8350U CPU @ 1.70GHz","1","0xec","Dell Inc.","1.24.1","01/24/2022","Latitude 7490","intel_pstate","performance","no_turbo=0","2500000","6.8.0-139-generic","powercap, 1 package, domains: pkg core gpu/uncore dram"
2026-10-02T13:16:37Z,5CA3FFC81BA81640,18.6,"user01","Intel(R) Core(TM) i5-8350U CPU @ 1.70GHz","1","0xec","Dell Inc.","1.24.1","01/24/2022","Latitude 7490","intel_pstate","performance","no_turbo=0","2500000","6.8.0-139-generic","powercap, 1 package, domains: pkg core gpu/uncore dram"
2026-10-02T13:17:14Z,04E05D22597EB749,18.6,"user01","Intel(R) Core(TM) i5-8350U CPU @ 1.70GHz","1","0xec","Dell Inc.","1.24.1","01/24/2022","Latitude 7490","intel_pstate","performance","no_turbo=0","2500000","6.8.0-139-generic","powercap, 1 package, domains: pkg core gpu/uncore dram"
2026-10-02T13:17:43Z,3C03323FD5973CD0,18.6,"user01","Intel(R) Core(TM) i5-8350U CPU @ 1.70GHz","1","0xec","Dell Inc.","1.24.1","01/24/2022","Latitude 7490","intel_pstate","performance","no_turbo=0","2500000","6.8.0-139-generic","powercap, 1 package, domains: pkg core gpu/uncore dram"
2026-10-02T13:18:11Z,32DB73EE51CE9D3A,18.6,"user01","Intel(R) Core(TM) i5-8350U CPU @ 1.70GHz","1","0xec","Dell Inc.","1.24.1","01/24/2022","Latitude 7490","intel_pstate","performance","no_turbo=0","2500000","6.8.0-139-generic","powercap, 1 package, domains: pkg core gpu/uncore dram"
2026-10-02T13:18:23Z,91ABF97791477CC6,18.6,"user01","Intel(R) Core(TM) i5-8350U CPU @ 1.70GHz","1","0xec","Dell Inc.","1.24.1","01/24/2022","Latitude 7490","intel_pstate","performance","no_turbo=0","2500000","6.8.0-139-generic","powercap, 1 package, domains: pkg core gpu/uncore dram"
2026-10-02T13:18:41Z,DBDB52361FF6C79D,18.6,"user01","Intel(R) Core(TM) i5-8350U CPU @ 1.70GHz","1","0xec","Dell Inc.","1.24.1","01/24/2022","Latitude 7490","intel_pstate","performance","no_turbo=0","2500000","6.8.0-139-generic","powercap, 1 package, domains: pkg core gpu/uncore dram"
2026-10-02T13:18:53Z,1724A847CB689344,18.6,"user01","Intel(R) Core(TM) i5-8350U CPU @ 1.70GHz","1","0xec","Dell Inc.","1.24.1","01/24/2022","Latitude 7490","intel_pstate","performance","no_turbo=0","2500000","6.8.0-139-generic","powercap, 1 package, domains: pkg core gpu/uncore dram"
2026-10-02T13:19:30Z,9898B54B016C3BBD,18.6,"user01","Intel(R) Core(TM) i5-8350U CPU @ 1.70GHz","1","0xec","Dell Inc.","1.24.1","01/24/2022","Latitude 7490","intel_pstate","performance","no_turbo=0","2500000","6.8.0-139-generic","powercap, 1 package, domains: pkg core gpu/uncore dram"
2026-10-02T13:21:06Z,29C852B094B284AA,18.6,"user01","Intel(R) Core(TM) i5-8350U CPU @ 1.70GHz","1","0xec","Dell Inc.","1.24.1","01/24/2022","Latitude 7490","intel_pstate","performance","no_turbo=0","2500000","6.8.0-139-generic","powercap, 1 package, domains: pkg core gpu/uncore dram"
2026-10-02T13:21:23Z,C559659B258601CB,18.6,"user01","Intel(R) Core(TM) i5-8350U CPU @ 1.70GHz","1","0xec","Dell Inc.","1.24.1","01/24/2022","Latitude 7490","intel_pstate","performance","no_turbo=0","2500000","6.8.0-139-generic","powercap, 1 package, domains: pkg core gpu/uncore dram"
2026-10-02T13:22:38Z,76AB0FC6F22B5748,18.6,"user01","Intel(R) Core(TM) i5-8350U CPU @ 1.70GHz","1","0xec","Dell Inc.","1.24.1","01/24/2022","Latitude 7490","intel_pstate","performance","no_turbo=0","2500000","6.8.0-139-generic","powercap, 1 package, domains: pkg core gpu/uncore dram"
2026-10-02T13:23:21Z,298FC57B1BD67B96,18.6,"user01","Intel(R) Core(TM) i5-8350U CPU @ 1.70GHz","1","0xec","Dell Inc.","1.24.1","01/24/2022","Latitude 7490","intel_pstate","performance","no_turbo=0","2500000","6.8.0-139-generic","powercap, 1 package, domains: pkg core gpu/uncore dram"
2026-10-02T13:23:32Z,B935F3E9792EBE1D,18.6,"user01","Intel(R) Core(TM) i5-8350U CPU @ 1.70GHz","1","0xec","Dell Inc.","1.24.1","01/24/2022","Latitude 7490","intel_pstate","performance","no_turbo=0","2500000","6.8.0-139-generic","powercap, 1 package, domains: pkg core gpu/uncore dram"
2026-10-02T13:24:06Z,A5BAC7974A7937E6,18.6,"user01","Intel(R) Core(TM) i5-8350U CPU @ 1.70GHz","1","0xec","Dell Inc.","1.24.1","01/24/2022","Latitude 7490","intel_pstate","performance","no_turbo=0","2500000","6.8.0-139-generic","powercap, 1 package, domains: pkg core gpu/uncore dram"
2026-10-02T13:24:44Z,012D74A6C963646B,18.6,"user01","Intel(R) Core(TM) i5-8350U CPU @ 1.70GHz","1","0xec","Dell Inc.","1.24.1","01/24/2022","Latitude 7490","intel_pstate","performance","no_turbo=0","2500000","6.8.0-139-generic","powercap, 1 package, domains: pkg core gpu/uncore dram"
2026-10-02T13:25:43Z,FA314CF522440281,18.6,"user01","Intel(R) Core(TM) i5-8350U CPU @ 1.70GHz","1","0xec","Dell Inc.","1.24.1","01/24/2022","Latitude 7490","intel_pstate","performance","no_turbo=0","2500000","6.8.0-139-generic","powercap, 1 package, domains: pkg core gpu/uncore dram"
2026-10-02T13:27:06Z,89E89627F3508749,18.6,"user01","Intel(R) Core(TM) i5-8350U CPU @ 1.70GHz","1","0xec","Dell Inc.","1.24.1","01/24/2022","Latitude 7490","intel_pstate","performance","no_turbo=0","2500000","6.8.0-139-generic","powercap, 1 package, domains: pkg core gpu/uncore dram"
2026-10-02T13:27:45Z,A236C8DC9EBFA1FC,18.6,"user01","Intel(R) Core(TM) i5-8350U CPU @ 1.70GHz","1","0xec","Dell Inc.","1.24.1","01/24/2022","Latitude 7490","intel_pstate","performance","no_turbo=0","2500000","6.8.0-139-generic","powercap, 1 package, domains: pkg core gpu/uncore dram"
2026-10-02T13:27:59Z,1D9136D7D1122200,18.6,"user01","Intel(R) Core(TM) i5-8350U CPU @ 1.70GHz","1","0xec","Dell Inc.","1.24.1","01/24/2022","Latitude 7490","intel_pstate","performance","no_turbo=0","2500000","6.8.0-139-generic","powercap, 1 package, domains: pkg core gpu/uncore dram"
2026-10-02T13:28:10Z,9793169312D0C90D,18.6,"user01","Intel(R) Core(TM) i5-8350U CPU @ 1.70GHz","1","0xec","Dell Inc.","1.24.1","01/24/2022","Latitude 7490","intel_pstate","performance","no_turbo=0","2500000","6.8.0-139-generic","powercap, 1 package, domains: pkg core gpu/uncore dram"
2026-10-02T13:28:39Z,0CED2CE809657DF1,18.6,"user01","Intel(R) Core(TM) i5-8350U CPU @ 1.70GHz","1","0xec","Dell Inc.","1.24.1","01/24/2022","Latitude 7490","intel_pstate","performance","no_turbo=0","2500000","6.8.0-139-generic","powercap, 1 package, domains: pkg core gpu/uncore dram"
2026-10-02T13:28:58Z,9B2E709E316A684E,18.6,"user01","Intel(R) Core(TM) i5-8350U CPU @ 1.70GHz","1","0xec","Dell Inc.","1.24.1","01/24/2022","Latitude 7490","intel_pstate","performance","no_turbo=0","2500000","6.8.0-139-generic","powercap, 1 package, domains: pkg core gpu/uncore dram"
2026-10-02T13:29:12Z,8CB9BA17C3C0278B,18.6,"user01","Intel(R) Core(TM) i5-8350U CPU @ 1.70GHz","1","0xec","Dell Inc.","1.24.1","01/24/2022","Latitude 7490","intel_pstate","performance","no_turbo=0","2500000","6.8.0-139-generic","powercap, 1 package, domains: pkg core gpu/uncore dram"
2026-10-02T13:29:34Z,C49A30A3004DACF2,18.6,"user01","Intel(R) Core(TM) i5-8350U CPU @ 1.70GHz","1","0xec","Dell Inc.","1.24.1","01/24/2022","Latitude 7490","intel_pstate","performance","no_turbo=0","2500000","6.8.0-139-generic","powercap, 1 package, domains: pkg core gpu/uncore dram"
2026-10-02T13:30:16Z,80951EA67EBDE33C,18.6,"user01","Intel(R) Core(TM) i5-8350U CPU @ 1.70GHz","1","0xec","Dell Inc.","1.24.1","01/24/2022","Latitude 7490","intel_pstate","performance","no_turbo=0","2500000","6.8.0-139-generic","powercap, 1 package, domains: pkg core gpu/uncore dram"
2026-10-02T13:30:26Z,ADBA956ADF1FAA14,18.6,"user01","Intel(R) Core(TM) i5-8350U CPU @ 1.70GHz","1","0xec","Dell Inc.","1.24.1","01/24/2022","Latitude 7490","intel_pstate","performance","no_turbo=0","2500000","6.8.0-139-generic","powercap, 1 package, domains: pkg core gpu/uncore dram"
2026-10-02T13:30:58Z,589BA46D70C2C10D,18.6,"user01","Intel(R) Core(TM) i5-8350U CPU @ 1.70GHz","1","0xec","Dell Inc.","1.24.1","01/24/2022","Latitude 7490","intel_pstate","performance","no_turbo=0","2500000","6.8.0-139-generic","powercap, 1 package, domains: pkg core gpu/uncore dram"
2026-10-02T13:31:16Z,91B0548D35A64BCE,18.6,"user01","Intel(R) Core(TM) i5-8350U CPU @ 1.70GHz","1","0xec","Dell Inc.","1.24.1","01/24/2022","Latitude 7490","intel_pstate","performance","no_turbo=0","2500000","6.8.0-139-generic","powercap, 1 package, domains: pkg core gpu/uncore dram"
2026-10-02T13:32:22Z,8361677C9CFF683B,18.6,"user01","Intel(R) Core(TM) i5-8350U CPU @ 1.70GHz","1","0xec","Dell Inc.","1.24.1","01/24/2022","Latitude 7490","intel_pstate","performance","no_turbo=0","2500000","6.8.0-139-generic","powercap, 1 package, domains: pkg core gpu/uncore dram"
2026-10-02T13:32:47Z,27A91EC61908AE67,18.6,"user01","Intel(R) Core(TM) i5-8350U CPU @ 1.70GHz","1","0xec","Dell Inc.","1.24.1","01/24/2022","Latitude 7490","intel_pstate","performance","no_turbo=0","2500000","6.8.0-139-generic","powercap, 1 package, domains: pkg core gpu/uncore dram"
2026-10-02T13:33:27Z,00D331529EDC8762,18.6,"user01","Intel(R) Core(TM) i5-8350U CPU @ 1.70GHz","1","0xec","Dell Inc.","1.24.1","01/24/2022","Latitude 7490","intel_pstate","performance","no_turbo=0","2500000","6.8.0-139-generic","powercap, 1 package, domains: pkg core gpu/uncore dram"
2026-10-02T13:33:41Z,2E9D5E9D9257E779,18.6,"user01","Intel(R) Core(TM) i5-8350U CPU @ 1.70GHz","1","0xec","Dell Inc.","1.24.1","01/24/2022","Latitude 7490","intel_pstate","performance","no_turbo=0","2500000","6.8.0-139-generic","powercap, 1 package, domains: pkg core gpu/uncore dram"
2026-10-02T13:33:53Z,19AA840B7FD5661F,18.6,"user01","Intel(R) Core(TM) i5-8350U CPU @ 1.70GHz","1","0xec","Dell Inc.","1.24.1","01/24/2022","Latitude 7490","intel_pstate","performance","no_turbo=0","2500000","6.8.0-139-generic","powercap, 1 package, domains: pkg core gpu/uncore dram"
2026-10-02T13:35:07Z,3533F857434E40BA,18.6,"user01","Intel(R) Core(TM) i5-8350U CPU @ 1.70GHz","1","0xec","Dell Inc.","1.24.1","01/24/2022","Latitude 7490","intel_pstate","performance","no_turbo=0","2500000","6.8.0-139-generic","powercap, 1 package, domains: pkg core gpu/uncore dram"
2026-10-02T13:35:19Z,B99C554D43A90756,18.6,"user01","Intel(R) Core(TM) i5-8350U CPU @ 1.70GHz","1","0xec","Dell Inc.","1.24.1","01/24/2022","Latitude 7490","intel_pstate","performance","no_turbo=0","2500000","6.8.0-139-generic","powercap, 1 package, domains: pkg core gpu/uncore dram"
2026-10-02T13:36:32Z,86580C063F026D70,18.6,"user01","Intel(R) Core(TM) i5-8350U CPU @ 1.70GHz","1","0xec","Dell Inc.","1.24.1","01/24/2022","Latitude 7490","intel_pstate","performance","no_turbo=0","2500000","6.8.0-139-generic","powercap, 1 package, domains: pkg core gpu/uncore dram"
2026-10-02T13:36:51Z,881C732B700F4513,18.6,"user01","Intel(R) Core(TM) i5-8350U CPU @ 1.70GHz","1","0xec","Dell Inc.","1.24.1","01/24/2022","Latitude 7490","intel_pstate","performance","no_turbo=0","2500000","6.8.0-139-generic","powercap, 1 package, domains: pkg core gpu/uncore dram"
2026-10-02T13:38:21Z,F2C1C90B162E236E,18.6,"user01","Intel(R) Core(TM) i5-8350U CPU @ 1.70GHz","1","0xec","Dell Inc.","1.24.1","01/24/2022","Latitude 7490","intel_pstate","performance","no_turbo=0","2500000","6.8.0-139-generic","powercap, 1 package, domains: pkg core gpu/uncore dram"
2026-10-02T13:39:03Z,97EF5E950A7DA261,18.6,"user01","Intel(R) Core(TM) i5-8350U CPU @ 1.70GHz","1","0xec","Dell Inc.","1.24.1","01/24/2022","Latitude 7490","intel_pstate","performance","no_turbo=0","2500000","6.8.0-139-generic","powercap, 1 package, domains: pkg core gpu/uncore dram"
2026-10-02T13:39:21Z,68EA70055542F147,18.6,"user01","Intel(R) Core(TM) i5-8350U CPU @ 1.70GHz","1","0xec","Dell Inc.","1.24.1","01/24/2022","Latitude 7490","intel_pstate","performance","no_turbo=0","2500000","6.8.0-139-generic","powercap, 1 package, domains: pkg core gpu/uncore dram"
2026-10-02T13:39:39Z,AD2BA7EBB2B859E9,18.6,"user01","Intel(R) Core(TM) i5-8350U CPU @ 1.70GHz","1","0xec","Dell Inc.","1.24.1","01/24/2022","Latitude 7490","intel_pstate","performance","no_turbo=0","2500000","6.8.0-139-generic","powercap, 1 package, domains: pkg core gpu/uncore dram"
2026-10-02T13:40:33Z,2029BB5F4FE193A9,18.6,"user01","Intel(R) Core(TM) i5-8350U CPU @ 1.70GHz","1","0xec","Dell Inc.","1.24.1","01/24/2022","Latitude 7490","intel_pstate","performance","no_turbo=0","2500000","6.8.0-139-generic","powercap, 1 package, domains: pkg core gpu/uncore dram"
2026-10-02T13:41:10Z,34A33E69D8FEF0ED,18.6,"user01","Intel(R) Core(TM) i5-8350U CPU @ 1.70GHz","1","0xec","Dell Inc.","1.24.1","01/24/2022","Latitude 7490","intel_pstate","performance","no_turbo=0","2500000","6.8.0-139-generic","powercap, 1 package, domains: pkg core gpu/uncore dram"
2026-10-02T13:41:21Z,3902BCDCEDB3B963,18.6,"user01","Intel(R) Core(TM) i5-8350U CPU @ 1.70GHz","1","0xec","Dell Inc.","1.24.1","01/24/2022","Latitude 7490","intel_pstate","performance","no_turbo=0","2500000","6.8.0-139-generic","powercap, 1 package, domains: pkg core gpu/uncore dram"
2026-10-02T13:42:00Z,78556F6FC8265A6C,18.6,"user01","Intel(R) Core(TM) i5-8350U CPU @ 1.70GHz","1","0xec","Dell Inc.","1.24.1","01/24/2022","Latitude 7490","intel_pstate","performance","no_turbo=0","2500000","6.8.0-139-generic","powercap, 1 package, domains: pkg core gpu/uncore dram"
2026-10-02T13:43:19Z,BE090B10C1E68701,18.6,"user01","Intel(R) Core(TM) i5-8350U CPU @ 1.70GHz","1","0xec","Dell Inc.","1.24.1","01/24/2022","Latitude 7490","intel_pstate","performance","no_turbo=0","2500000","6.8.0-139-generic","powercap, 1 package, domains: pkg core gpu/uncore dram"
2026-10-02T13:43:44Z,F84F155E29EEB207,18.6,"user01","Intel(R) Core(TM) i5-8350U CPU @ 1.70GHz","1","0xec","Dell Inc.","1.24.1","01/24/2022","Latitude 7490","intel_pstate","performance","no_turbo=0","2500000","6.8.0-139-generic","powercap, 1 package, domains: pkg core gpu/uncore dram"
2026-10-02T13:44:00Z,6B8252827046BC1D,18.6,"user01","Intel(R) Core(TM) i5-8350U CPU @ 1.70GHz","1","0xec","Dell Inc.","1.24.1","01/24/2022","Latitude 7490","intel_pstate","performance","no_turbo=0","2500000","6.8.0-139-generic","powercap, 1 package, domains: pkg core gpu/uncore dram"
2026-10-02T13:45:14Z,47B777AAF6AC2F88,18.6,"user01","Intel(R) Core(TM) i5-8350U CPU @ 1.70GHz","1","0xec","Dell Inc.","1.24.1","01/24/2022","Latitude 7490","intel_pstate","performance","no_turbo=0","2500000","6.8.0-139-generic","powercap, 1 package, domains: pkg core gpu/uncore dram"
2026-10-02T13:45:55Z,83C6236AA6F62BA4,18.6,"user01","Intel(R) Core(TM) i5-8350U CPU @ 1.70GHz","1","0xec","Dell Inc.","1.24.1","01/24/2022","Latitude 7490","intel_pstate","performance","no_turbo=0","2500000","6.8.0-139-generic","powercap, 1 package, domains: pkg core gpu/uncore dram"
2026-10-02T13:46:51Z,E77226EC903F4C02,18.6,"user01","Intel(R) Core(TM) i5-8350U CPU @ 1.70GHz","1","0xec","Dell Inc.","1.24.1","01/24/2022","Latitude 7490","intel_pstate","performance","no_turbo=0","2500000","6.8.0-139-generic","powercap, 1 package, domains: pkg core gpu/uncore dram"
2026-10-02T13:47:03Z,1855DE99CD80967B,18.6,"user01","Intel(R) Core(TM) i5-8350U CPU @ 1.70GHz","1","0xec","Dell Inc.","1.24.1","01/24/2022","Latitude 7490","intel_pstate","performance","no_turbo=0","2500000","6.8.0-139-generic","powercap, 1 package, domains: pkg core gpu/uncore dram"
2026-10-02T13:47:14Z,45340DC824B047E4,18.6,"user01","Intel(R) Core(TM) i5-8350U CPU @ 1.70GHz","1","0xec","Dell Inc.","1.24.1","01/24/2022","Latitude 7490","intel_pstate","performance","no_turbo=0","2500000","6.8.0-139-generic","powercap, 1 package, domains: pkg core gpu/uncore dram"
2026-10-02T13:48:07Z,34A63764FF67ED6B,18.6,"user01","Intel(R) Core(TM) i5-8350U CPU @ 1.70GHz","1","0xec","Dell Inc.","1.24.1","01/24/2022","Latitude 7490","intel_pstate","performance","no_turbo=0","2500000","6.8.0-139-generic","powercap, 1 package, domains: pkg core gpu/uncore dram"
2026-10-02T13:48:24Z,593C51786B65A749,18.6,"user01","Intel(R) Core(TM) i5-8350U CPU @ 1.70GHz","1","0xec","Dell Inc.","1.24.1","01/24/2022","Latitude 7490","intel_pstate","performance","no_turbo=0","2500000","6.8.0-139-generic","powercap, 1 package, domains: pkg core gpu/uncore dram"
2026-10-02T13:48:36Z,4F128858B2638B5F,18.6,"user01","Intel(R) Core(TM) i5-8350U CPU @ 1.70GHz","1","0xec","Dell Inc.","1.24.1","01/24/2022","Latitude 7490","intel_pstate","performance","no_turbo=0","2500000","6.8.0-139-generic","powercap, 1 package, domains: pkg core gpu/uncore dram"
2026-10-02T13:49:14Z,05E6A9A68FBEF8BF,18.6,"user01","Intel(R) Core(TM) i5-8350U CPU @ 1.70GHz","1","0xec","Dell Inc.","1.24.1","01/24/2022","Latitude 7490","intel_pstate","performance","no_turbo=0","2500000","6.8.0-139-generic","powercap, 1 package, domains: pkg core gpu/uncore dram"
2026-10-02T13:49:51Z,35FF5673794D425E,18.6,"user01","Intel(R) Core(TM) i5-8350U CPU @ 1.70GHz","1","0xec","Dell Inc.","1.24.1","01/24/2022","Latitude 7490","intel_pstate","performance","no_turbo=0","2500000","6.8.0-139-generic","powercap, 1 package, domains: pkg core gpu/uncore dram"
2026-10-02T13:50:03Z,E1AE961A1E1AE181,18.6,"user01","Intel(R) Core(TM) i5-8350U CPU @ 1.70GHz","1","0xec","Dell Inc.","1.24.1","01/24/2022","Latitude 7490","intel_pstate","performance","no_turbo=0","2500000","6.8.0-139-generic","powercap, 1 package, domains: pkg core gpu/uncore dram"
2026-10-02T13:50:14Z,EAC0C610BD40DE95,18.6,"user01","Intel(R) Core(TM) i5-8350U CPU @ 1.70GHz","1","0xec","Dell Inc.","1.24.1","01/24/2022","Latitude 7490","intel_pstate","performance","no_turbo=0","2500000","6.8.0-139-generic","powercap, 1 package, domains: pkg core gpu/uncore dram"
2026-10-02T13:51:13Z,F3D9737CECFDFB1A,18.6,"user01","Intel(R) Core(TM) i5-8350U CPU @ 1.70GHz","1","0xec","Dell Inc.","1.24.1","01/24/2022","Latitude 7490","intel_pstate","performance","no_turbo=0","2500000","6.8.0-139-generic","powercap, 1 package, domains: pkg core gpu/uncore dram"
2026-10-02T13:52:04Z,FA30EDF68413C761,18.6,"user01","Intel(R) Core(TM) i5-8350U CPU @ 1.70GHz","1","0xec","Dell Inc.","1.24.1","01/24/2022","Latitude 7490","intel_pstate","performance","no_turbo=0","2500000","6.8.0-139-generic","powercap, 1 package, domains: pkg core gpu/uncore dram"
2026-10-02T13:52:32Z,809ABAC806D41AD1,18.6,"user01","Intel(R) Core(TM) i5-8350U CPU @ 1.70GHz","1","0xec","Dell Inc.","1.24.1","01/24/2022","Latitude 7490","intel_pstate","performance","no_turbo=0","2500000","6.8.0-139-generic","powercap, 1 package, domains: pkg core gpu/uncore dram"
2026-10-02T13:52:57Z,05C2320164A78C59,18.6,"user01","Intel(R) Core(TM) i5-8350U CPU @ 1.70GHz","1","0xec","Dell Inc.","1.24.1","01/24/2022","Latitude 7490","intel_pstate","performance","no_turbo=0","2500000","6.8.0-139-generic","powercap, 1 package, domains: pkg core gpu/uncore dram"
2026-10-02T13:53:13Z,A02AC43C020EC1AC,18.6,"user01","Intel(R) Core(TM) i5-8350U CPU @ 1.70GHz","1","0xec","Dell Inc.","1.24.1","01/24/2022","Latitude 7490","intel_pstate","performance","no_turbo=0","2500000","6.8.0-139-generic","powercap, 1 package, domains: pkg core gpu/uncore dram"
2026-10-02T13:53:44Z,5063ABAA1DEAF953,18.6,"user01","Intel(R) Core(TM) i5-8350U CPU @ 1.70GHz","1","0xec","Dell Inc.","1.24.1","01/24/2022","Latitude 7490","intel_pstate","performance","no_turbo=0","2500000","6.8.0-139-generic","powercap, 1 package, domains: pkg core gpu/uncore dram"
2026-10-02T13:53:59Z,7B99DB2A8C902647,18.6,"user01","Intel(R) Core(TM) i5-8350U CPU @ 1.70GHz","1","0xec","Dell Inc.","1.24.1","01/24/2022","Latitude 7490","intel_pstate","performance","no_turbo=0","2500000","6.8.0-139-generic","powercap, 1 package, domains: pkg core gpu/uncore dram"
2026-10-02T13:55:02Z,1F7DE43F2160B676,18.6,"user01","Intel(R) Core(TM) i5-8350U CPU @ 1.70GHz","1","0xec","Dell Inc.","1.24.1","01/24/2022","Latitude 7490","intel_pstate","performance","no_turbo=0","2500000","6.8.0-139-generic","powercap, 1 package, domains: pkg core gpu/uncore dram"
2026-10-02T13:56:19Z,D35F3D8D215C63C4,18.6,"user01","Intel(R) Core(TM) i5-8350U CPU @ 1.70GHz","1","0xec","Dell Inc.","1.24.1","01/24/2022","Latitude 7490","intel_pstate","performance","no_turbo=0","2500000","6.8.0-139-generic","powercap, 1 package, domains: pkg core gpu/uncore dram"
2026-10-02T13:56:40Z,B9116310BE6777D5,18.6,"user01","Intel(R) Core(TM) i5-8350U CPU @ 1.70GHz","1","0xec","Dell Inc.","1.24.1","01/24/2022","Latitude 7490","intel_pstate","performance","no_turbo=0","2500000","6.8.0-139-generic","powercap, 1 package, domains: pkg core gpu/uncore dram"
2026-10-02T13:56:53Z,4BB6EF81487684D2,18.6,"user01","Intel(R) Core(TM) i5-8350U CPU @ 1.70GHz","1","0xec","Dell Inc.","1.24.1","01/24/2022","Latitude 7490","intel_pstate","performance","no_turbo=0","2500000","6.8.0-139-generic","powercap, 1 package, domains: pkg core gpu/uncore dram"
2026-10-02T13:57:05Z,982215B5BD5083B7,18.6,"user01","Intel(R) Core(TM) i5-8350U CPU @ 1.70GHz","1","0xec","Dell Inc.","1.24.1","01/24/2022","Latitude 7490","intel_pstate","performance","no_turbo=0","2500000","6.8.0-139-generic","powercap, 1 package, domains: pkg core gpu/uncore dram"
2026-10-02T13:58:11Z,B5512DFA5F255EA2,18.6,"user01","Intel(R) Core(TM) i5-8350U CPU @ 1.70GHz","1","0xec","Dell Inc.","1.24.1","01/24/2022","Latitude 7490","intel_pstate","performance","no_turbo=0","2500000","6.8.0-139-generic","powercap, 1 package, domains: pkg core gpu/uncore dram"
2026-10-02T13:58:50Z,14C94419E409EC06,18.6,"user01","Intel(R) Core(TM) i5-8350U CPU @ 1.70GHz","1","0xec","Dell Inc.","1.24.1","01/24/2022","Latitude 7490","intel_pstate","performance","no_turbo=0","2500000","6.8.0-139-generic","powercap, 1 package, domains: pkg core gpu/uncore dram"
2026-10-02T13:59:32Z,32E68BB7068FD4AB,18.6,"user01","Intel(R) Core(TM) i5-8350U CPU @ 1.70GHz","1","0xec","Dell Inc.","1.24.1","01/24/2022","Latitude 7490","intel_pstate","performance","no_turbo=0","2500000","6.8.0-139-generic","powercap, 1 package, domains: pkg core gpu/uncore dram"
2026-10-02T14:01:09Z,E95DDF0851E16ED5,18.6,"user01","Intel(R) Core(TM) i5-8350U CPU @ 1.70GHz","1","0xec","Dell Inc.","1.24.1","01/24/2022","Latitude 7490","intel_pstate","performance","no_turbo=0","2500000","6.8.0-139-generic","powercap, 1 package, domains: pkg core gpu/uncore dram"
2026-10-02T14:01:30Z,E0F52E131C1BF16B,18.6,"user01","Intel(R) Core(TM) i5-8350U CPU @ 1.70GHz","1","0xec","Dell Inc.","1.24.1","01/24/2022","Latitude 7490","intel_pstate","performance","no_turbo=0","2500000","6.8.0-139-generic","powercap, 1 package, domains: pkg core gpu/uncore dram"
2026-10-02T14:01:47Z,5B14212C3B172833,18.6,"user01","Intel(R) Core(TM) i5-8350U CPU @ 1.70GHz","1","0xec","Dell Inc.","1.24.1","01/24/2022","Latitude 7490","intel_pstate","performance","no_turbo=0","2500000","6.8.0-139-generic","powercap, 1 package, domains: pkg core gpu/uncore dram"
2026-10-02T14:03:01Z,22AC27C043B9794B,18.6,"user01","Intel(R) Core(TM) i5-8350U CPU @ 1.70GHz","1","0xec","Dell Inc.","1.24.1","01/24/2022","Latitude 7490","intel_pstate","performance","no_turbo=0","2500000","6.8.0-139-generic","powercap, 1 package, domains: pkg core gpu/uncore dram"
2026-10-02T14:03:31Z,47735FDCD100D0B7,18.6,"user01","Intel(R) Core(TM) i5-8350U CPU @ 1.70GHz","1","0xec","Dell Inc.","1.24.1","01/24/2022","Latitude 7490","intel_pstate","performance","no_turbo=0","2500000","6.8.0-139-generic","powercap, 1 package, domains: pkg core gpu/uncore dram"
2026-10-02T14:04:05Z,7E410D87F3DD1746,18.6,"user01","Intel(R) Core(TM) i5-8350U CPU @ 1.70GHz","1","0xec","Dell Inc.","1.24.1","01/24/2022","Latitude 7490","intel_pstate","performance","no_turbo=0","2500000","6.8.0-139-generic","powercap, 1 package, domains: pkg core gpu/uncore dram"
2026-10-02T14:04:34Z,49E8C8623D482370,18.6,"user01","Intel(R) Core(TM) i5-8350U CPU @ 1.70GHz","1","0xec","Dell Inc.","1.24.1","01/24/2022","Latitude 7490","intel_pstate","performance","no_turbo=0","2500000","6.8.0-139-generic","powercap, 1 package, domains: pkg core gpu/uncore dram"
2026-10-02T14:06:30Z,EF1546319353D3CE,18.6,"user01","Intel(R) Core(TM) i5-8350U CPU @ 1.70GHz","1","0xec","Dell Inc.","1.24.1","01/24/2022","Latitude 7490","intel_pstate","performance","no_turbo=0","2500000","6.8.0-139-generic","powercap, 1 package, domains: pkg core gpu/uncore dram"
2026-10-02T14:06:45Z,341BBE89C6249FC4,18.6,"user01","Intel(R) Core(TM) i5-8350U CPU @ 1.70GHz","1","0xec","Dell Inc.","1.24.1","01/24/2022","Latitude 7490","intel_pstate","performance","no_turbo=0","2500000","6.8.0-139-generic","powercap, 1 package, domains: pkg core gpu/uncore dram"
2026-10-02T14:07:09Z,B922E63983A73529,18.6,"user01","Intel(R) Core(TM) i5-8350U CPU @ 1.70GHz","1","0xec","Dell Inc.","1.24.1","01/24/2022","Latitude 7490","intel_pstate","performance","no_turbo=0","2500000","6.8.0-139-generic","powercap, 1 package, domains: pkg core gpu/uncore dram"
2026-10-02T14:08:28Z,AEA63DBFBE50D60B,18.6,"user01","Intel(R) Core(TM) i5-8350U CPU @ 1.70GHz","1","0xec","Dell Inc.","1.24.1","01/24/2022","Latitude 7490","intel_pstate","performance","no_turbo=0","2500000","6.8.0-139-generic","powercap, 1 package, domains: pkg core gpu/uncore dram"
2026-10-02T14:09:51Z,E195A1A0D4D292F5,18.6,"user01","Intel(R) Core(TM) i5-8350U CPU @ 1.70GHz","1","0xec","Dell Inc.","1.24.1","01/24/2022","Latitude 7490","intel_pstate","performance","no_turbo=0","2500000","6.8.0-139-generic","powercap, 1 package, domains: pkg core gpu/uncore dram"
2026-10-02T14:10:01Z,6B7F78FF0C88876C,18.6,"user01","Intel(R) Core(TM) i5-8350U CPU @ 1.70GHz","1","0xec","Dell Inc.","1.24.1","01/24/2022","Latitude 7490","intel_pstate","performance","no_turbo=0","2500000","6.8.0-139-generic","powercap, 1 package, domains: pkg core gpu/uncore dram"
2026-10-02T14:10:48Z,F3A6F5BC30C20598,18.6,"user01","Intel(R) Core(TM) i5-8350U CPU @ 1.70GHz","1","0xec","Dell Inc.","1.24.1","01/24/2022","Latitude 7490","intel_pstate","performance","no_turbo=0","2500000","6.8.0-139-generic","powercap, 1 package, domains: pkg core gpu/uncore dram"
2026-10-02T14:11:02Z,E53BABB8937B984C,18.6,"user01","Intel(R) Core(TM) i5-8350U CPU @ 1.70GHz","1","0xec","Dell Inc.","1.24.1","01/24/2022","Latitude 7490","intel_pstate","performance","no_turbo=0","2500000","6.8.0-139-generic","powercap, 1 package, domains: pkg core gpu/uncore dram"
2026-10-02T14:11:19Z,15665C1E511E43FE,18.6,"user01","Intel(R) Core(TM) i5-8350U CPU @ 1.70GHz","1","0xec","Dell Inc.","1.24.1","01/24/2022","Latitude 7490","intel_pstate","performance","no_turbo=0","2500000","6.8.0-139-generic","powercap, 1 package, domains: pkg core gpu/uncore dram"
2026-10-02T14:12:06Z,871FD3FA78AEF53B,18.6,"user01","Intel(R) Core(TM) i5-8350U CPU @ 1.70GHz","1","0xec","Dell Inc.","1.24.1","01/24/2022","Latitude 7490","intel_pstate","performance","no_turbo=0","2500000","6.8.0-139-generic","powercap, 1 package, domains: pkg core gpu/uncore dram"
2026-10-02T14:12:35Z,0E0E5DEA3191FA8E,18.6,"user01","Intel(R) Core(TM) i5-8350U CPU @ 1.70GHz","1","0xec","Dell Inc.","1.24.1","01/24/2022","Latitude 7490","intel_pstate","performance","no_turbo=0","2500000","6.8.0-139-generic","powercap, 1 package, domains: pkg core gpu/uncore dram"
2026-10-02T14:13:33Z,51C49D3F97AD18D3,18.6,"user01","Intel(R) Core(TM) i5-8350U CPU @ 1.70GHz","1","0xec","Dell Inc.","1.24.1","01/24/2022","Latitude 7490","intel_pstate","performance","no_turbo=0","2500000","6.8.0-139-generic","powercap, 1 package, domains: pkg core gpu/uncore dram"
2026-10-02T14:14:14Z,8437BBAFFF943BD7,18.6,"user01","Intel(R) Core(TM) i5-8350U CPU @ 1.70GHz","1","0xec","Dell Inc.","1.24.1","01/24/2022","Latitude 7490","intel_pstate","performance","no_turbo=0","2500000","6.8.0-139-generic","powercap, 1 package, domains: pkg core gpu/uncore dram"
2026-10-02T14:14:25Z,3F1E95B5A04D83A0,18.6,"user01","Intel(R) Core(TM) i5-8350U CPU @ 1.70GHz","1","0xec","Dell Inc.","1.24.1","01/24/2022","Latitude 7490","intel_pstate","performance","no_turbo=0","2500000","6.8.0-139-generic","powercap, 1 package, domains: pkg core gpu/uncore dram"
2026-10-02T14:15:03Z,C5076B581A2D618D,18.6,"user01","Intel(R) Core(TM) i5-8350U CPU @ 1.70GHz","1","0xec","Dell Inc.","1.24.1","01/24/2022","Latitude 7490","intel_pstate","performance","no_turbo=0","2500000","6.8.0-139-generic","powercap, 1 package, domains: pkg core gpu/uncore dram"
2026-10-02T14:15:20Z,0791B78F509C8011,18.6,"user01","Intel(R) Core(TM) i5-8350U CPU @ 1.70GHz","1","0xec","Dell Inc.","1.24.1","01/24/2022","Latitude 7490","intel_pstate","performance","no_turbo=0","2500000","6.8.0-139-generic","powercap, 1 package, domains: pkg core gpu/uncore dram"
2026-10-02T14:16:03Z,862C432713AB88F5,18.6,"user01","Intel(R) Core(TM) i5-8350U CPU @ 1.70GHz","1","0xec","Dell Inc.","1.24.1","01/24/2022","Latitude 7490","intel_pstate","performance","no_turbo=0","2500000","6.8.0-139-generic","powercap, 1 package, domains: pkg core gpu/uncore dram"
2026-10-02T14:16:16Z,20BEA9DA0422D8EA,18.6,"user01","Intel(R) Core(TM) i5-8350U CPU @ 1.70GHz","1","0xec","Dell Inc.","1.24.1","01/24/2022","Latitude 7490","intel_pstate","performance","no_turbo=0","2500000","6.8.0-139-generic","powercap, 1 package, domains: pkg core gpu/uncore dram"
2026-10-02T14:16:54Z,546CA476DB99CD30,18.6,"user01","Intel(R) Core(TM) i5-8350U CPU @ 1.70GHz","1","0xec","Dell Inc.","1.24.1","01/24/2022","Latitude 7490","intel_pstate","performance","no_turbo=0","2500000","6.8.0-139-generic","powercap, 1 package, domains: pkg core gpu/uncore dram"
2026-10-02T14:17:09Z,DAA5504A5A577CFA,18.6,"user01","Intel(R) Core(TM) i5-8350U CPU @ 1.70GHz","1","0xec","Dell Inc.","1.24.1","01/24/2022","Latitude 7490","intel_pstate","performance","no_turbo=0","2500000","6.8.0-139-generic","powercap, 1 package, domains: pkg core gpu/uncore dram"
2026-10-02T14:18:27Z,0F1CCE74FF755FC0,18.6,"user01","Intel(R) Core(TM) i5-8350U CPU @ 1.70GHz","1","0xec","Dell Inc.","1.24.1","01/24/2022","Latitude 7490","intel_pstate","performance","no_turbo=0","2500000","6.8.0-139-generic","powercap, 1 package, domains: pkg core gpu/uncore dram"
2026-10-02T14:19:40Z,2CF3EFBC2F281417,18.6,"user01","Intel(R) Core(TM) i5-8350U CPU @ 1.70GHz","1","0xec","Dell Inc.","1.24.1","01/24/2022","Latitude 7490","intel_pstate","performance","no_turbo=0","2500000","6.8.0-139-generic","powercap, 1 package, domains: pkg core gpu/uncore dram"
2026-10-02T14:20:36Z,388DADA8DDB777B2,18.6,"user01","Intel(R) Core(TM) i5-8350U CPU @ 1.70GHz","1","0xec","Dell Inc.","1.24.1","01/24/2022","Latitude 7490","intel_pstate","performance","no_turbo=0","2500000","6.8.0-139-generic","powercap, 1 package, domains: pkg core gpu/uncore dram"
2026-10-02T14:21:09Z,9C51967693BDAF60,18.6,"user01","Intel(R) Core(TM) i5-8350U CPU @ 1.70GHz","1","0xec","Dell Inc.","1.24.1","01/24/2022","Latitude 7490","intel_pstate","performance","no_turbo=0","2500000","6.8.0-139-generic","powercap, 1 package, domains: pkg core gpu/uncore dram"
2026-10-02T14:21:24Z,AFF443ED57D8F4D9,18.6,"user01","Intel(R) Core(TM) i5-8350U CPU @ 1.70GHz","1","0xec","Dell Inc.","1.24.1","01/24/2022","Latitude 7490","intel_pstate","performance","no_turbo=0","2500000","6.8.0-139-generic","powercap, 1 package, domains: pkg core gpu/uncore dram"
2026-10-02T14:21:35Z,386203093049B421,18.6,"user01","Intel(R) Core(TM) i5-8350U CPU @ 1.70GHz","1","0xec","Dell Inc.","1.24.1","01/24/2022","Latitude 7490","intel_pstate","performance","no_turbo=0","2500000","6.8.0-139-generic","powercap, 1 package, domains: pkg core gpu/uncore dram"
2026-10-02T14:22:57Z,11F46FDE09914D82,18.6,"user01","Intel(R) Core(TM) i5-8350U CPU @ 1.70GHz","1","0xec","Dell Inc.","1.24.1","01/24/2022","Latitude 7490","intel_pstate","performance","no_turbo=0","2500000","6.8.0-139-generic","powercap, 1 package, domains: pkg core gpu/uncore dram"
2026-10-02T14:24:11Z,BE4A229144D29E7D,18.6,"user01","Intel(R) Core(TM) i5-8350U CPU @ 1.70GHz","1","0xec","Dell Inc.","1.24.1","01/24/2022","Latitude 7490","intel_pstate","performance","no_turbo=0","2500000","6.8.0-139-generic","powercap, 1 package, domains: pkg core gpu/uncore dram"
2026-10-02T14:24:30Z,2CB41A2753280129,18.6,"user01","Intel(R) Core(TM) i5-8350U CPU @ 1.70GHz","1","0xec","Dell Inc.","1.24.1","01/24/2022","Latitude 7490","intel_pstate","performance","no_turbo=0","2500000","6.8.0-139-generic","powercap, 1 package, domains: pkg core gpu/uncore dram"
2026-10-02T14:25:45Z,DB5554D8330F81C5,18.6,"user01","Intel(R) Core(TM) i5-8350U CPU @ 1.70GHz","1","0xec","Dell Inc.","1.24.1","01/24/2022","Latitude 7490","intel_pstate","performance","no_turbo=0","2500000","6.8.0-139-generic","powercap, 1 package, domains: pkg core gpu/uncore dram"
2026-10-02T14:26:13Z,3C8B081DAA29C6EC,18.6,"user01","Intel(R) Core(TM) i5-8350U CPU @ 1.70GHz","1","0xec","Dell Inc.","1.24.1","01/24/2022","Latitude 7490","intel_pstate","performance","no_turbo=0","2500000","6.8.0-139-generic","powercap, 1 package, domains: pkg core gpu/uncore dram"
2026-10-02T14:27:07Z,C1F0C780ACDEB26B,18.6,"user01","Intel(R) Core(TM) i5-8350U CPU @ 1.70GHz","1","0xec","Dell Inc.","1.24.1","01/24/2022","Latitude 7490","intel_pstate","performance","no_turbo=0","2500000","6.8.0-139-generic","powercap, 1 package, domains: pkg core gpu/uncore dram"
2026-10-02T14:27:38Z,7E105E5C0C3D49F7,18.6,"user01","Intel(R) Core(TM) i5-8350U CPU @ 1.70GHz","1","0xec","Dell Inc.","1.24.1","01/24/2022","Latitude 7490","intel_pstate","performance","no_turbo=0","2500000","6.8.0-139-generic","powercap, 1 package, domains: pkg core gpu/uncore dram"
2026-10-02T14:28:44Z,96287C5B43B8E39D,18.6,"user01","Intel(R) Core(TM) i5-8350U CPU @ 1.70GHz","1","0xec","Dell Inc.","1.24.1","01/24/2022","Latitude 7490","intel_pstate","performance","no_turbo=0","2500000","6.8.0-139-generic","powercap, 1 package, domains: pkg core gpu/uncore dram"
2026-10-02T14:29:02Z,81DC061F7AB6D5BD,18.6,"user01","Intel(R) Core(TM) i5-8350U CPU @ 1.70GHz","1","0xec","Dell Inc.","1.24.1","01/24/2022","Latitude 7490","intel_pstate","performance","no_turbo=0","2500000","6.8.0-139-generic","powercap, 1 package, domains: pkg core gpu/uncore dram"
2026-10-02T14:30:38Z,6DF028BB65868C5F,18.6,"user01","Intel(R) Core(TM) i5-8350U CPU @ 1.70GHz","1","0xec","Dell Inc.","1.24.1","01/24/2022","Latitude 7490","intel_pstate","performance","no_turbo=0","2500000","6.8.0-139-generic","powercap, 1 package, domains: pkg core gpu/uncore dram"
2026-10-02T14:30:50Z,E4EFF8C01D8BEC30,18.6,"user01","Intel(R) Core(TM) i5-8350U CPU @ 1.70GHz","1","0xec","Dell Inc.","1.24.1","01/24/2022","Latitude 7490","intel_pstate","performance","no_turbo=0","2500000","6.8.0-139-generic","powercap, 1 package, domains: pkg core gpu/uncore dram"
2026-10-02T14:31:29Z,76BF5FEBF15C6336,18.6,"user01","Intel(R) Core(TM) i5-8350U CPU @ 1.70GHz","1","0xec","Dell Inc.","1.24.1","01/24/2022","Latitude 7490","intel_pstate","performance","no_turbo=0","2500000","6.8.0-139-generic","powercap, 1 package, domains: pkg core gpu/uncore dram"
2026-10-02T14:33:26Z,901092844B7BFBC2,18.6,"user01","Intel(R) Core(TM) i5-8350U CPU @ 1.70GHz","1","0xec","Dell Inc.","1.24.1","01/24/2022","Latitude 7490","intel_pstate","performance","no_turbo=0","2500000","6.8.0-139-generic","powercap, 1 package, domains: pkg core gpu/uncore dram"
2026-10-02T14:34:04Z,89B88AF5EDB8CCFE,18.6,"user01","Intel(R) Core(TM) i5-8350U CPU @ 1.70GHz","1","0xec","Dell Inc.","1.24.1","01/24/2022","Latitude 7490","intel_pstate","performance","no_turbo=0","2500000","6.8.0-139-generic","powercap, 1 package, domains: pkg core gpu/uncore dram"
2026-10-02T14:34:21Z,9DBA6E289141B608,18.6,"user01","Intel(R) Core(TM) i5-8350U CPU @ 1.70GHz","1","0xec","Dell Inc.","1.24.1","01/24/2022","Latitude 7490","intel_pstate","performance","no_turbo=0","2500000","6.8.0-139-generic","powercap, 1 package, domains: pkg core gpu/uncore dram"
2026-10-02T14:34:46Z,C98C80DCBDBC09BD,18.6,"user01","Intel(R) Core(TM) i5-8350U CPU @ 1.70GHz","1","0xec","Dell Inc.","1.24.1","01/24/2022","Latitude 7490","intel_pstate","performance","no_turbo=0","2500000","6.8.0-139-generic","powercap, 1 package, domains: pkg core gpu/uncore dram"
2026-10-02T14:35:48Z,3120D9815DC13A25,18.6,"user01","Intel(R) Core(TM) i5-8350U CPU @ 1.70GHz","1","0xec","Dell Inc.","1.24.1","01/24/2022","Latitude 7490","intel_pstate","performance","no_turbo=0","2500000","6.8.0-139-generic","powercap, 1 package, domains: pkg core gpu/uncore dram"
2026-10-02T14:36:02Z,ADF81DAD66EDD34B,18.6,"user01","Intel(R) Core(TM) i5-8350U CPU @ 1.70GHz","1","0xec","Dell Inc.","1.24.1","01/24/2022","Latitude 7490","intel_pstate","performance","no_turbo=0","2500000","6.8.0-139-generic","powercap, 1 package, domains: pkg core gpu/uncore dram"
2026-10-02T14:36:14Z,3D51DEF4EEA07F2F,18.6,"user01","Intel(R) Core(TM) i5-8350U CPU @ 1.70GHz","1","0xec","Dell Inc.","1.24.1","01/24/2022","Latitude 7490","intel_pstate","performance","no_turbo=0","2500000","6.8.0-139-generic","powercap, 1 package, domains: pkg core gpu/uncore dram"
2026-10-02T14:36:32Z,669FA125737993A4,18.6,"user01","Intel(R) Core(TM) i5-8350U CPU @ 1.70GHz","1","0xec","Dell Inc.","1.24.1","01/24/2022","Latitude 7490","intel_pstate","performance","no_turbo=0","2500000","6.8.0-139-generic","powercap, 1 package, domains: pkg core gpu/uncore dram"
2026-10-02T14:36:47Z,7D9EDAC3304985F4,18.6,"user01","Intel(R) Core(TM) i5-8350U CPU @ 1.70GHz","1","0xec","Dell Inc.","1.24.1","01/24/2022","Latitude 7490","intel_pstate","performance","no_turbo=0","2500000","6.8.0-139-generic","powercap, 1 package, domains: pkg core gpu/uncore dram"
2026-10-02T14:37:29Z,8FABE18AA8301013,18.6,"user01","Intel(R) Core(TM) i5-8350U CPU @ 1.70GHz","1","0xec","Dell Inc.","1.24.1","01/24/2022","Latitude 7490","intel_pstate","performance","no_turbo=0","2500000","6.8.0-139-generic","powercap, 1 package, domains: pkg core gpu/uncore dram"
2026-10-02T14:38:05Z,6FE9D9D827F1B5FD,18.6,"user01","Intel(R) Core(TM) i5-8350U CPU @ 1.70GHz","1","0xec","Dell Inc.","1.24.1","01/24/2022","Latitude 7490","intel_pstate","performance","no_turbo=0","2500000","6.8.0-139-generic","powercap, 1 package, domains: pkg core gpu/uncore dram"
2026-10-02T14:38:58Z,B7BA9BAFCFB14FC7,18.6,"user01","Intel(R) Core(TM) i5-8350U CPU @ 1.70GHz","1","0xec","Dell Inc.","1.24.1","01/24/2022","Latitude 7490","intel_pstate","performance","no_turbo=0","2500000","6.8.0-139-generic","powercap, 1 package, domains: pkg core gpu/uncore dram"
2026-10-02T14:39:20Z,2B1BDFBFB9988616,18.6,"user01","Intel(R) Core(TM) i5-8350U CPU @ 1.70GHz","1","0xec","Dell Inc.","1.24.1","01/24/2022","Latitude 7490","intel_pstate","performance","no_turbo=0","2500000","6.8.0-139-generic","powercap, 1 package, domains: pkg core gpu/uncore dram"
2026-10-02T14:39:46Z,35B03931AA7C0F4D,18.6,"user01","Intel(R) Core(TM) i5-8350U CPU @ 1.70GHz","1","0xec","Dell Inc.","1.24.1","01/24/2022","Latitude 7490","intel_pstate","performance","no_turbo=0","2500000","6.8.0-139-generic","powercap, 1 package, domains: pkg core gpu/uncore dram"
2026-10-02T14:39:58Z,9E7FE8B177DE0E6A,18.6,"user01","Intel(R) Core(TM) i5-8350U CPU @ 1.70GHz","1","0xec","Dell Inc.","1.24.1","01/24/2022","Latitude 7490","intel_pstate","performance","no_turbo=0","2500000","6.8.0-139-generic","powercap, 1 package, domains: pkg core gpu/uncore dram"
2026-10-02T14:40:27Z,9901D67B66F88445,18.6,"user01","Intel(R) Core(TM) i5-8350U CPU @ 1.70GHz","1","0xec","Dell Inc.","1.24.1","01/24/2022","Latitude 7490","intel_pstate","performance","no_turbo=0","2500000","6.8.0-139-generic","powercap, 1 package, domains: pkg core gpu/uncore dram"
2026-10-02T14:40:51Z,9B9CD0B8DBCBB69C,18.6,"user01","Intel(R) Core(TM) i5-8350U CPU @ 1.70GHz","1","0xec","Dell Inc.","1.24.1","01/24/2022","Latitude 7490","intel_pstate","performance","no_turbo=0","2500000","6.8.0-139-generic","powercap, 1 package, domains: pkg core gpu/uncore dram"
2026-10-02T14:41:02Z,8404B3D7648D9F12,18.6,"user01","Intel(R) Core(TM) i5-8350U CPU @ 1.70GHz","1","0xec","Dell Inc.","1.24.1","01/24/2022","Latitude 7490","intel_pstate","performance","no_turbo=0","2500000","6.8.0-139-generic","powercap, 1 package, domains: pkg core gpu/uncore dram"
2026-10-02T14:41:17Z,573E8F5866CB3246,18.6,"user01","Intel(R) Core(TM) i5-8350U CPU @ 1.70GHz","1","0xec","Dell Inc.","1.24.1","01/24/2022","Latitude 7490","intel_pstate","performance","no_turbo=0","2500000","6.8.0-139-generic","powercap, 1 package, domains: pkg core gpu/uncore dram"
2026-10-02T14:42:48Z,06207B8828F034DB,18.6,"user01","Intel(R) Core(TM) i5-8350U CPU @ 1.70GHz","1","0xec","Dell Inc.","1.24.1","01/24/2022","Latitude 7490","intel_pstate","performance","no_turbo=0","2500000","6.8.0-139-generic","powercap, 1 package, domains: pkg core gpu/uncore dram"
2026-10-02T14:43:09Z,5F696BB5E8ACFDE7,18.6,"user01","Intel(R) Core(TM) i5-8350U CPU @ 1.70GHz","1","0xec","Dell Inc.","1.24.1","01/24/2022","Latitude 7490","intel_pstate","performance","no_turbo=0","2500000","6.8.0-139-generic","powercap, 1 package, domains: pkg core gpu/uncore dram"
2026-10-02T14:43:22Z,D09067A63FC14E06,18.6,"user01","Intel(R) Core(TM) i5-8350U CPU @ 1.70GHz","1","0xec","Dell Inc.","1.24.1","01/24/2022","Latitude 7490","intel_pstate","performance","no_turbo=0","2500000","6.8.0-139-generic","powercap, 1 package, domains: pkg core gpu/uncore dram"
2026-10-02T14:44:41Z,FBC62B60193D071E,18.6,"user01","Intel(R) Core(TM) i5-8350U CPU @ 1.70GHz","1","0xec","Dell Inc.","1.24.1","01/24/2022","Latitude 7490","intel_pstate","performance","no_turbo=0","2500000","6.8.0-139-generic","powercap, 1 package, domains: pkg core gpu/uncore dram"
